{
"type": "FeatureCollection",
"name": "DE",
"crs": { "type": "name", "properties": { "name": "urn:ogc:def:crs:OGC:1.3:CRS84" } },
"features": [
{ "type": "Feature", "properties": { "NUTS_ID": "DE914", "name": "Gifhorn" }, "geometry": { "type": "Polygon", "coordinates": [ [ [ 10.759314669460762, 52.795830554568184 ], [ 11.008781586290812, 52.496747439397275 ], [ 10.934542287537234, 52.471795078719197 ], [ 10.89057106808192, 52.460119424361821 ], [ 10.810076884875286, 52.486745121093087 ], [ 10.674503907855154, 52.43805733802791 ], [ 10.670487720700631, 52.379333905023813 ], [ 10.609443634080284, 52.344196037427558 ], [ 10.424066888808117, 52.330227437474605 ], [ 10.291911498906519, 52.44790249834081 ], [ 10.273742362057295, 52.510639986798239 ], [ 10.393402717846008, 52.600046809406351 ], [ 10.380280275654693, 52.720697483328806 ], [ 10.444410089776582, 52.815763371915246 ], [ 10.759314669460762, 52.795830554568184 ] ] ] } },
{ "type": "Feature", "properties": { "NUTS_ID": "DE916", "name": "Goslar" }, "geometry": { "type": "Polygon", "coordinates": [ [ [ 10.204088923676611, 52.007234471180148 ], [ 10.286168935392066, 52.033828425433413 ], [ 10.46920530237597, 52.045730464758066 ], [ 10.561227170696183, 52.004065919800446 ], [ 10.628470166683005, 51.900316196761885 ], [ 10.588321104752961, 51.799258457560015 ], [ 10.701372107169034, 51.642187637627231 ], [ 10.677283104084806, 51.638375860559208 ], [ 10.509087681705461, 51.679003152070166 ], [ 10.449776239220277, 51.77099628938533 ], [ 10.153714379817425, 51.793543521893049 ], [ 10.06552621397196, 51.927359874443482 ], [ 10.204088923676611, 52.007234471180148 ] ] ] } },
{ "type": "Feature", "properties": { "NUTS_ID": "DE917", "name": "Helmstedt" }, "geometry": { "type": "Polygon", "coordinates": [ [ [ 10.934542287537234, 52.471795078719197 ], [ 11.046565222942144, 52.37427448379087 ], [ 11.026550609915555, 52.146493636270257 ], [ 10.964385542040205, 52.056682749169802 ], [ 10.810076885289869, 52.047985935979121 ], [ 10.843387421378294, 52.176453186684078 ], [ 10.642989537316319, 52.295424084032682 ], [ 10.609443634080284, 52.344196037427558 ], [ 10.670487720700631, 52.379333905023813 ], [ 10.810076884665255, 52.346296280173121 ], [ 10.87062464735461, 52.361564921656267 ], [ 10.89057106808192, 52.460119424361821 ], [ 10.934542287537234, 52.471795078719197 ] ] ] } },
{ "type": "Feature", "properties": { "NUTS_ID": "DE918", "name": "Northeim" }, "geometry": { "type": "Polygon", "coordinates": [ [ [ 10.06552621397196, 51.927359874443482 ], [ 10.153714379817425, 51.793543521893049 ], [ 10.114004563728471, 51.622926036015798 ], [ 9.749271138384106, 51.607934593972395 ], [ 9.647755419442788, 51.552510934529359 ], [ 9.608874173980865, 51.62479168122875 ], [ 9.440457243412732, 51.650394051447115 ], [ 9.417317676420401, 51.647269404464026 ], [ 9.684100627236942, 51.856138995081544 ], [ 9.894895942435541, 51.906158427273056 ], [ 10.06552621397196, 51.927359874443482 ] ] ] } },
{ "type": "Feature", "properties": { "NUTS_ID": "DE91A", "name": "Peine" }, "geometry": { "type": "Polygon", "coordinates": [ [ [ 10.291911498906519, 52.44790249834081 ], [ 10.424066888808117, 52.330227437474605 ], [ 10.430204010699411, 52.221531540133007 ], [ 10.257476091316828, 52.183022984826344 ], [ 10.034467521985292, 52.283765861294981 ], [ 10.291911498906519, 52.44790249834081 ] ] ] } },
{ "type": "Feature", "properties": { "NUTS_ID": "DE91B", "name": "Wolfenbüttel" }, "geometry": { "type": "MultiPolygon", "coordinates": [ [ [ [ 10.810076885289869, 52.047985935979121 ], [ 10.561227170696183, 52.004065919800446 ], [ 10.46920530237597, 52.045730464758066 ], [ 10.449894002376578, 52.12317009637141 ], [ 10.506503001426442, 52.186992432501718 ], [ 10.642989537316319, 52.295424084032682 ], [ 10.843387421378294, 52.176453186684078 ], [ 10.810076885289869, 52.047985935979121 ] ] ], [ [ [ 10.286168935392066, 52.033828425433413 ], [ 10.204088923676611, 52.007234471180148 ], [ 10.188447905631483, 52.122678983772126 ], [ 10.234004896143286, 52.170196025999587 ], [ 10.316501483334884, 52.064981862560003 ], [ 10.286168935392066, 52.033828425433413 ] ] ] ] } },
{ "type": "Feature", "properties": { "NUTS_ID": "DE91C", "name": "Göttingen" }, "geometry": { "type": "Polygon", "coordinates": [ [ [ 10.677283104084806, 51.638375860559208 ], [ 10.488551121061539, 51.574778474860956 ], [ 9.928338962902815, 51.375299091038457 ], [ 9.798823686226617, 51.384459042358351 ], [ 9.731606173312505, 51.295590929308446 ], [ 9.587293155428776, 51.369776455916011 ], [ 9.647755419442788, 51.552510934529359 ], [ 9.749271138384106, 51.607934593972395 ], [ 10.114004563728471, 51.622926036015798 ], [ 10.153714379817425, 51.793543521893049 ], [ 10.449776239220277, 51.77099628938533 ], [ 10.509087681705461, 51.679003152070166 ], [ 10.677283104084806, 51.638375860559208 ] ] ] } },
{ "type": "Feature", "properties": { "NUTS_ID": "DE922", "name": "Diepholz" }, "geometry": { "type": "Polygon", "coordinates": [ [ [ 8.915827207292942, 53.011021388330697 ], [ 8.946331223247217, 52.912692703563167 ], [ 9.115996872783576, 52.896952536472064 ], [ 9.007300494377438, 52.685238864665891 ], [ 8.873273342686186, 52.561129903474381 ], [ 8.702969761670628, 52.500311514225096 ], [ 8.297213501224391, 52.456497919804079 ], [ 8.308324050527045, 52.499112069152275 ], [ 8.313594299794381, 52.668318762262821 ], [ 8.447172087365729, 52.737480580134253 ], [ 8.459143384383905, 52.800807884384874 ], [ 8.653744173610288, 52.8784536348345 ], [ 8.657161099926144, 53.008994509660901 ], [ 8.711423787058042, 53.044629957151706 ], [ 8.915827207292942, 53.011021388330697 ] ] ] } },
{ "type": "Feature", "properties": { "NUTS_ID": "DE923", "name": "Hameln-Pyrmont" }, "geometry": { "type": "Polygon", "coordinates": [ [ [ 9.628812148328576, 52.131133134075938 ], [ 9.647810857129899, 51.964798901181062 ], [ 9.548593771432536, 52.027983262424797 ], [ 9.308862224095554, 51.922961943143342 ], [ 9.155604483790308, 52.097829903193023 ], [ 9.196894486797188, 52.185352609427667 ], [ 9.44830944253177, 52.274319906996062 ], [ 9.520349466711771, 52.168606703382856 ], [ 9.628812148328576, 52.131133134075938 ] ] ] } },
{ "type": "Feature", "properties": { "NUTS_ID": "DE925", "name": "Hildesheim" }, "geometry": { "type": "Polygon", "coordinates": [ [ [ 10.034467521985292, 52.283765861294981 ], [ 10.257476091316828, 52.183022984826344 ], [ 10.234004896143286, 52.170196025999587 ], [ 10.188447905631483, 52.122678983772126 ], [ 10.204088923676611, 52.007234471180148 ], [ 10.06552621397196, 51.927359874443482 ], [ 9.894895942435541, 51.906158427273056 ], [ 9.647810857129899, 51.964798901181062 ], [ 9.628812148328576, 52.131133134075938 ], [ 9.85836996546101, 52.264609367736753 ], [ 10.034467521985292, 52.283765861294981 ] ] ] } },
{ "type": "Feature", "properties": { "NUTS_ID": "DE926", "name": "Holzminden" }, "geometry": { "type": "Polygon", "coordinates": [ [ [ 9.894895942435541, 51.906158427273056 ], [ 9.684100627236942, 51.856138995081544 ], [ 9.417317676420401, 51.647269404464026 ], [ 9.427672421486831, 51.825242247110239 ], [ 9.323343494292518, 51.855061105735146 ], [ 9.308862224095554, 51.922961943143342 ], [ 9.548593771432536, 52.027983262424797 ], [ 9.647810857129899, 51.964798901181062 ], [ 9.894895942435541, 51.906158427273056 ] ] ] } },
{ "type": "Feature", "properties": { "NUTS_ID": "DE927", "name": "Nienburg (Weser)" }, "geometry": { "type": "Polygon", "coordinates": [ [ [ 9.534658668749239, 52.660066460316813 ], [ 9.269554907703476, 52.533381028448545 ], [ 9.272908517521028, 52.454740924434184 ], [ 9.125252500010033, 52.411993617328797 ], [ 9.070391631398593, 52.488216218116158 ], [ 8.923417172183701, 52.407734591315588 ], [ 8.738736281325997, 52.401023358429114 ], [ 8.702969761670628, 52.500311514225096 ], [ 8.873273342686186, 52.561129903474381 ], [ 9.007300494377438, 52.685238864665891 ], [ 9.115996872783576, 52.896952536472064 ], [ 9.325602463184692, 52.767712535786778 ], [ 9.534658668749239, 52.660066460316813 ] ] ] } },
{ "type": "Feature", "properties": { "NUTS_ID": "DE928", "name": "Schaumburg" }, "geometry": { "type": "Polygon", "coordinates": [ [ [ 9.44830944253177, 52.274319906996062 ], [ 9.196894486797188, 52.185352609427667 ], [ 9.155604483790308, 52.097829903193023 ], [ 8.985833748393189, 52.194598403270724 ], [ 8.995234124672194, 52.302539440487429 ], [ 9.125252500010033, 52.411993617328797 ], [ 9.272908517521028, 52.454740924434184 ], [ 9.400420306158631, 52.410699109603009 ], [ 9.44830944253177, 52.274319906996062 ] ] ] } },
{ "type": "Feature", "properties": { "NUTS_ID": "DE929", "name": "Region Hannover" }, "geometry": { "type": "Polygon", "coordinates": [ [ [ 9.734624062470457, 52.638302359217313 ], [ 10.273742362057295, 52.510639986798239 ], [ 10.291911498906519, 52.44790249834081 ], [ 10.034467521985292, 52.283765861294981 ], [ 9.85836996546101, 52.264609367736753 ], [ 9.628812148328576, 52.131133134075938 ], [ 9.520349466711771, 52.168606703382856 ], [ 9.44830944253177, 52.274319906996062 ], [ 9.400420306158631, 52.410699109603009 ], [ 9.272908517521028, 52.454740924434184 ], [ 9.269554907703476, 52.533381028448545 ], [ 9.534658668749239, 52.660066460316813 ], [ 9.734624062470457, 52.638302359217313 ] ] ] } },
{ "type": "Feature", "properties": { "NUTS_ID": "DE931", "name": "Celle" }, "geometry": { "type": "Polygon", "coordinates": [ [ [ 10.236851205954702, 52.936132622547099 ], [ 10.444410089776582, 52.815763371915246 ], [ 10.380280275654693, 52.720697483328806 ], [ 10.393402717846008, 52.600046809406351 ], [ 10.273742362057295, 52.510639986798239 ], [ 9.734624062470457, 52.638302359217313 ], [ 9.88229900001757, 52.883250884318429 ], [ 10.236851205954702, 52.936132622547099 ] ] ] } },
{ "type": "Feature", "properties": { "NUTS_ID": "DE932", "name": "Cuxhaven" }, "geometry": { "type": "Polygon", "coordinates": [ [ [ 9.029917344477468, 53.825564874894383 ], [ 9.274894381662989, 53.745597306334574 ], [ 9.261574491484607, 53.648865148467799 ], [ 9.148606326851519, 53.592395358079067 ], [ 8.993537999960887, 53.543475649391588 ], [ 8.910710442060184, 53.380000084559548 ], [ 8.61296946527605, 53.286405326758086 ], [ 8.525896836767522, 53.300253928008509 ], [ 8.499987748538089, 53.366847924341833 ], [ 8.492651969343534, 53.472420031584228 ], [ 8.609431966597533, 53.489626377351151 ], [ 8.645854189517467, 53.519257966508327 ], [ 8.608423353941703, 53.586231280392845 ], [ 8.520410541506163, 53.60620504496513 ], [ 8.517731730746959, 53.745597306540787 ], [ 8.651577135538547, 53.883315360158441 ], [ 9.029917344477468, 53.825564874894383 ] ] ] } },
{ "type": "Feature", "properties": { "NUTS_ID": "DE933", "name": "Harburg" }, "geometry": { "type": "Polygon", "coordinates": [ [ [ 10.307954020289039, 53.433201005592061 ], [ 10.469243958254467, 53.385815357252909 ], [ 10.291552687368215, 53.339170781486104 ], [ 10.208770844600124, 53.195030432481403 ], [ 10.075396652351273, 53.129005536251157 ], [ 9.682599867420315, 53.219482028275756 ], [ 9.562704237481553, 53.337588135382738 ], [ 9.754721624443347, 53.44143395668933 ], [ 9.76886119325402, 53.505279009500221 ], [ 9.92151235974649, 53.423494631260411 ], [ 10.307954020289039, 53.433201005592061 ] ] ] } },
{ "type": "Feature", "properties": { "NUTS_ID": "DE934", "name": "Lüchow-Dannenberg" }, "geometry": { "type": "Polygon", "coordinates": [ [ [ 11.265732116646721, 53.121977958916027 ], [ 11.597784478437307, 53.035926647455199 ], [ 11.505026933444398, 52.94103256941888 ], [ 10.810076884823173, 52.849140094423177 ], [ 10.855580537994955, 53.014893279610583 ], [ 10.754824702312407, 53.123337470794176 ], [ 10.921749962481311, 53.206948258573448 ], [ 11.171861319764782, 53.156644065402631 ], [ 11.265732116646721, 53.121977958916027 ] ] ] } },
{ "type": "Feature", "properties": { "NUTS_ID": "DE935", "name": "Lüneburg, Landkreis" }, "geometry": { "type": "Polygon", "coordinates": [ [ [ 10.595046769555481, 53.363927617466999 ], [ 10.810076885438194, 53.313691445059419 ], [ 10.970632808517371, 53.331123119230028 ], [ 11.171861319764782, 53.156644065402631 ], [ 10.921749962481311, 53.206948258573448 ], [ 10.754824702312407, 53.123337470794176 ], [ 10.498964114095209, 53.185510548387938 ], [ 10.211787295430662, 53.067733564816521 ], [ 10.113709100080634, 53.05834624117373 ], [ 10.075396652351273, 53.129005536251157 ], [ 10.208770844600124, 53.195030432481403 ], [ 10.291552687368215, 53.339170781486104 ], [ 10.469243958254467, 53.385815357252909 ], [ 10.595046769555481, 53.363927617466999 ] ] ] } },
{ "type": "Feature", "properties": { "NUTS_ID": "DE936", "name": "Osterholz" }, "geometry": { "type": "Polygon", "coordinates": [ [ [ 8.910710442060184, 53.380000084559548 ], [ 9.071452794668325, 53.151297432778144 ], [ 8.98418559770441, 53.126071050584045 ], [ 8.485330674682897, 53.227120038984204 ], [ 8.499987748538089, 53.366847924341833 ], [ 8.525896836767522, 53.300253928008509 ], [ 8.61296946527605, 53.286405326758086 ], [ 8.910710442060184, 53.380000084559548 ] ] ] } },
{ "type": "Feature", "properties": { "NUTS_ID": "DE937", "name": "Rotenburg (Wümme)" }, "geometry": { "type": "Polygon", "coordinates": [ [ [ 9.562704237481553, 53.337588135382738 ], [ 9.682599867420315, 53.219482028275756 ], [ 9.64861035029541, 52.972032580812844 ], [ 9.454722755357574, 52.917410854572431 ], [ 9.434779315704487, 52.978942278999966 ], [ 9.191045108903777, 53.057364145327 ], [ 9.152445743828819, 53.159400907476808 ], [ 9.071452794668325, 53.151297432778144 ], [ 8.910710442060184, 53.380000084559548 ], [ 8.993537999960887, 53.543475649391588 ], [ 9.148606326851519, 53.592395358079067 ], [ 9.39025959726991, 53.376754528770476 ], [ 9.562704237481553, 53.337588135382738 ] ] ] } },
{ "type": "Feature", "properties": { "NUTS_ID": "DE938", "name": "Heidekreis" }, "geometry": { "type": "Polygon", "coordinates": [ [ [ 10.075396652351273, 53.129005536251157 ], [ 10.113709100080634, 53.05834624117373 ], [ 10.211787295430662, 53.067733564816521 ], [ 10.236851205954702, 52.936132622547099 ], [ 9.88229900001757, 52.883250884318429 ], [ 9.734624062470457, 52.638302359217313 ], [ 9.534658668749239, 52.660066460316813 ], [ 9.325602463184692, 52.767712535786778 ], [ 9.454722755357574, 52.917410854572431 ], [ 9.64861035029541, 52.972032580812844 ], [ 9.682599867420315, 53.219482028275756 ], [ 10.075396652351273, 53.129005536251157 ] ] ] } },
{ "type": "Feature", "properties": { "NUTS_ID": "DE939", "name": "Stade" }, "geometry": { "type": "Polygon", "coordinates": [ [ [ 9.76538081348232, 53.546518489030092 ], [ 9.76886119325402, 53.505279009500221 ], [ 9.754721624443347, 53.44143395668933 ], [ 9.562704237481553, 53.337588135382738 ], [ 9.39025959726991, 53.376754528770476 ], [ 9.148606326851519, 53.592395358079067 ], [ 9.261574491484607, 53.648865148467799 ], [ 9.274894381662989, 53.745597306334574 ], [ 9.029917344477468, 53.825564874894383 ], [ 9.259451073245479, 53.854869764769767 ], [ 9.397542460293279, 53.745597306917929 ], [ 9.573364289288801, 53.599756604450171 ], [ 9.76538081348232, 53.546518489030092 ] ] ] } },
{ "type": "Feature", "properties": { "NUTS_ID": "DE93A", "name": "Uelzen" }, "geometry": { "type": "Polygon", "coordinates": [ [ [ 10.754824702312407, 53.123337470794176 ], [ 10.855580537994955, 53.014893279610583 ], [ 10.810076884823173, 52.849140094423177 ], [ 10.759314669460762, 52.795830554568184 ], [ 10.444410089776582, 52.815763371915246 ], [ 10.236851205954702, 52.936132622547099 ], [ 10.211787295430662, 53.067733564816521 ], [ 10.498964114095209, 53.185510548387938 ], [ 10.754824702312407, 53.123337470794176 ] ] ] } },
{ "type": "Feature", "properties": { "NUTS_ID": "DE93B", "name": "Verden" }, "geometry": { "type": "Polygon", "coordinates": [ [ [ 9.454722755357574, 52.917410854572431 ], [ 9.325602463184692, 52.767712535786778 ], [ 9.115996872783576, 52.896952536472064 ], [ 8.946331223247217, 52.912692703563167 ], [ 8.915827207292942, 53.011021388330697 ], [ 8.98418559770441, 53.126071050584045 ], [ 9.071452794668325, 53.151297432778144 ], [ 9.152445743828819, 53.159400907476808 ], [ 9.191045108903777, 53.057364145327 ], [ 9.434779315704487, 52.978942278999966 ], [ 9.454722755357574, 52.917410854572431 ] ] ] } },
{ "type": "Feature", "properties": { "NUTS_ID": "DE941", "name": "Delmenhorst, Kreisfreie Stadt" }, "geometry": { "type": "Polygon", "coordinates": [ [ [ 8.654898635347164, 53.108864371190762 ], [ 8.711423787058042, 53.044629957151706 ], [ 8.657161099926144, 53.008994509660901 ], [ 8.604082722484586, 53.046832100787206 ], [ 8.635673681686361, 53.099275607653048 ], [ 8.654898635347164, 53.108864371190762 ] ] ] } },
{ "type": "Feature", "properties": { "NUTS_ID": "DE942", "name": "Emden, Kreisfreie Stadt" }, "geometry": { "type": "Polygon", "coordinates": [ [ [ 6.99944656835906, 53.359887902574776 ], [ 7.221105432028495, 53.40275222530979 ], [ 7.307319896569201, 53.350159635967991 ], [ 7.302077282801113, 53.323638057560139 ], [ 7.0393533924728, 53.337860337658931 ], [ 6.99944656835906, 53.359887902574776 ] ] ] } },
{ "type": "Feature", "properties": { "NUTS_ID": "DE943", "name": "Oldenburg (Oldenburg), Kreisfreie Stadt" }, "geometry": { "type": "Polygon", "coordinates": [ [ [ 8.312264134232031, 53.153047471630288 ], [ 8.255016503742285, 53.09521848751654 ], [ 8.128091040307657, 53.107838102346427 ], [ 8.203421684439819, 53.189206524320795 ], [ 8.303905501882459, 53.189084547759848 ], [ 8.312264134232031, 53.153047471630288 ] ] ] } },
{ "type": "Feature", "properties": { "NUTS_ID": "DE944", "name": "Osnabrück, Kreisfreie Stadt" }, "geometry": { "type": "Polygon", "coordinates": [ [ [ 7.956464885978147, 52.272490558339157 ], [ 7.964625740081774, 52.324858419708789 ], [ 8.085978465554884, 52.31497108162926 ], [ 8.119447479067968, 52.264050862731267 ], [ 8.069121226533616, 52.224740664421262 ], [ 7.956464885978147, 52.272490558339157 ] ] ] } },
{ "type": "Feature", "properties": { "NUTS_ID": "DE945", "name": "Wilhelmshaven, Kreisfreie Stadt" }, "geometry": { "type": "Polygon", "coordinates": [ [ [ 8.062340917387047, 53.505667508564422 ], [ 8.016452038674146, 53.593192941542632 ], [ 8.091290784359963, 53.638108965943829 ], [ 8.14395903970621, 53.592489869771406 ], [ 8.161393819678823, 53.534286370657625 ], [ 8.133207911899877, 53.510116854345426 ], [ 8.062340917387047, 53.505667508564422 ] ] ] } },
{ "type": "Feature", "properties": { "NUTS_ID": "DE946", "name": "Ammerland" }, "geometry": { "type": "Polygon", "coordinates": [ [ [ 8.303905501882459, 53.189084547759848 ], [ 8.203421684439819, 53.189206524320795 ], [ 8.128091040307657, 53.107838102346427 ], [ 8.050830627846222, 53.05962412886889 ], [ 7.719022992480651, 53.178888993329416 ], [ 7.885607297669596, 53.351966548025352 ], [ 8.173923176020965, 53.354041077737087 ], [ 8.303905501882459, 53.189084547759848 ] ] ] } },
{ "type": "Feature", "properties": { "NUTS_ID": "DE947", "name": "Aurich" }, "geometry": { "type": "Polygon", "coordinates": [ [ [ 7.550173264621445, 53.675037569826081 ], [ 7.48183238416652, 53.571096166842189 ], [ 7.639533590413657, 53.53520049781649 ], [ 7.815484385554001, 53.375455390955381 ], [ 7.307319896569201, 53.350159635967991 ], [ 7.221105432028495, 53.40275222530979 ], [ 6.99944656835906, 53.359887902574776 ], [ 7.051488021276702, 53.499230138496593 ], [ 7.21096338627871, 53.646823999715565 ], [ 7.550173264621445, 53.675037569826081 ] ] ] } },
{ "type": "Feature", "properties": { "NUTS_ID": "DE948", "name": "Cloppenburg" }, "geometry": { "type": "Polygon", "coordinates": [ [ [ 7.719022992480651, 53.178888993329416 ], [ 8.050830627846222, 53.05962412886889 ], [ 8.142620307558916, 52.928840633244299 ], [ 8.258848497729948, 52.874195135390345 ], [ 8.197030003698863, 52.777660457368647 ], [ 8.018152251694548, 52.68391250257848 ], [ 7.689614951390302, 52.678919899939359 ], [ 7.660473420333004, 52.729846024369976 ], [ 7.80513523614168, 52.917599130974573 ], [ 7.611880070146963, 53.057707593881652 ], [ 7.647137224623701, 53.154722009569625 ], [ 7.719022992480651, 53.178888993329416 ] ] ] } },
{ "type": "Feature", "properties": { "NUTS_ID": "DE949", "name": "Emsland" }, "geometry": { "type": "Polygon", "coordinates": [ [ [ 7.611880070146963, 53.057707593881652 ], [ 7.80513523614168, 52.917599130974573 ], [ 7.660473420333004, 52.729846024369976 ], [ 7.689614951390302, 52.678919899939359 ], [ 7.619549236535661, 52.606564400692584 ], [ 7.608975825312204, 52.473990382048186 ], [ 7.540633789572663, 52.368413594154312 ], [ 7.317481009073852, 52.280271951301799 ], [ 7.23221521735131, 52.404031644498765 ], [ 7.249833471022042, 52.52431573853849 ], [ 7.006229335508773, 52.63876304270515 ], [ 7.092691935780805, 52.838200854747605 ], [ 7.194149484366672, 52.974282432134451 ], [ 7.202794541613294, 53.113281578867451 ], [ 7.611880070146963, 53.057707593881652 ] ] ] } },
{ "type": "Feature", "properties": { "NUTS_ID": "DE94A", "name": "Friesland (DE)" }, "geometry": { "type": "Polygon", "coordinates": [ [ [ 8.195554931486358, 53.409171516873819 ], [ 8.173923176020965, 53.354041077737087 ], [ 7.885607297669596, 53.351966548025352 ], [ 7.871523082282142, 53.375874902480568 ], [ 7.937380649150326, 53.474645533664187 ], [ 7.847578559531813, 53.53286570455117 ], [ 7.809895649692998, 53.707661934606115 ], [ 8.014333558395583, 53.699415398709064 ], [ 8.091290784359963, 53.638108965943829 ], [ 8.016452038674146, 53.593192941542632 ], [ 8.062340917387047, 53.505667508564422 ], [ 8.195554931486358, 53.409171516873819 ] ] ] } },
{ "type": "Feature", "properties": { "NUTS_ID": "DE94B", "name": "Grafschaft Bentheim" }, "geometry": { "type": "Polygon", "coordinates": [ [ [ 7.317481009073852, 52.280271951301799 ], [ 7.099149198447038, 52.243058406411706 ], [ 7.065685203546269, 52.241373034658061 ], [ 6.997369487592286, 52.444526701772276 ], [ 6.697774679340382, 52.486301260641653 ], [ 6.709741816491521, 52.627784127185762 ], [ 7.006229335508773, 52.63876304270515 ], [ 7.249833471022042, 52.52431573853849 ], [ 7.23221521735131, 52.404031644498765 ], [ 7.317481009073852, 52.280271951301799 ] ] ] } },
{ "type": "Feature", "properties": { "NUTS_ID": "DE94C", "name": "Leer" }, "geometry": { "type": "MultiPolygon", "coordinates": [ [ [ [ 7.647137224623701, 53.154722009569625 ], [ 7.611880070146963, 53.057707593881652 ], [ 7.202794541613294, 53.113281578867451 ], [ 7.208935201710104, 53.243064467250107 ], [ 7.302077282801113, 53.323638057560139 ], [ 7.307319896569201, 53.350159635967991 ], [ 7.815484385554001, 53.375455390955381 ], [ 7.871523082282142, 53.375874902480568 ], [ 7.885607297669596, 53.351966548025352 ], [ 7.719022992480651, 53.178888993329416 ], [ 7.647137224623701, 53.154722009569625 ] ] ], [ [ [ 6.784253560053459, 53.548802719086083 ], [ 6.688693859416988, 53.546187262000842 ], [ 6.619622502391286, 53.596539910973497 ], [ 6.729143234726392, 53.632492163633259 ], [ 6.784253560053459, 53.548802719086083 ] ] ] ] } },
{ "type": "Feature", "properties": { "NUTS_ID": "DE94D", "name": "Oldenburg, Landkreis" }, "geometry": { "type": "Polygon", "coordinates": [ [ [ 8.635673681686361, 53.099275607653048 ], [ 8.604082722484586, 53.046832100787206 ], [ 8.657161099926144, 53.008994509660901 ], [ 8.653744173610288, 52.8784536348345 ], [ 8.459143384383905, 52.800807884384874 ], [ 8.258848497729948, 52.874195135390345 ], [ 8.142620307558916, 52.928840633244299 ], [ 8.050830627846222, 53.05962412886889 ], [ 8.128091040307657, 53.107838102346427 ], [ 8.255016503742285, 53.09521848751654 ], [ 8.312264134232031, 53.153047471630288 ], [ 8.635673681686361, 53.099275607653048 ] ] ] } },
{ "type": "Feature", "properties": { "NUTS_ID": "DE94E", "name": "Osnabrück, Landkreis" }, "geometry": { "type": "Polygon", "coordinates": [ [ [ 8.018152251694548, 52.68391250257848 ], [ 8.085648236667478, 52.448824951317839 ], [ 8.308324050527045, 52.499112069152275 ], [ 8.297213501224391, 52.456497919804079 ], [ 8.466186630655878, 52.267613962561306 ], [ 8.410586442479403, 52.115114890132588 ], [ 8.096448004253435, 52.05714505047937 ], [ 7.885160597784274, 52.083395420810383 ], [ 7.988662482358312, 52.12431337250824 ], [ 7.923471632503752, 52.213652563195431 ], [ 7.956464885978147, 52.272490558339157 ], [ 8.069121226533616, 52.224740664421262 ], [ 8.119447479067968, 52.264050862731267 ], [ 8.085978465554884, 52.31497108162926 ], [ 7.964625740081774, 52.324858419708789 ], [ 7.608975825312204, 52.473990382048186 ], [ 7.619549236535661, 52.606564400692584 ], [ 7.689614951390302, 52.678919899939359 ], [ 8.018152251694548, 52.68391250257848 ] ] ] } },
{ "type": "Feature", "properties": { "NUTS_ID": "DE94F", "name": "Vechta" }, "geometry": { "type": "Polygon", "coordinates": [ [ [ 8.459143384383905, 52.800807884384874 ], [ 8.447172087365729, 52.737480580134253 ], [ 8.313594299794381, 52.668318762262821 ], [ 8.308324050527045, 52.499112069152275 ], [ 8.085648236667478, 52.448824951317839 ], [ 8.018152251694548, 52.68391250257848 ], [ 8.197030003698863, 52.777660457368647 ], [ 8.258848497729948, 52.874195135390345 ], [ 8.459143384383905, 52.800807884384874 ] ] ] } },
{ "type": "Feature", "properties": { "NUTS_ID": "DE94G", "name": "Wesermarsch" }, "geometry": { "type": "Polygon", "coordinates": [ [ [ 8.552684189357757, 53.516175465711939 ], [ 8.492651969343534, 53.472420031584228 ], [ 8.499987748538089, 53.366847924341833 ], [ 8.485330674682897, 53.227120038984204 ], [ 8.654898635347164, 53.108864371190762 ], [ 8.635673681686361, 53.099275607653048 ], [ 8.312264134232031, 53.153047471630288 ], [ 8.303905501882459, 53.189084547759848 ], [ 8.173923176020965, 53.354041077737087 ], [ 8.195554931486358, 53.409171516873819 ], [ 8.299814990997016, 53.465744593654769 ], [ 8.244924142131786, 53.545455955464909 ], [ 8.29038180954343, 53.59970148679993 ], [ 8.552684189357757, 53.516175465711939 ] ] ] } },
{ "type": "Feature", "properties": { "NUTS_ID": "DE94H", "name": "Wittmund" }, "geometry": { "type": "Polygon", "coordinates": [ [ [ 7.809895649692998, 53.707661934606115 ], [ 7.847578559531813, 53.53286570455117 ], [ 7.937380649150326, 53.474645533664187 ], [ 7.871523082282142, 53.375874902480568 ], [ 7.815484385554001, 53.375455390955381 ], [ 7.639533590413657, 53.53520049781649 ], [ 7.48183238416652, 53.571096166842189 ], [ 7.550173264621445, 53.675037569826081 ], [ 7.809895649692998, 53.707661934606115 ] ] ] } },
{ "type": "Feature", "properties": { "NUTS_ID": "DEA11", "name": "Düsseldorf, Kreisfreie Stadt" }, "geometry": { "type": "Polygon", "coordinates": [ [ [ 6.805203131614914, 51.348801902009797 ], [ 6.903887907915137, 51.203755138603171 ], [ 6.856049646385739, 51.126188603484813 ], [ 6.742052094456473, 51.204508984826418 ], [ 6.714855384695524, 51.333198541605285 ], [ 6.805203131614914, 51.348801902009797 ] ] ] } },
{ "type": "Feature", "properties": { "NUTS_ID": "DEA12", "name": "Duisburg, Kreisfreie Stadt" }, "geometry": { "type": "Polygon", "coordinates": [ [ [ 6.784019870935698, 51.533232532227345 ], [ 6.810042207006341, 51.455255470600505 ], [ 6.830459825654082, 51.352269911646019 ], [ 6.805203131614914, 51.348801902009797 ], [ 6.714855384695524, 51.333198541605285 ], [ 6.706166123911561, 51.336693628902275 ], [ 6.635738552521818, 51.392964925105609 ], [ 6.687627262207797, 51.517502243190783 ], [ 6.784019870935698, 51.533232532227345 ] ] ] } },
{ "type": "Feature", "properties": { "NUTS_ID": "DEA13", "name": "Essen, Kreisfreie Stadt" }, "geometry": { "type": "Polygon", "coordinates": [ [ [ 7.010206878384487, 51.532728603715277 ], [ 7.104200537633467, 51.481267415194182 ], [ 7.136029866209781, 51.426038066658059 ], [ 7.117674936896575, 51.38027262205572 ], [ 6.903743694050259, 51.367426504409934 ], [ 6.941287102630877, 51.435461432209621 ], [ 6.899921976929494, 51.471285466839561 ], [ 6.928360106105243, 51.498003090841337 ], [ 6.998651828476702, 51.533700417578252 ], [ 7.010206878384487, 51.532728603715277 ] ] ] } },
{ "type": "Feature", "properties": { "NUTS_ID": "DEA14", "name": "Krefeld, Kreisfreie Stadt" }, "geometry": { "type": "Polygon", "coordinates": [ [ [ 6.635738552521818, 51.392964925105609 ], [ 6.706166123911561, 51.336693628902275 ], [ 6.585504351348773, 51.286827936186256 ], [ 6.501838193294737, 51.34383987933051 ], [ 6.537035172544961, 51.406307029531362 ], [ 6.635738552521818, 51.392964925105609 ] ] ] } },
{ "type": "Feature", "properties": { "NUTS_ID": "DEA15", "name": "Mönchengladbach, Kreisfreie Stadt" }, "geometry": { "type": "Polygon", "coordinates": [ [ [ 6.52214336165501, 51.225727642388286 ], [ 6.443993446502506, 51.089785585243455 ], [ 6.291135257824453, 51.175551632525824 ], [ 6.38381287248741, 51.232925576481946 ], [ 6.52214336165501, 51.225727642388286 ] ] ] } },
{ "type": "Feature", "properties": { "NUTS_ID": "DEA16", "name": "Mülheim an der Ruhr, Kreisfreie Stadt" }, "geometry": { "type": "Polygon", "coordinates": [ [ [ 6.903743694050259, 51.367426504409934 ], [ 6.830459825654082, 51.352269911646019 ], [ 6.810042207006341, 51.455255470600505 ], [ 6.899921976929494, 51.471285466839561 ], [ 6.941287102630877, 51.435461432209621 ], [ 6.903743694050259, 51.367426504409934 ] ] ] } },
{ "type": "Feature", "properties": { "NUTS_ID": "DEA17", "name": "Oberhausen, Kreisfreie Stadt" }, "geometry": { "type": "Polygon", "coordinates": [ [ [ 6.8331518085653, 51.579648055969415 ], [ 6.928360106105243, 51.498003090841337 ], [ 6.899921976929494, 51.471285466839561 ], [ 6.810042207006341, 51.455255470600505 ], [ 6.784019870935698, 51.533232532227345 ], [ 6.8331518085653, 51.579648055969415 ] ] ] } },
{ "type": "Feature", "properties": { "NUTS_ID": "DEA18", "name": "Remscheid, Kreisfreie Stadt" }, "geometry": { "type": "Polygon", "coordinates": [ [ [ 7.268179263291051, 51.145657411104452 ], [ 7.166349886358181, 51.153940854533637 ], [ 7.13608380522083, 51.166375132598596 ], [ 7.198964824486803, 51.214540130469722 ], [ 7.295806300874176, 51.20539206221094 ], [ 7.268179263291051, 51.145657411104452 ] ] ] } },
{ "type": "Feature", "properties": { "NUTS_ID": "DEA19", "name": "Solingen, Kreisfreie Stadt" }, "geometry": { "type": "Polygon", "coordinates": [ [ [ 7.046947202798024, 51.207460381385523 ], [ 7.13608380522083, 51.166375132598596 ], [ 7.166349886358181, 51.153940854533637 ], [ 6.997723868313307, 51.117976048030215 ], [ 7.046947202798024, 51.207460381385523 ] ] ] } },
{ "type": "Feature", "properties": { "NUTS_ID": "DEA1A", "name": "Wuppertal, Kreisfreie Stadt" }, "geometry": { "type": "Polygon", "coordinates": [ [ [ 7.295806300874176, 51.20539206221094 ], [ 7.198964824486803, 51.214540130469722 ], [ 7.13608380522083, 51.166375132598596 ], [ 7.046947202798024, 51.207460381385523 ], [ 7.043589551316668, 51.259563679482667 ], [ 7.167287833971163, 51.312902358111984 ], [ 7.306693599397518, 51.238875508338879 ], [ 7.295806300874176, 51.20539206221094 ] ] ] } },
{ "type": "Feature", "properties": { "NUTS_ID": "DEA1B", "name": "Kleve" }, "geometry": { "type": "Polygon", "coordinates": [ [ [ 6.490212147441861, 51.811376939113202 ], [ 6.502772665496715, 51.745683771187579 ], [ 6.348539004371611, 51.626044268686307 ], [ 6.516643525862198, 51.424997622885193 ], [ 6.224405043705392, 51.364979023243514 ], [ 6.192230454914018, 51.522391427839416 ], [ 5.953191999735481, 51.747846099075595 ], [ 5.990897524879339, 51.824310183885089 ], [ 6.167766021143598, 51.900804652321867 ], [ 6.407779531583725, 51.828092120121056 ], [ 6.490212147441861, 51.811376939113202 ] ] ] } },
{ "type": "Feature", "properties": { "NUTS_ID": "DEA1C", "name": "Mettmann" }, "geometry": { "type": "Polygon", "coordinates": [ [ [ 7.117674936896575, 51.38027262205572 ], [ 7.167287833971163, 51.312902358111984 ], [ 7.043589551316668, 51.259563679482667 ], [ 7.046947202798024, 51.207460381385523 ], [ 6.997723868313307, 51.117976048030215 ], [ 6.990593360622304, 51.091598104355342 ], [ 6.898045080793074, 51.064885589030915 ], [ 6.853487517533102, 51.084255990198841 ], [ 6.856049646385739, 51.126188603484813 ], [ 6.903887907915137, 51.203755138603171 ], [ 6.805203131614914, 51.348801902009797 ], [ 6.830459825654082, 51.352269911646019 ], [ 6.903743694050259, 51.367426504409934 ], [ 7.117674936896575, 51.38027262205572 ] ] ] } },
{ "type": "Feature", "properties": { "NUTS_ID": "DEA1D", "name": "Rhein-Kreis Neuss" }, "geometry": { "type": "Polygon", "coordinates": [ [ [ 6.585504351348773, 51.286827936186256 ], [ 6.706166123911561, 51.336693628902275 ], [ 6.714855384695524, 51.333198541605285 ], [ 6.742052094456473, 51.204508984826418 ], [ 6.856049646385739, 51.126188603484813 ], [ 6.853487517533102, 51.084255990198841 ], [ 6.773632513285935, 51.064389988451076 ], [ 6.480495537441096, 51.034179101013919 ], [ 6.459210891601607, 51.04307289054622 ], [ 6.443993446502506, 51.089785585243455 ], [ 6.52214336165501, 51.225727642388286 ], [ 6.585504351348773, 51.286827936186256 ] ] ] } },
{ "type": "Feature", "properties": { "NUTS_ID": "DEA1E", "name": "Viersen" }, "geometry": { "type": "Polygon", "coordinates": [ [ [ 6.224405043705392, 51.364979023243514 ], [ 6.516643525862198, 51.424997622885193 ], [ 6.537035172544961, 51.406307029531362 ], [ 6.501838193294737, 51.34383987933051 ], [ 6.585504351348773, 51.286827936186256 ], [ 6.52214336165501, 51.225727642388286 ], [ 6.38381287248741, 51.232925576481946 ], [ 6.291135257824453, 51.175551632525824 ], [ 6.174812124024052, 51.184513429325193 ], [ 6.072657111116431, 51.242587578273977 ], [ 6.224405043705392, 51.364979023243514 ] ] ] } },
{ "type": "Feature", "properties": { "NUTS_ID": "DEA1F", "name": "Wesel" }, "geometry": { "type": "Polygon", "coordinates": [ [ [ 6.910861716451382, 51.746098381036944 ], [ 6.902275839092579, 51.635684363536193 ], [ 6.8331518085653, 51.579648055969415 ], [ 6.784019870935698, 51.533232532227345 ], [ 6.687627262207797, 51.517502243190783 ], [ 6.635738552521818, 51.392964925105609 ], [ 6.537035172544961, 51.406307029531362 ], [ 6.516643525862198, 51.424997622885193 ], [ 6.348539004371611, 51.626044268686307 ], [ 6.502772665496715, 51.745683771187579 ], [ 6.490212147441861, 51.811376939113202 ], [ 6.910861716451382, 51.746098381036944 ] ] ] } },
{ "type": "Feature", "properties": { "NUTS_ID": "DEA22", "name": "Bonn, Kreisfreie Stadt" }, "geometry": { "type": "Polygon", "coordinates": [ [ [ 6.99717936427778, 50.703649197909691 ], [ 7.086002047123439, 50.784677888021349 ], [ 7.214792459002513, 50.73029064776614 ], [ 7.10790997049247, 50.626059076493668 ], [ 6.99717936427778, 50.703649197909691 ] ] ] } },
{ "type": "Feature", "properties": { "NUTS_ID": "DEA23", "name": "Köln, Kreisfreie Stadt" }, "geometry": { "type": "Polygon", "coordinates": [ [ [ 6.853487517533102, 51.084255990198841 ], [ 6.898045080793074, 51.064885589030915 ], [ 7.067906214650229, 51.018739991457956 ], [ 7.161282064706657, 50.867294404657528 ], [ 6.980936682117042, 50.840915858907799 ], [ 6.836464809517452, 50.941792965011622 ], [ 6.773632513285935, 51.064389988451076 ], [ 6.853487517533102, 51.084255990198841 ] ] ] } },
{ "type": "Feature", "properties": { "NUTS_ID": "DEA24", "name": "Leverkusen, Kreisfreie Stadt" }, "geometry": { "type": "Polygon", "coordinates": [ [ [ 6.990593360622304, 51.091598104355342 ], [ 7.085083675840981, 51.077651610275446 ], [ 7.067906214650229, 51.018739991457956 ], [ 6.898045080793074, 51.064885589030915 ], [ 6.990593360622304, 51.091598104355342 ] ] ] } },
{ "type": "Feature", "properties": { "NUTS_ID": "DEA26", "name": "Düren" }, "geometry": { "type": "Polygon", "coordinates": [ [ [ 6.459210891601607, 51.04307289054622 ], [ 6.480495537441096, 51.034179101013919 ], [ 6.559932773731387, 50.866968525343765 ], [ 6.689465988003504, 50.817929394442061 ], [ 6.693822458276724, 50.753829628829777 ], [ 6.538998731600425, 50.610819238812489 ], [ 6.416906303709807, 50.609295416362272 ], [ 6.325493290436153, 50.689311523468149 ], [ 6.323010929904109, 50.846571682315016 ], [ 6.19449406551296, 50.950133125788419 ], [ 6.459210891601607, 51.04307289054622 ] ] ] } },
{ "type": "Feature", "properties": { "NUTS_ID": "DEA27", "name": "Rhein-Erft-Kreis" }, "geometry": { "type": "Polygon", "coordinates": [ [ [ 6.773632513285935, 51.064389988451076 ], [ 6.836464809517452, 50.941792965011622 ], [ 6.980936682117042, 50.840915858907799 ], [ 6.863879869370761, 50.784844071193653 ], [ 6.693822458276724, 50.753829628829777 ], [ 6.689465988003504, 50.817929394442061 ], [ 6.559932773731387, 50.866968525343765 ], [ 6.480495537441096, 51.034179101013919 ], [ 6.773632513285935, 51.064389988451076 ] ] ] } },
{ "type": "Feature", "properties": { "NUTS_ID": "DEA28", "name": "Euskirchen" }, "geometry": { "type": "Polygon", "coordinates": [ [ [ 6.416906303709807, 50.609295416362272 ], [ 6.538998731600425, 50.610819238812489 ], [ 6.693822458276724, 50.753829628829777 ], [ 6.863879869370761, 50.784844071193653 ], [ 6.927901119875089, 50.558618375645921 ], [ 6.893097397788205, 50.486938094898782 ], [ 6.770958113340175, 50.454946867805845 ], [ 6.80071166347653, 50.361781520270242 ], [ 6.425294902222617, 50.323011984770019 ], [ 6.405028614468013, 50.323308534883601 ], [ 6.315555889448737, 50.497042609453501 ], [ 6.416906303709807, 50.609295416362272 ] ] ] } },
{ "type": "Feature", "properties": { "NUTS_ID": "DEA29", "name": "Heinsberg" }, "geometry": { "type": "Polygon", "coordinates": [ [ [ 6.174812124024052, 51.184513429325193 ], [ 6.291135257824453, 51.175551632525824 ], [ 6.443993446502506, 51.089785585243455 ], [ 6.459210891601607, 51.04307289054622 ], [ 6.19449406551296, 50.950133125788419 ], [ 6.086947595856187, 50.913134963047959 ], [ 5.877055681567017, 51.032059737084921 ], [ 6.174812124024052, 51.184513429325193 ] ] ] } },
{ "type": "Feature", "properties": { "NUTS_ID": "DEA2A", "name": "Oberbergischer Kreis" }, "geometry": { "type": "Polygon", "coordinates": [ [ [ 7.715380075071384, 51.072780897466593 ], [ 7.785898043789159, 50.939913885163577 ], [ 7.661003515659605, 50.820364355540796 ], [ 7.52260401649268, 50.847840514015118 ], [ 7.398479732654892, 50.949752087794948 ], [ 7.308357261458413, 50.985461273041679 ], [ 7.268179263291051, 51.145657411104452 ], [ 7.295806300874176, 51.20539206221094 ], [ 7.306693599397518, 51.238875508338879 ], [ 7.43334315978765, 51.214409063996222 ], [ 7.508316959583591, 51.115823915773014 ], [ 7.715380075071384, 51.072780897466593 ] ] ] } },
{ "type": "Feature", "properties": { "NUTS_ID": "DEA2B", "name": "Rheinisch-Bergischer Kreis" }, "geometry": { "type": "Polygon", "coordinates": [ [ [ 7.398479732654892, 50.949752087794948 ], [ 7.161282064706657, 50.867294404657528 ], [ 7.067906214650229, 51.018739991457956 ], [ 7.085083675840981, 51.077651610275446 ], [ 6.990593360622304, 51.091598104355342 ], [ 6.997723868313307, 51.117976048030215 ], [ 7.166349886358181, 51.153940854533637 ], [ 7.268179263291051, 51.145657411104452 ], [ 7.308357261458413, 50.985461273041679 ], [ 7.398479732654892, 50.949752087794948 ] ] ] } },
{ "type": "Feature", "properties": { "NUTS_ID": "DEA2C", "name": "Rhein-Sieg-Kreis" }, "geometry": { "type": "Polygon", "coordinates": [ [ [ 6.863879869370761, 50.784844071193653 ], [ 6.980936682117042, 50.840915858907799 ], [ 7.161282064706657, 50.867294404657528 ], [ 7.398479732654892, 50.949752087794948 ], [ 7.52260401649268, 50.847840514015118 ], [ 7.661003515659605, 50.820364355540796 ], [ 7.43915164947514, 50.711089045618152 ], [ 7.212399277259697, 50.623405063897721 ], [ 6.927901119875089, 50.558618375645921 ], [ 6.863879869370761, 50.784844071193653 ] ], [ [ 6.99717936427778, 50.703649197909691 ], [ 7.10790997049247, 50.626059076493668 ], [ 7.214792459002513, 50.73029064776614 ], [ 7.086002047123439, 50.784677888021349 ], [ 6.99717936427778, 50.703649197909691 ] ] ] } },
{ "type": "Feature", "properties": { "NUTS_ID": "DEA2D", "name": "Städteregion Aachen" }, "geometry": { "type": "Polygon", "coordinates": [ [ [ 6.086947595856187, 50.913134963047959 ], [ 6.19449406551296, 50.950133125788419 ], [ 6.323010929904109, 50.846571682315016 ], [ 6.325493290436153, 50.689311523468149 ], [ 6.416906303709807, 50.609295416362272 ], [ 6.315555889448737, 50.497042609453501 ], [ 6.192200636658699, 50.521055481724687 ], [ 6.189312372615754, 50.566094054944024 ], [ 6.194050729680329, 50.637636227792903 ], [ 6.020999005664916, 50.754295369911581 ], [ 6.086947595856187, 50.913134963047959 ] ] ] } },
{ "type": "Feature", "properties": { "NUTS_ID": "DEA31", "name": "Bottrop, Kreisfreie Stadt" }, "geometry": { "type": "Polygon", "coordinates": [ [ [ 6.998651828476702, 51.533700417578252 ], [ 6.928360106105243, 51.498003090841337 ], [ 6.8331518085653, 51.579648055969415 ], [ 6.902275839092579, 51.635684363536193 ], [ 6.998651828476702, 51.533700417578252 ] ] ] } },
{ "type": "Feature", "properties": { "NUTS_ID": "DEA32", "name": "Gelsenkirchen, Kreisfreie Stadt" }, "geometry": { "type": "Polygon", "coordinates": [ [ [ 7.145057248833181, 51.552240444211101 ], [ 7.13941656963685, 51.505533634410803 ], [ 7.104200537633467, 51.481267415194182 ], [ 7.010206878384487, 51.532728603715277 ], [ 7.028999871050129, 51.616319971362827 ], [ 7.145057248833181, 51.552240444211101 ] ] ] } },
{ "type": "Feature", "properties": { "NUTS_ID": "DEA33", "name": "Münster, Kreisfreie Stadt" }, "geometry": { "type": "Polygon", "coordinates": [ [ [ 7.704122692004181, 52.034416504929915 ], [ 7.750013256593223, 51.919657656321291 ], [ 7.61322756018335, 51.840613559525849 ], [ 7.524256872652439, 51.900465394672061 ], [ 7.512389570888909, 51.999670896532393 ], [ 7.704122692004181, 52.034416504929915 ] ] ] } },
{ "type": "Feature", "properties": { "NUTS_ID": "DEA34", "name": "Borken" }, "geometry": { "type": "Polygon", "coordinates": [ [ [ 7.267710289648291, 52.058393060425978 ], [ 7.080778949589902, 51.96469346071369 ], [ 7.077996047083963, 51.884739657582905 ], [ 7.172540947662499, 51.821496380159239 ], [ 6.910861716451382, 51.746098381036944 ], [ 6.490212147441861, 51.811376939113202 ], [ 6.407779531583725, 51.828092120121056 ], [ 6.7775683928871, 51.936839425282443 ], [ 6.760464770400778, 52.118569367606121 ], [ 7.065685203546269, 52.241373034658061 ], [ 7.099149198447038, 52.243058406411706 ], [ 7.267710289648291, 52.058393060425978 ] ] ] } },
{ "type": "Feature", "properties": { "NUTS_ID": "DEA35", "name": "Coesfeld" }, "geometry": { "type": "Polygon", "coordinates": [ [ [ 7.512389570888909, 51.999670896532393 ], [ 7.524256872652439, 51.900465394672061 ], [ 7.61322756018335, 51.840613559525849 ], [ 7.735788203701001, 51.737370529067896 ], [ 7.70188969329335, 51.712379117157987 ], [ 7.473300672455362, 51.717100191601318 ], [ 7.409549825698043, 51.66458100908406 ], [ 7.172540947662499, 51.821496380159239 ], [ 7.077996047083963, 51.884739657582905 ], [ 7.080778949589902, 51.96469346071369 ], [ 7.267710289648291, 52.058393060425978 ], [ 7.512389570888909, 51.999670896532393 ] ] ] } },
{ "type": "Feature", "properties": { "NUTS_ID": "DEA36", "name": "Recklinghausen" }, "geometry": { "type": "Polygon", "coordinates": [ [ [ 7.409549825698043, 51.66458100908406 ], [ 7.417933930269217, 51.599520119953873 ], [ 7.314603234735624, 51.522320068854718 ], [ 7.293586787365547, 51.532262571980816 ], [ 7.235148551323261, 51.567090802155384 ], [ 7.145057248833181, 51.552240444211101 ], [ 7.028999871050129, 51.616319971362827 ], [ 7.010206878384487, 51.532728603715277 ], [ 6.998651828476702, 51.533700417578252 ], [ 6.902275839092579, 51.635684363536193 ], [ 6.910861716451382, 51.746098381036944 ], [ 7.172540947662499, 51.821496380159239 ], [ 7.409549825698043, 51.66458100908406 ] ] ] } },
{ "type": "Feature", "properties": { "NUTS_ID": "DEA37", "name": "Steinfurt" }, "geometry": { "type": "Polygon", "coordinates": [ [ [ 7.608975825312204, 52.473990382048186 ], [ 7.964625740081774, 52.324858419708789 ], [ 7.956464885978147, 52.272490558339157 ], [ 7.923471632503752, 52.213652563195431 ], [ 7.988662482358312, 52.12431337250824 ], [ 7.885160597784274, 52.083395420810383 ], [ 7.704122692004181, 52.034416504929915 ], [ 7.512389570888909, 51.999670896532393 ], [ 7.267710289648291, 52.058393060425978 ], [ 7.099149198447038, 52.243058406411706 ], [ 7.317481009073852, 52.280271951301799 ], [ 7.540633789572663, 52.368413594154312 ], [ 7.608975825312204, 52.473990382048186 ] ] ] } },
{ "type": "Feature", "properties": { "NUTS_ID": "DEA38", "name": "Warendorf" }, "geometry": { "type": "Polygon", "coordinates": [ [ [ 8.096448004253435, 52.05714505047937 ], [ 8.320135811688319, 51.725704887303031 ], [ 8.236560127551131, 51.670115004162284 ], [ 7.944527264440572, 51.700581971862505 ], [ 7.735788203701001, 51.737370529067896 ], [ 7.61322756018335, 51.840613559525849 ], [ 7.750013256593223, 51.919657656321291 ], [ 7.704122692004181, 52.034416504929915 ], [ 7.885160597784274, 52.083395420810383 ], [ 8.096448004253435, 52.05714505047937 ] ] ] } },
{ "type": "Feature", "properties": { "NUTS_ID": "DEA41", "name": "Bielefeld, Kreisfreie Stadt" }, "geometry": { "type": "Polygon", "coordinates": [ [ [ 8.654279329476481, 52.06014893703162 ], [ 8.606338558414233, 51.927372501792398 ], [ 8.459565499793651, 51.949654097202611 ], [ 8.47153863069285, 52.100749139622316 ], [ 8.654279329476481, 52.06014893703162 ] ] ] } },
{ "type": "Feature", "properties": { "NUTS_ID": "DEA42", "name": "Gütersloh" }, "geometry": { "type": "Polygon", "coordinates": [ [ [ 8.410586442479403, 52.115114890132588 ], [ 8.47153863069285, 52.100749139622316 ], [ 8.459565499793651, 51.949654097202611 ], [ 8.606338558414233, 51.927372501792398 ], [ 8.748386860742805, 51.858672961614566 ], [ 8.549837922711303, 51.834870657287475 ], [ 8.40310782359165, 51.719354998315062 ], [ 8.320135811688319, 51.725704887303031 ], [ 8.096448004253435, 52.05714505047937 ], [ 8.410586442479403, 52.115114890132588 ] ] ] } },
{ "type": "Feature", "properties": { "NUTS_ID": "DEA43", "name": "Herford" }, "geometry": { "type": "Polygon", "coordinates": [ [ [ 8.466186630655878, 52.267613962561306 ], [ 8.927116055397819, 52.18442701407966 ], [ 8.654279329476481, 52.06014893703162 ], [ 8.47153863069285, 52.100749139622316 ], [ 8.410586442479403, 52.115114890132588 ], [ 8.466186630655878, 52.267613962561306 ] ] ] } },
{ "type": "Feature", "properties": { "NUTS_ID": "DEA44", "name": "Höxter" }, "geometry": { "type": "Polygon", "coordinates": [ [ [ 9.323343494292518, 51.855061105735146 ], [ 9.427672421486831, 51.825242247110239 ], [ 9.417317676420401, 51.647269404464026 ], [ 9.440457243412732, 51.650394051447115 ], [ 9.155410701582074, 51.442675088921931 ], [ 8.970815081260376, 51.506655553961785 ], [ 8.90539489839106, 51.531496407241001 ], [ 8.977143485485168, 51.590508478484395 ], [ 8.959261528784394, 51.789742010050318 ], [ 9.095415370558818, 51.892773582723422 ], [ 9.323343494292518, 51.855061105735146 ] ] ] } },
{ "type": "Feature", "properties": { "NUTS_ID": "DEA45", "name": "Lippe" }, "geometry": { "type": "Polygon", "coordinates": [ [ [ 8.985833748393189, 52.194598403270724 ], [ 9.155604483790308, 52.097829903193023 ], [ 9.308862224095554, 51.922961943143342 ], [ 9.323343494292518, 51.855061105735146 ], [ 9.095415370558818, 51.892773582723422 ], [ 8.959261528784394, 51.789742010050318 ], [ 8.748386860742805, 51.858672961614566 ], [ 8.606338558414233, 51.927372501792398 ], [ 8.654279329476481, 52.06014893703162 ], [ 8.927116055397819, 52.18442701407966 ], [ 8.985833748393189, 52.194598403270724 ] ] ] } },
{ "type": "Feature", "properties": { "NUTS_ID": "DEA46", "name": "Minden-Lübbecke" }, "geometry": { "type": "Polygon", "coordinates": [ [ [ 8.702969761670628, 52.500311514225096 ], [ 8.738736281325997, 52.401023358429114 ], [ 8.923417172183701, 52.407734591315588 ], [ 9.070391631398593, 52.488216218116158 ], [ 9.125252500010033, 52.411993617328797 ], [ 8.995234124672194, 52.302539440487429 ], [ 8.985833748393189, 52.194598403270724 ], [ 8.927116055397819, 52.18442701407966 ], [ 8.466186630655878, 52.267613962561306 ], [ 8.297213501224391, 52.456497919804079 ], [ 8.702969761670628, 52.500311514225096 ] ] ] } },
{ "type": "Feature", "properties": { "NUTS_ID": "DEA47", "name": "Paderborn" }, "geometry": { "type": "Polygon", "coordinates": [ [ [ 8.748386860742805, 51.858672961614566 ], [ 8.959261528784394, 51.789742010050318 ], [ 8.977143485485168, 51.590508478484395 ], [ 8.90539489839106, 51.531496407241001 ], [ 8.767753903338022, 51.46088002463128 ], [ 8.547931017535026, 51.467812473546104 ], [ 8.495787929940159, 51.560564911509182 ], [ 8.564211723920664, 51.645114623596925 ], [ 8.40310782359165, 51.719354998315062 ], [ 8.549837922711303, 51.834870657287475 ], [ 8.748386860742805, 51.858672961614566 ] ] ] } },
{ "type": "Feature", "properties": { "NUTS_ID": "DEA51", "name": "Bochum, Kreisfreie Stadt" }, "geometry": { "type": "Polygon", "coordinates": [ [ [ 7.314603234735624, 51.522320068854718 ], [ 7.348194088602659, 51.482669545888392 ], [ 7.248422359508189, 51.420793062666874 ], [ 7.136029866209781, 51.426038066658059 ], [ 7.104200537633467, 51.481267415194182 ], [ 7.13941656963685, 51.505533634410803 ], [ 7.293586787365547, 51.532262571980816 ], [ 7.314603234735624, 51.522320068854718 ] ] ] } },
{ "type": "Feature", "properties": { "NUTS_ID": "DEA52", "name": "Dortmund, Kreisfreie Stadt" }, "geometry": { "type": "Polygon", "coordinates": [ [ [ 7.508452983293211, 51.417940918514148 ], [ 7.465332309326109, 51.416073004073837 ], [ 7.348194088602659, 51.482669545888392 ], [ 7.314603234735624, 51.522320068854718 ], [ 7.417933930269217, 51.599520119953873 ], [ 7.591666315903585, 51.549761038570495 ], [ 7.508452983293211, 51.417940918514148 ] ] ] } },
{ "type": "Feature", "properties": { "NUTS_ID": "DEA53", "name": "Hagen, Kreisfreie Stadt" }, "geometry": { "type": "Polygon", "coordinates": [ [ [ 7.587816537652951, 51.390390407162151 ], [ 7.517253119948947, 51.264869023518756 ], [ 7.409438794252946, 51.335985304301524 ], [ 7.465332309326109, 51.416073004073837 ], [ 7.508452983293211, 51.417940918514148 ], [ 7.587816537652951, 51.390390407162151 ] ] ] } },
{ "type": "Feature", "properties": { "NUTS_ID": "DEA54", "name": "Hamm, Kreisfreie Stadt" }, "geometry": { "type": "Polygon", "coordinates": [ [ [ 7.944527264440572, 51.700581971862505 ], [ 7.920597913403848, 51.620135898370243 ], [ 7.827151311460169, 51.578628495318505 ], [ 7.702858742753614, 51.630604216080371 ], [ 7.70188969329335, 51.712379117157987 ], [ 7.735788203701001, 51.737370529067896 ], [ 7.944527264440572, 51.700581971862505 ] ] ] } },
{ "type": "Feature", "properties": { "NUTS_ID": "DEA55", "name": "Herne, Kreisfreie Stadt" }, "geometry": { "type": "Polygon", "coordinates": [ [ [ 7.293586787365547, 51.532262571980816 ], [ 7.13941656963685, 51.505533634410803 ], [ 7.145057248833181, 51.552240444211101 ], [ 7.235148551323261, 51.567090802155384 ], [ 7.293586787365547, 51.532262571980816 ] ] ] } },
{ "type": "Feature", "properties": { "NUTS_ID": "DEA56", "name": "Ennepe-Ruhr-Kreis" }, "geometry": { "type": "Polygon", "coordinates": [ [ [ 7.43334315978765, 51.214409063996222 ], [ 7.306693599397518, 51.238875508338879 ], [ 7.167287833971163, 51.312902358111984 ], [ 7.117674936896575, 51.38027262205572 ], [ 7.136029866209781, 51.426038066658059 ], [ 7.248422359508189, 51.420793062666874 ], [ 7.348194088602659, 51.482669545888392 ], [ 7.465332309326109, 51.416073004073837 ], [ 7.409438794252946, 51.335985304301524 ], [ 7.517253119948947, 51.264869023518756 ], [ 7.43334315978765, 51.214409063996222 ] ] ] } },
{ "type": "Feature", "properties": { "NUTS_ID": "DEA57", "name": "Hochsauerlandkreis" }, "geometry": { "type": "Polygon", "coordinates": [ [ [ 8.90539489839106, 51.531496407241001 ], [ 8.970815081260376, 51.506655553961785 ], [ 8.917593288042349, 51.481442836939607 ], [ 8.915504493706026, 51.395792551893393 ], [ 8.709272426637682, 51.371839990235152 ], [ 8.5925093885447, 51.299034043284941 ], [ 8.713734559993465, 51.256133275229516 ], [ 8.739979570371267, 51.18349364083403 ], [ 8.663463059806007, 51.108658622407482 ], [ 8.549085222316721, 51.101868018296223 ], [ 8.238795472398802, 51.104338628966865 ], [ 8.066634241386263, 51.230833250335344 ], [ 7.939839019052831, 51.234012342473484 ], [ 7.863766774422371, 51.458848917096169 ], [ 8.316885652520806, 51.395221383394706 ], [ 8.547931017535026, 51.467812473546104 ], [ 8.767753903338022, 51.46088002463128 ], [ 8.90539489839106, 51.531496407241001 ] ] ] } },
{ "type": "Feature", "properties": { "NUTS_ID": "DEA58", "name": "Märkischer Kreis" }, "geometry": { "type": "Polygon", "coordinates": [ [ [ 7.863766774422371, 51.458848917096169 ], [ 7.939839019052831, 51.234012342473484 ], [ 7.808403343902797, 51.091585047885474 ], [ 7.715380075071384, 51.072780897466593 ], [ 7.508316959583591, 51.115823915773014 ], [ 7.43334315978765, 51.214409063996222 ], [ 7.517253119948947, 51.264869023518756 ], [ 7.587816537652951, 51.390390407162151 ], [ 7.660898268886356, 51.460010029178996 ], [ 7.837631065929886, 51.478533632694138 ], [ 7.863766774422371, 51.458848917096169 ] ] ] } },
{ "type": "Feature", "properties": { "NUTS_ID": "DEA59", "name": "Olpe" }, "geometry": { "type": "Polygon", "coordinates": [ [ [ 8.238795472398802, 51.104338628966865 ], [ 8.18970252032361, 51.02478829137597 ], [ 7.986297089290087, 51.030699955904844 ], [ 7.851496027528433, 50.925832356957912 ], [ 7.785898043789159, 50.939913885163577 ], [ 7.715380075071384, 51.072780897466593 ], [ 7.808403343902797, 51.091585047885474 ], [ 7.939839019052831, 51.234012342473484 ], [ 8.066634241386263, 51.230833250335344 ], [ 8.238795472398802, 51.104338628966865 ] ] ] } },
{ "type": "Feature", "properties": { "NUTS_ID": "DEA5A", "name": "Siegen-Wittgenstein" }, "geometry": { "type": "Polygon", "coordinates": [ [ [ 8.549085222316721, 51.101868018296223 ], [ 8.477892011593559, 50.969047345245251 ], [ 8.355496183441447, 50.862000849061765 ], [ 8.173119520836199, 50.816438579497238 ], [ 8.125776635498893, 50.685813921945417 ], [ 8.03969011378328, 50.69737553997841 ], [ 7.851496027528433, 50.925832356957912 ], [ 7.986297089290087, 51.030699955904844 ], [ 8.18970252032361, 51.02478829137597 ], [ 8.238795472398802, 51.104338628966865 ], [ 8.549085222316721, 51.101868018296223 ] ] ] } },
{ "type": "Feature", "properties": { "NUTS_ID": "DEA5B", "name": "Soest" }, "geometry": { "type": "Polygon", "coordinates": [ [ [ 8.40310782359165, 51.719354998315062 ], [ 8.564211723920664, 51.645114623596925 ], [ 8.495787929940159, 51.560564911509182 ], [ 8.547931017535026, 51.467812473546104 ], [ 8.316885652520806, 51.395221383394706 ], [ 7.863766774422371, 51.458848917096169 ], [ 7.837631065929886, 51.478533632694138 ], [ 7.827151311460169, 51.578628495318505 ], [ 7.920597913403848, 51.620135898370243 ], [ 7.944527264440572, 51.700581971862505 ], [ 8.236560127551131, 51.670115004162284 ], [ 8.320135811688319, 51.725704887303031 ], [ 8.40310782359165, 51.719354998315062 ] ] ] } },
{ "type": "Feature", "properties": { "NUTS_ID": "DEA5C", "name": "Unna" }, "geometry": { "type": "Polygon", "coordinates": [ [ [ 7.70188969329335, 51.712379117157987 ], [ 7.702858742753614, 51.630604216080371 ], [ 7.827151311460169, 51.578628495318505 ], [ 7.837631065929886, 51.478533632694138 ], [ 7.660898268886356, 51.460010029178996 ], [ 7.587816537652951, 51.390390407162151 ], [ 7.508452983293211, 51.417940918514148 ], [ 7.591666315903585, 51.549761038570495 ], [ 7.417933930269217, 51.599520119953873 ], [ 7.409549825698043, 51.66458100908406 ], [ 7.473300672455362, 51.717100191601318 ], [ 7.70188969329335, 51.712379117157987 ] ] ] } },
{ "type": "Feature", "properties": { "NUTS_ID": "DEB11", "name": "Koblenz, Kreisfreie Stadt" }, "geometry": { "type": "Polygon", "coordinates": [ [ [ 7.688865291598311, 50.360129489239405 ], [ 7.605484237695599, 50.293794014187249 ], [ 7.526337770551465, 50.291434742370939 ], [ 7.490608224030162, 50.364201734058369 ], [ 7.568959321310638, 50.407441236753186 ], [ 7.623024821263939, 50.37434646216694 ], [ 7.664054596731543, 50.381534846384532 ], [ 7.688865291598311, 50.360129489239405 ] ] ] } },
{ "type": "Feature", "properties": { "NUTS_ID": "DEB12", "name": "Ahrweiler" }, "geometry": { "type": "Polygon", "coordinates": [ [ [ 6.927901119875089, 50.558618375645921 ], [ 7.212399277259697, 50.623405063897721 ], [ 7.344387853363621, 50.476613387118299 ], [ 6.984338369597094, 50.34889351528043 ], [ 6.887159239764939, 50.314565086260941 ], [ 6.80071166347653, 50.361781520270242 ], [ 6.770958113340175, 50.454946867805845 ], [ 6.893097397788205, 50.486938094898782 ], [ 6.927901119875089, 50.558618375645921 ] ] ] } },
{ "type": "Feature", "properties": { "NUTS_ID": "DEB13", "name": "Altenkirchen (Westerwald)" }, "geometry": { "type": "Polygon", "coordinates": [ [ [ 8.03969011378328, 50.69737553997841 ], [ 7.751030755381902, 50.725763833710481 ], [ 7.700820892376722, 50.622917426130634 ], [ 7.514579908480962, 50.585508954805789 ], [ 7.43915164947514, 50.711089045618152 ], [ 7.661003515659605, 50.820364355540796 ], [ 7.785898043789159, 50.939913885163577 ], [ 7.851496027528433, 50.925832356957912 ], [ 8.03969011378328, 50.69737553997841 ] ] ] } },
{ "type": "Feature", "properties": { "NUTS_ID": "DEB14", "name": "Bad Kreuznach" }, "geometry": { "type": "Polygon", "coordinates": [ [ [ 7.398741438974612, 49.856061025212156 ], [ 7.734630501686182, 49.998688513655893 ], [ 7.963556937515803, 49.833101898254313 ], [ 7.905437074063114, 49.752263457715671 ], [ 7.768693446435998, 49.746168369291112 ], [ 7.703330579495672, 49.652514894994894 ], [ 7.522752456873405, 49.707622656443718 ], [ 7.398741438974612, 49.856061025212156 ] ] ] } },
{ "type": "Feature", "properties": { "NUTS_ID": "DEB15", "name": "Birkenfeld" }, "geometry": { "type": "Polygon", "coordinates": [ [ [ 7.044311656147457, 49.689301914415239 ], [ 7.222510944385871, 49.884950393441947 ], [ 7.398741438974612, 49.856061025212156 ], [ 7.522752456873405, 49.707622656443718 ], [ 7.276622300908742, 49.548623609719243 ], [ 7.027979960639975, 49.639438543581463 ], [ 7.044311656147457, 49.689301914415239 ] ] ] } },
{ "type": "Feature", "properties": { "NUTS_ID": "DEB17", "name": "Mayen-Koblenz" }, "geometry": { "type": "Polygon", "coordinates": [ [ [ 7.344387853363621, 50.476613387118299 ], [ 7.497688606005527, 50.418130932972417 ], [ 7.598346736903901, 50.464564431350922 ], [ 7.664054596731543, 50.381534846384532 ], [ 7.623024821263939, 50.37434646216694 ], [ 7.568959321310638, 50.407441236753186 ], [ 7.490608224030162, 50.364201734058369 ], [ 7.526337770551465, 50.291434742370939 ], [ 7.605484237695599, 50.293794014187249 ], [ 7.626119092481638, 50.252726351228432 ], [ 7.381948260101973, 50.160751107510414 ], [ 7.26820299670518, 50.243361891877434 ], [ 7.068778736370948, 50.279785506243492 ], [ 6.984338369597094, 50.34889351528043 ], [ 7.344387853363621, 50.476613387118299 ] ] ] } },
{ "type": "Feature", "properties": { "NUTS_ID": "DEB18", "name": "Neuwied" }, "geometry": { "type": "Polygon", "coordinates": [ [ [ 7.43915164947514, 50.711089045618152 ], [ 7.514579908480962, 50.585508954805789 ], [ 7.700820892376722, 50.622917426130634 ], [ 7.598346736903901, 50.464564431350922 ], [ 7.497688606005527, 50.418130932972417 ], [ 7.344387853363621, 50.476613387118299 ], [ 7.212399277259697, 50.623405063897721 ], [ 7.43915164947514, 50.711089045618152 ] ] ] } },
{ "type": "Feature", "properties": { "NUTS_ID": "DEB1A", "name": "Rhein-Lahn-Kreis" }, "geometry": { "type": "Polygon", "coordinates": [ [ [ 7.971559469715294, 50.406220430723351 ], [ 8.121913464116785, 50.277225120062013 ], [ 7.773996882006886, 50.066539837792867 ], [ 7.76484463864823, 50.082590348553666 ], [ 7.626119092481638, 50.252726351228432 ], [ 7.605484237695599, 50.293794014187249 ], [ 7.688865291598311, 50.360129489239405 ], [ 7.971559469715294, 50.406220430723351 ] ] ] } },
{ "type": "Feature", "properties": { "NUTS_ID": "DEB1B", "name": "Westerwaldkreis" }, "geometry": { "type": "Polygon", "coordinates": [ [ [ 8.125776635498893, 50.685813921945417 ], [ 8.151592202012255, 50.599371064628222 ], [ 8.012892796587247, 50.527817093324472 ], [ 7.971559469715294, 50.406220430723351 ], [ 7.688865291598311, 50.360129489239405 ], [ 7.664054596731543, 50.381534846384532 ], [ 7.598346736903901, 50.464564431350922 ], [ 7.700820892376722, 50.622917426130634 ], [ 7.751030755381902, 50.725763833710481 ], [ 8.03969011378328, 50.69737553997841 ], [ 8.125776635498893, 50.685813921945417 ] ] ] } },
{ "type": "Feature", "properties": { "NUTS_ID": "DEB1C", "name": "Cochem-Zell" }, "geometry": { "type": "Polygon", "coordinates": [ [ [ 7.068778736370948, 50.279785506243492 ], [ 7.26820299670518, 50.243361891877434 ], [ 7.381948260101973, 50.160751107510414 ], [ 7.328867322460699, 50.007281165582583 ], [ 7.202614543650198, 49.966367784924479 ], [ 6.979020829655697, 50.097911114559629 ], [ 6.971280996454962, 50.201495817822959 ], [ 7.068778736370948, 50.279785506243492 ] ] ] } },
{ "type": "Feature", "properties": { "NUTS_ID": "DEB1D", "name": "Rhein-Hunsrück-Kreis" }, "geometry": { "type": "Polygon", "coordinates": [ [ [ 7.202614543650198, 49.966367784924479 ], [ 7.328867322460699, 50.007281165582583 ], [ 7.381948260101973, 50.160751107510414 ], [ 7.626119092481638, 50.252726351228432 ], [ 7.76484463864823, 50.082590348553666 ], [ 7.691000691640518, 50.035853627178867 ], [ 7.734630501686182, 49.998688513655893 ], [ 7.398741438974612, 49.856061025212156 ], [ 7.222510944385871, 49.884950393441947 ], [ 7.202614543650198, 49.966367784924479 ] ] ] } },
{ "type": "Feature", "properties": { "NUTS_ID": "DEB21", "name": "Trier, Kreisfreie Stadt" }, "geometry": { "type": "Polygon", "coordinates": [ [ [ 6.540317595048744, 49.723443658613718 ], [ 6.656601862490197, 49.834297337668161 ], [ 6.699723995410523, 49.842194657536773 ], [ 6.698643457508447, 49.718316333490009 ], [ 6.601587718351675, 49.700974552173292 ], [ 6.540317595048744, 49.723443658613718 ] ] ] } },
{ "type": "Feature", "properties": { "NUTS_ID": "DEB22", "name": "Bernkastel-Wittlich" }, "geometry": { "type": "Polygon", "coordinates": [ [ [ 6.70030269441984, 50.084525060970925 ], [ 6.979020829655697, 50.097911114559629 ], [ 7.202614543650198, 49.966367784924479 ], [ 7.222510944385871, 49.884950393441947 ], [ 7.044311656147457, 49.689301914415239 ], [ 6.711624505657427, 49.905472146077265 ], [ 6.70030269441984, 50.084525060970925 ] ] ] } },
{ "type": "Feature", "properties": { "NUTS_ID": "DEB23", "name": "Eifelkreis Bitburg-Prüm" }, "geometry": { "type": "Polygon", "coordinates": [ [ [ 6.405028614468013, 50.323308534883601 ], [ 6.425294902222617, 50.323011984770019 ], [ 6.56457280915122, 50.232427535261344 ], [ 6.581496169281419, 50.123874750008532 ], [ 6.70030269441984, 50.084525060970925 ], [ 6.711624505657427, 49.905472146077265 ], [ 6.474962737645637, 49.821275076008227 ], [ 6.29827906260718, 49.858824382047452 ], [ 6.136217786125566, 50.015151307214389 ], [ 6.137662259454002, 50.129951505348018 ], [ 6.195401546154168, 50.229657690217216 ], [ 6.405028614468013, 50.323308534883601 ] ] ] } },
{ "type": "Feature", "properties": { "NUTS_ID": "DEB24", "name": "Vulkaneifel" }, "geometry": { "type": "Polygon", "coordinates": [ [ [ 6.80071166347653, 50.361781520270242 ], [ 6.887159239764939, 50.314565086260941 ], [ 6.984338369597094, 50.34889351528043 ], [ 7.068778736370948, 50.279785506243492 ], [ 6.971280996454962, 50.201495817822959 ], [ 6.979020829655697, 50.097911114559629 ], [ 6.70030269441984, 50.084525060970925 ], [ 6.581496169281419, 50.123874750008532 ], [ 6.56457280915122, 50.232427535261344 ], [ 6.425294902222617, 50.323011984770019 ], [ 6.80071166347653, 50.361781520270242 ] ] ] } },
{ "type": "Feature", "properties": { "NUTS_ID": "DEB25", "name": "Trier-Saarburg" }, "geometry": { "type": "Polygon", "coordinates": [ [ [ 6.474962737645637, 49.821275076008227 ], [ 6.711624505657427, 49.905472146077265 ], [ 7.044311656147457, 49.689301914415239 ], [ 7.027979960639975, 49.639438543581463 ], [ 6.891453966888058, 49.613422549211151 ], [ 6.585597838720874, 49.525924739873126 ], [ 6.380052606148396, 49.551105031055627 ], [ 6.499791042415906, 49.728207424492318 ], [ 6.474962737645637, 49.821275076008227 ] ], [ [ 6.540317595048744, 49.723443658613718 ], [ 6.601587718351675, 49.700974552173292 ], [ 6.698643457508447, 49.718316333490009 ], [ 6.699723995410523, 49.842194657536773 ], [ 6.656601862490197, 49.834297337668161 ], [ 6.540317595048744, 49.723443658613718 ] ] ] } },
{ "type": "Feature", "properties": { "NUTS_ID": "DEB31", "name": "Frankenthal (Pfalz), Kreisfreie Stadt" }, "geometry": { "type": "Polygon", "coordinates": [ [ [ 8.422700366515597, 49.574192593890132 ], [ 8.423067954514885, 49.54182092857944 ], [ 8.309442795947723, 49.485278506950458 ], [ 8.330614557160612, 49.547349652537541 ], [ 8.422700366515597, 49.574192593890132 ] ] ] } },
{ "type": "Feature", "properties": { "NUTS_ID": "DEB32", "name": "Kaiserslautern, Kreisfreie Stadt" }, "geometry": { "type": "Polygon", "coordinates": [ [ [ 7.635557624797165, 49.426023927881296 ], [ 7.747859572977928, 49.506274840749278 ], [ 7.876307122414926, 49.415820414068506 ], [ 7.768175000784911, 49.372292692791426 ], [ 7.635557624797165, 49.426023927881296 ] ] ] } },
{ "type": "Feature", "properties": { "NUTS_ID": "DEB33", "name": "Landau in der Pfalz, Kreisfreie Stadt" }, "geometry": { "type": "MultiPolygon", "coordinates": [ [ [ [ 8.127370110532825, 49.158223974326418 ], [ 8.032681305299482, 49.1516801409892 ], [ 8.064574007353732, 49.238319673899596 ], [ 8.179775855475047, 49.221075628070587 ], [ 8.127370110532825, 49.158223974326418 ] ] ], [ [ [ 7.936718515764465, 49.308977363147974 ], [ 7.872069469324351, 49.283110098746114 ], [ 7.867869647085949, 49.292330664579055 ], [ 7.870799252785133, 49.303192641826691 ], [ 7.865071195391582, 49.30933147788091 ], [ 7.867649923447791, 49.313321983666739 ], [ 7.936718515764465, 49.308977363147974 ] ] ] ] } },
{ "type": "Feature", "properties": { "NUTS_ID": "DEB34", "name": "Ludwigshafen am Rhein, Kreisfreie Stadt" }, "geometry": { "type": "Polygon", "coordinates": [ [ [ 8.309442795947723, 49.485278506950458 ], [ 8.423067954514885, 49.54182092857944 ], [ 8.472505548178043, 49.443513659875201 ], [ 8.411847724555148, 49.434598653092586 ], [ 8.309442795947723, 49.485278506950458 ] ] ] } },
{ "type": "Feature", "properties": { "NUTS_ID": "DEB35", "name": "Mainz, Kreisfreie Stadt" }, "geometry": { "type": "Polygon", "coordinates": [ [ [ 8.190038614944214, 50.03529591701129 ], [ 8.288245053685083, 49.99513411889081 ], [ 8.343030652908496, 49.940506081293741 ], [ 8.185906043472011, 49.953893234496945 ], [ 8.190038614944214, 50.03529591701129 ] ] ] } },
{ "type": "Feature", "properties": { "NUTS_ID": "DEB36", "name": "Neustadt an der Weinstraße, Kreisfreie Stadt" }, "geometry": { "type": "Polygon", "coordinates": [ [ [ 7.999564583179051, 49.343793887839674 ], [ 8.156868377675757, 49.385272405301748 ], [ 8.314431704666243, 49.311451397732448 ], [ 8.317405871007551, 49.308120961294158 ], [ 8.198360392448079, 49.299643744822504 ], [ 7.999564583179051, 49.343793887839674 ] ] ] } },
{ "type": "Feature", "properties": { "NUTS_ID": "DEB37", "name": "Pirmasens, Kreisfreie Stadt" }, "geometry": { "type": "Polygon", "coordinates": [ [ [ 7.494576754443965, 49.202548381368629 ], [ 7.595862262461416, 49.238654199456171 ], [ 7.656031666068169, 49.194372675261206 ], [ 7.584156851787216, 49.1392846178125 ], [ 7.494576754443965, 49.202548381368629 ] ] ] } },
{ "type": "Feature", "properties": { "NUTS_ID": "DEB38", "name": "Speyer, Kreisfreie Stadt" }, "geometry": { "type": "Polygon", "coordinates": [ [ [ 8.470915330683292, 49.340712954361166 ], [ 8.487268002563326, 49.290026584833598 ], [ 8.466985734549919, 49.282975545366568 ], [ 8.414931560773926, 49.303430974775068 ], [ 8.386337699417762, 49.343778927507742 ], [ 8.419196172173143, 49.368325769395327 ], [ 8.470915330683292, 49.340712954361166 ] ] ] } },
{ "type": "Feature", "properties": { "NUTS_ID": "DEB39", "name": "Worms, Kreisfreie Stadt" }, "geometry": { "type": "Polygon", "coordinates": [ [ [ 8.256195471445773, 49.591260391581983 ], [ 8.303434447560548, 49.692892184907294 ], [ 8.446377329964141, 49.730799495219841 ], [ 8.379512453956664, 49.684444256561136 ], [ 8.41477424844919, 49.595052064716768 ], [ 8.281007164626132, 49.586763871911153 ], [ 8.256195471445773, 49.591260391581983 ] ] ] } },
{ "type": "Feature", "properties": { "NUTS_ID": "DEB3A", "name": "Zweibrücken, Kreisfreie Stadt" }, "geometry": { "type": "Polygon", "coordinates": [ [ [ 7.394494199671221, 49.31635188738877 ], [ 7.409822795355636, 49.226779389083333 ], [ 7.320340804376475, 49.189499108101408 ], [ 7.310324981264356, 49.24552158453411 ], [ 7.394494199671221, 49.31635188738877 ] ] ] } },
{ "type": "Feature", "properties": { "NUTS_ID": "DEB3B", "name": "Alzey-Worms" }, "geometry": { "type": "Polygon", "coordinates": [ [ [ 8.152376324584942, 49.626875020386805 ], [ 7.905437074063114, 49.752263457715671 ], [ 7.963556937515803, 49.833101898254313 ], [ 8.150103323606196, 49.892317950994439 ], [ 8.264158946933032, 49.765171541610236 ], [ 8.400055243702491, 49.803675119927945 ], [ 8.448365101770923, 49.73366160338086 ], [ 8.446377329964141, 49.730799495219841 ], [ 8.303434447560548, 49.692892184907294 ], [ 8.256195471445773, 49.591260391581983 ], [ 8.152376324584942, 49.626875020386805 ] ] ] } },
{ "type": "Feature", "properties": { "NUTS_ID": "DEB3C", "name": "Bad Dürkheim" }, "geometry": { "type": "Polygon", "coordinates": [ [ [ 7.831963417876161, 49.323750050100799 ], [ 7.952021274869633, 49.414710896881203 ], [ 7.964107820011903, 49.489638055750412 ], [ 8.152376324584942, 49.626875020386805 ], [ 8.256195471445773, 49.591260391581983 ], [ 8.281007164626132, 49.586763871911153 ], [ 8.262811984669627, 49.434258959404104 ], [ 8.314431704666243, 49.311451397732448 ], [ 8.156868377675757, 49.385272405301748 ], [ 7.999564583179051, 49.343793887839674 ], [ 7.936718515764465, 49.308977363147974 ], [ 7.867649923447791, 49.313321983666739 ], [ 7.831963417876161, 49.323750050100799 ] ] ] } },
{ "type": "Feature", "properties": { "NUTS_ID": "DEB3D", "name": "Donnersbergkreis" }, "geometry": { "type": "Polygon", "coordinates": [ [ [ 7.703330579495672, 49.652514894994894 ], [ 7.768693446435998, 49.746168369291112 ], [ 7.905437074063114, 49.752263457715671 ], [ 8.152376324584942, 49.626875020386805 ], [ 7.964107820011903, 49.489638055750412 ], [ 7.696266495409863, 49.588663481600776 ], [ 7.703330579495672, 49.652514894994894 ] ] ] } },
{ "type": "Feature", "properties": { "NUTS_ID": "DEB3E", "name": "Germersheim" }, "geometry": { "type": "Polygon", "coordinates": [ [ [ 8.068310038477238, 48.999345879760526 ], [ 8.112062079355265, 49.110410036580198 ], [ 8.237696948008546, 49.126957357080457 ], [ 8.236586998301039, 49.242853114333556 ], [ 8.32032609883688, 49.296705637883591 ], [ 8.413072655524681, 49.249816545081487 ], [ 8.339970083330998, 49.08014999194765 ], [ 8.277348763534915, 48.98993899385254 ], [ 8.261283768627932, 48.980917122496521 ], [ 8.232632878579958, 48.966571391283075 ], [ 8.068310038477238, 48.999345879760526 ] ] ] } },
{ "type": "Feature", "properties": { "NUTS_ID": "DEB3F", "name": "Kaiserslautern, Landkreis" }, "geometry": { "type": "Polygon", "coordinates": [ [ [ 7.395898624905311, 49.372045976495507 ], [ 7.489554567978401, 49.487001610389456 ], [ 7.696266495409863, 49.588663481600776 ], [ 7.964107820011903, 49.489638055750412 ], [ 7.952021274869633, 49.414710896881203 ], [ 7.831963417876161, 49.323750050100799 ], [ 7.402075702232433, 49.367718570762356 ], [ 7.395898624905311, 49.372045976495507 ] ], [ [ 7.635557624797165, 49.426023927881296 ], [ 7.768175000784911, 49.372292692791426 ], [ 7.876307122414926, 49.415820414068506 ], [ 7.747859572977928, 49.506274840749278 ], [ 7.635557624797165, 49.426023927881296 ] ] ] } },
{ "type": "Feature", "properties": { "NUTS_ID": "DEB3G", "name": "Kusel" }, "geometry": { "type": "Polygon", "coordinates": [ [ [ 7.292601393437282, 49.408222433200301 ], [ 7.252589235478003, 49.431465494441809 ], [ 7.276622300908742, 49.548623609719243 ], [ 7.522752456873405, 49.707622656443718 ], [ 7.703330579495672, 49.652514894994894 ], [ 7.696266495409863, 49.588663481600776 ], [ 7.489554567978401, 49.487001610389456 ], [ 7.395898624905311, 49.372045976495507 ], [ 7.292601393437282, 49.408222433200301 ] ] ] } },
{ "type": "Feature", "properties": { "NUTS_ID": "DEB3H", "name": "Südliche Weinstraße" }, "geometry": { "type": "Polygon", "coordinates": [ [ [ 7.910654726008721, 49.045163378502401 ], [ 7.872069469324351, 49.283110098746114 ], [ 7.936718515764465, 49.308977363147974 ], [ 7.999564583179051, 49.343793887839674 ], [ 8.198360392448079, 49.299643744822504 ], [ 8.317405871007551, 49.308120961294158 ], [ 8.32032609883688, 49.296705637883591 ], [ 8.236586998301039, 49.242853114333556 ], [ 8.237696948008546, 49.126957357080457 ], [ 8.112062079355265, 49.110410036580198 ], [ 8.068310038477238, 48.999345879760526 ], [ 7.910654726008721, 49.045163378502401 ] ], [ [ 8.032681305299482, 49.1516801409892 ], [ 8.127370110532825, 49.158223974326418 ], [ 8.179775855475047, 49.221075628070587 ], [ 8.064574007353732, 49.238319673899596 ], [ 8.032681305299482, 49.1516801409892 ] ] ] } },
{ "type": "Feature", "properties": { "NUTS_ID": "DEB3I", "name": "Rhein-Pfalz-Kreis" }, "geometry": { "type": "Polygon", "coordinates": [ [ [ 8.317405871007551, 49.308120961294158 ], [ 8.314431704666243, 49.311451397732448 ], [ 8.262811984669627, 49.434258959404104 ], [ 8.281007164626132, 49.586763871911153 ], [ 8.41477424844919, 49.595052064716768 ], [ 8.422439658102929, 49.58338538136254 ], [ 8.422700366515597, 49.574192593890132 ], [ 8.330614557160612, 49.547349652537541 ], [ 8.309442795947723, 49.485278506950458 ], [ 8.411847724555148, 49.434598653092586 ], [ 8.472505548178043, 49.443513659875201 ], [ 8.497316241959391, 49.411346904582423 ], [ 8.470915330683292, 49.340712954361166 ], [ 8.419196172173143, 49.368325769395327 ], [ 8.386337699417762, 49.343778927507742 ], [ 8.414931560773926, 49.303430974775068 ], [ 8.466985734549919, 49.282975545366568 ], [ 8.413072655524681, 49.249816545081487 ], [ 8.32032609883688, 49.296705637883591 ], [ 8.317405871007551, 49.308120961294158 ] ] ] } },
{ "type": "Feature", "properties": { "NUTS_ID": "DEB3J", "name": "Mainz-Bingen" }, "geometry": { "type": "Polygon", "coordinates": [ [ [ 7.76484463864823, 50.082590348553666 ], [ 7.773996882006886, 50.066539837792867 ], [ 7.919991325642174, 49.977382914790695 ], [ 8.175135316767664, 50.034255556780423 ], [ 8.190038614944214, 50.03529591701129 ], [ 8.185906043472011, 49.953893234496945 ], [ 8.343030652908496, 49.940506081293741 ], [ 8.400055243702491, 49.803675119927945 ], [ 8.264158946933032, 49.765171541610236 ], [ 8.150103323606196, 49.892317950994439 ], [ 7.963556937515803, 49.833101898254313 ], [ 7.734630501686182, 49.998688513655893 ], [ 7.691000691640518, 50.035853627178867 ], [ 7.76484463864823, 50.082590348553666 ] ] ] } },
{ "type": "Feature", "properties": { "NUTS_ID": "DEB3K", "name": "Südwestpfalz" }, "geometry": { "type": "Polygon", "coordinates": [ [ [ 7.368755544731484, 49.161458091057298 ], [ 7.320340804376475, 49.189499108101408 ], [ 7.409822795355636, 49.226779389083333 ], [ 7.394494199671221, 49.31635188738877 ], [ 7.402075702232433, 49.367718570762356 ], [ 7.831963417876161, 49.323750050100799 ], [ 7.867649923447791, 49.313321983666739 ], [ 7.865071195391582, 49.30933147788091 ], [ 7.870799252785133, 49.303192641826691 ], [ 7.867869647085949, 49.292330664579055 ], [ 7.872069469324351, 49.283110098746114 ], [ 7.910654726008721, 49.045163378502401 ], [ 7.635650928423454, 49.053950390818443 ], [ 7.478726107329846, 49.157750118956649 ], [ 7.368755544731484, 49.161458091057298 ] ], [ [ 7.494576754443965, 49.202548381368629 ], [ 7.584156851787216, 49.1392846178125 ], [ 7.656031666068169, 49.194372675261206 ], [ 7.595862262461416, 49.238654199456171 ], [ 7.494576754443965, 49.202548381368629 ] ] ] } },
{ "type": "Feature", "properties": { "NUTS_ID": "DEC01", "name": "Regionalverband Saarbrücken" }, "geometry": { "type": "Polygon", "coordinates": [ [ [ 6.723465735797196, 49.218829137406971 ], [ 6.944277767669105, 49.377668498530483 ], [ 7.117021669296123, 49.309522455641137 ], [ 7.101069047568275, 49.15599803739125 ], [ 6.93071150464398, 49.216202407563671 ], [ 6.779377651399126, 49.161800703467925 ], [ 6.723465735797196, 49.218829137406971 ] ] ] } },
{ "type": "Feature", "properties": { "NUTS_ID": "DEC02", "name": "Merzig-Wadern" }, "geometry": { "type": "Polygon", "coordinates": [ [ [ 6.380052606148396, 49.551105031055627 ], [ 6.585597838720874, 49.525924739873126 ], [ 6.891453966888058, 49.613422549211151 ], [ 6.950454235201492, 49.563617404347951 ], [ 6.910181978857189, 49.501703387818139 ], [ 6.728788838267149, 49.38906465230658 ], [ 6.556985812897825, 49.419208385675837 ], [ 6.367107613804149, 49.469506980058611 ], [ 6.380052606148396, 49.551105031055627 ] ] ] } },
{ "type": "Feature", "properties": { "NUTS_ID": "DEC03", "name": "Neunkirchen" }, "geometry": { "type": "Polygon", "coordinates": [ [ [ 6.989319287608567, 49.436756437946727 ], [ 7.252589235478003, 49.431465494441809 ], [ 7.292601393437282, 49.408222433200301 ], [ 7.229299519622792, 49.310946508540795 ], [ 7.117021669296123, 49.309522455641137 ], [ 6.944277767669105, 49.377668498530483 ], [ 6.989319287608567, 49.436756437946727 ] ] ] } },
{ "type": "Feature", "properties": { "NUTS_ID": "DEC04", "name": "Saarlouis" }, "geometry": { "type": "Polygon", "coordinates": [ [ [ 6.556985812897825, 49.419208385675837 ], [ 6.728788838267149, 49.38906465230658 ], [ 6.910181978857189, 49.501703387818139 ], [ 6.989319287608567, 49.436756437946727 ], [ 6.944277767669105, 49.377668498530483 ], [ 6.723465735797196, 49.218829137406971 ], [ 6.556985812897825, 49.419208385675837 ] ] ] } },
{ "type": "Feature", "properties": { "NUTS_ID": "DEC05", "name": "Saarpfalz-Kreis" }, "geometry": { "type": "Polygon", "coordinates": [ [ [ 7.101069047568275, 49.15599803739125 ], [ 7.117021669296123, 49.309522455641137 ], [ 7.229299519622792, 49.310946508540795 ], [ 7.292601393437282, 49.408222433200301 ], [ 7.395898624905311, 49.372045976495507 ], [ 7.402075702232433, 49.367718570762356 ], [ 7.394494199671221, 49.31635188738877 ], [ 7.310324981264356, 49.24552158453411 ], [ 7.320340804376475, 49.189499108101408 ], [ 7.368755544731484, 49.161458091057298 ], [ 7.249932039511546, 49.117937664636806 ], [ 7.101069047568275, 49.15599803739125 ] ] ] } },
{ "type": "Feature", "properties": { "NUTS_ID": "DEC06", "name": "St. Wendel" }, "geometry": { "type": "Polygon", "coordinates": [ [ [ 7.027979960639975, 49.639438543581463 ], [ 7.276622300908742, 49.548623609719243 ], [ 7.252589235478003, 49.431465494441809 ], [ 6.989319287608567, 49.436756437946727 ], [ 6.910181978857189, 49.501703387818139 ], [ 6.950454235201492, 49.563617404347951 ], [ 6.891453966888058, 49.613422549211151 ], [ 7.027979960639975, 49.639438543581463 ] ] ] } },
{ "type": "Feature", "properties": { "NUTS_ID": "DED21", "name": "Dresden, Kreisfreie Stadt" }, "geometry": { "type": "Polygon", "coordinates": [ [ [ 13.96560181246384, 51.061595505453589 ], [ 13.814585262686943, 50.982196722459051 ], [ 13.580317110219958, 51.064619428265715 ], [ 13.766155335974783, 51.175210020375125 ], [ 13.96560181246384, 51.061595505453589 ] ] ] } },
{ "type": "Feature", "properties": { "NUTS_ID": "DED2C", "name": "Bautzen" }, "geometry": { "type": "Polygon", "coordinates": [ [ [ 14.447770934697989, 51.542069027484601 ], [ 14.483018791429071, 51.352943857371145 ], [ 14.677982582875318, 51.186481047879603 ], [ 14.491221239470242, 51.043530409235274 ], [ 14.317873514431971, 51.054699131362433 ], [ 13.96560181246384, 51.061595505453589 ], [ 13.766155335974783, 51.175210020375125 ], [ 13.835312829888633, 51.376789898052763 ], [ 14.028511797400011, 51.422209743506187 ], [ 14.163324720625358, 51.541043032113741 ], [ 14.447770934697989, 51.542069027484601 ] ] ] } },
{ "type": "Feature", "properties": { "NUTS_ID": "DED2D", "name": "Görlitz" }, "geometry": { "type": "Polygon", "coordinates": [ [ [ 14.974182973158559, 51.363949975517315 ], [ 15.022566269135904, 51.275857176333162 ], [ 14.997301495001389, 51.1375806774927 ], [ 14.823362000421843, 50.870550369710386 ], [ 14.755768952401572, 50.826100185080541 ], [ 14.618799759626604, 50.85780447507743 ], [ 14.583493685508524, 50.98051129801371 ], [ 14.491221239470242, 51.043530409235274 ], [ 14.677982582875318, 51.186481047879603 ], [ 14.483018791429071, 51.352943857371145 ], [ 14.447770934697989, 51.542069027484601 ], [ 14.729861788905849, 51.581777111834718 ], [ 14.931646348380989, 51.46649525601805 ], [ 14.974182973158559, 51.363949975517315 ] ] ] } },
{ "type": "Feature", "properties": { "NUTS_ID": "DED2E", "name": "Meißen" }, "geometry": { "type": "Polygon", "coordinates": [ [ [ 13.766155335974783, 51.175210020375125 ], [ 13.580317110219958, 51.064619428265715 ], [ 13.421885666863499, 51.034200144145892 ], [ 13.285186518820709, 51.05063061584729 ], [ 13.198707787652092, 51.230405601333302 ], [ 13.210149963496301, 51.404735866967137 ], [ 13.398862772261934, 51.440597720556575 ], [ 13.691250283931069, 51.374013068121734 ], [ 13.835312829888633, 51.376789898052763 ], [ 13.766155335974783, 51.175210020375125 ] ] ] } },
{ "type": "Feature", "properties": { "NUTS_ID": "DED2F", "name": "Sächsische Schweiz-Osterzgebirge" }, "geometry": { "type": "Polygon", "coordinates": [ [ [ 14.317873514431971, 51.054699131362433 ], [ 14.282124880801467, 51.000810358777372 ], [ 14.362585839509364, 50.904190289308183 ], [ 13.829683215793668, 50.732738471878328 ], [ 13.652174078192358, 50.730359932729627 ], [ 13.489394669357399, 50.869446230761582 ], [ 13.421885666863499, 51.034200144145892 ], [ 13.580317110219958, 51.064619428265715 ], [ 13.814585262686943, 50.982196722459051 ], [ 13.96560181246384, 51.061595505453589 ], [ 14.317873514431971, 51.054699131362433 ] ] ] } },
{ "type": "Feature", "properties": { "NUTS_ID": "DED41", "name": "Chemnitz, Kreisfreie Stadt" }, "geometry": { "type": "Polygon", "coordinates": [ [ [ 12.778850331038615, 50.789605854491249 ], [ 12.804274337613471, 50.866916471245396 ], [ 12.947420091946102, 50.892165382238318 ], [ 13.048768828688607, 50.806566377522174 ], [ 12.944298836281765, 50.758584069758804 ], [ 12.778850331038615, 50.789605854491249 ] ] ] } },
{ "type": "Feature", "properties": { "NUTS_ID": "DED42", "name": "Erzgebirgskreis" }, "geometry": { "type": "Polygon", "coordinates": [ [ [ 12.948144599616004, 50.404311466954958 ], [ 12.805882302489875, 50.450163269883966 ], [ 12.583778452584477, 50.407078914137081 ], [ 12.49842997105771, 50.483612890459241 ], [ 12.52774724747149, 50.546669041211139 ], [ 12.682470346017142, 50.643151499909258 ], [ 12.698571276380495, 50.742834172684155 ], [ 12.778850331038615, 50.789605854491249 ], [ 12.944298836281765, 50.758584069758804 ], [ 13.048768828688607, 50.806566377522174 ], [ 13.346295334730527, 50.742531700331796 ], [ 13.501846054285314, 50.633643030747912 ], [ 13.049709383691786, 50.498390466264333 ], [ 12.948144599616004, 50.404311466954958 ] ] ] } },
{ "type": "Feature", "properties": { "NUTS_ID": "DED43", "name": "Mittelsachsen" }, "geometry": { "type": "Polygon", "coordinates": [ [ [ 13.501846054285314, 50.633643030747912 ], [ 13.346295334730527, 50.742531700331796 ], [ 13.048768828688607, 50.806566377522174 ], [ 12.947420091946102, 50.892165382238318 ], [ 12.804274337613471, 50.866916471245396 ], [ 12.652865524488112, 50.92367806241667 ], [ 12.617354823654779, 50.980793091144371 ], [ 12.751078977072838, 51.092731423575017 ], [ 12.862149828347546, 51.105407713013804 ], [ 12.926015898388396, 51.218207571207273 ], [ 13.198707787652092, 51.230405601333302 ], [ 13.285186518820709, 51.05063061584729 ], [ 13.421885666863499, 51.034200144145892 ], [ 13.489394669357399, 50.869446230761582 ], [ 13.652174078192358, 50.730359932729627 ], [ 13.501846054285314, 50.633643030747912 ] ] ] } },
{ "type": "Feature", "properties": { "NUTS_ID": "DED44", "name": "Vogtlandkreis" }, "geometry": { "type": "Polygon", "coordinates": [ [ [ 12.100900624937974, 50.318028073181836 ], [ 11.919323121843766, 50.424728014089311 ], [ 11.896885220995811, 50.540045233705683 ], [ 11.944137313618414, 50.591275411320972 ], [ 12.065501267360201, 50.568679811214828 ], [ 12.318916290711345, 50.676532382352221 ], [ 12.52774724747149, 50.546669041211139 ], [ 12.49842997105771, 50.483612890459241 ], [ 12.583778452584477, 50.407078914137081 ], [ 12.410605048792103, 50.318182285114908 ], [ 12.316772118253605, 50.181643041390515 ], [ 12.173330873448766, 50.312226828729862 ], [ 12.100900624937974, 50.318028073181836 ] ] ] } },
{ "type": "Feature", "properties": { "NUTS_ID": "DED45", "name": "Zwickau" }, "geometry": { "type": "Polygon", "coordinates": [ [ [ 12.52774724747149, 50.546669041211139 ], [ 12.318916290711345, 50.676532382352221 ], [ 12.250887418231356, 50.730295279097724 ], [ 12.250495470131911, 50.818537440049816 ], [ 12.652865524488112, 50.92367806241667 ], [ 12.804274337613471, 50.866916471245396 ], [ 12.778850331038615, 50.789605854491249 ], [ 12.698571276380495, 50.742834172684155 ], [ 12.682470346017142, 50.643151499909258 ], [ 12.52774724747149, 50.546669041211139 ] ] ] } },
{ "type": "Feature", "properties": { "NUTS_ID": "DED51", "name": "Leipzig, Kreisfreie Stadt" }, "geometry": { "type": "Polygon", "coordinates": [ [ [ 12.498737759815006, 51.360504368601049 ], [ 12.49815900257178, 51.277474485634485 ], [ 12.288549008641562, 51.249217120421427 ], [ 12.243202642451649, 51.348472493123303 ], [ 12.364672559592504, 51.422830537353107 ], [ 12.498737759815006, 51.360504368601049 ] ] ] } },
{ "type": "Feature", "properties": { "NUTS_ID": "DED52", "name": "Leipzig" }, "geometry": { "type": "Polygon", "coordinates": [ [ [ 12.926015898388396, 51.218207571207273 ], [ 12.862149828347546, 51.105407713013804 ], [ 12.751078977072838, 51.092731423575017 ], [ 12.617354823654779, 50.980793091144371 ], [ 12.436609795297301, 51.080388734158667 ], [ 12.283546928580691, 51.091924022857711 ], [ 12.170904669070827, 51.275508453992352 ], [ 12.193544296571909, 51.332518588368046 ], [ 12.243202642451649, 51.348472493123303 ], [ 12.288549008641562, 51.249217120421427 ], [ 12.49815900257178, 51.277474485634485 ], [ 12.498737759815006, 51.360504368601049 ], [ 12.82565473664182, 51.451323466425862 ], [ 12.904354512442527, 51.398806768359272 ], [ 12.926015898388396, 51.218207571207273 ] ] ] } },
{ "type": "Feature", "properties": { "NUTS_ID": "DED53", "name": "Nordsachsen" }, "geometry": { "type": "Polygon", "coordinates": [ [ [ 13.210149963496301, 51.404735866967137 ], [ 13.198707787652092, 51.230405601333302 ], [ 12.926015898388396, 51.218207571207273 ], [ 12.904354512442527, 51.398806768359272 ], [ 12.82565473664182, 51.451323466425862 ], [ 12.498737759815006, 51.360504368601049 ], [ 12.364672559592504, 51.422830537353107 ], [ 12.243202642451649, 51.348472493123303 ], [ 12.193544296571909, 51.332518588368046 ], [ 12.198938751626249, 51.531320554029293 ], [ 12.580262893609332, 51.626065520019885 ], [ 13.051024799467415, 51.647676924865401 ], [ 13.184064393698153, 51.533930721060159 ], [ 13.210149963496301, 51.404735866967137 ] ] ] } },
{ "type": "Feature", "properties": { "NUTS_ID": "DEE01", "name": "Dessau-Roßlau, Kreisfreie Stadt" }, "geometry": { "type": "Polygon", "coordinates": [ [ [ 12.335906747981124, 51.733813899365806 ], [ 12.134262900910718, 51.804656648199803 ], [ 12.16671038973627, 51.917857812939751 ], [ 12.281266484686935, 51.970292429746024 ], [ 12.335906747981124, 51.733813899365806 ] ] ] } },
{ "type": "Feature", "properties": { "NUTS_ID": "DEE02", "name": "Halle (Saale), Kreisfreie Stadt" }, "geometry": { "type": "Polygon", "coordinates": [ [ [ 11.845280846672674, 51.482793255347168 ], [ 12.001745252417381, 51.525020147186801 ], [ 12.078274729650641, 51.459422931180455 ], [ 11.969075104441785, 51.412824153790787 ], [ 11.845280846672674, 51.482793255347168 ] ] ] } },
{ "type": "Feature", "properties": { "NUTS_ID": "DEE03", "name": "Magdeburg, Kreisfreie Stadt" }, "geometry": { "type": "Polygon", "coordinates": [ [ [ 11.762358536043001, 52.073071454016912 ], [ 11.637068951003586, 52.030117875368553 ], [ 11.546230995204951, 52.12109872322884 ], [ 11.70455182071329, 52.199471089344513 ], [ 11.762358536043001, 52.073071454016912 ] ] ] } },
{ "type": "Feature", "properties": { "NUTS_ID": "DEE04", "name": "Altmarkkreis Salzwedel" }, "geometry": { "type": "Polygon", "coordinates": [ [ [ 11.505026933444398, 52.94103256941888 ], [ 11.60985474972032, 52.893788568263346 ], [ 11.477929628971305, 52.627723195494035 ], [ 11.577822947495902, 52.593332099267201 ], [ 11.5871623817412, 52.458694595181633 ], [ 11.457837883153223, 52.410488955477881 ], [ 11.008781586290812, 52.496747439397275 ], [ 10.759314669460762, 52.795830554568184 ], [ 10.810076884823173, 52.849140094423177 ], [ 11.505026933444398, 52.94103256941888 ] ] ] } },
{ "type": "Feature", "properties": { "NUTS_ID": "DEE05", "name": "Anhalt-Bitterfeld" }, "geometry": { "type": "Polygon", "coordinates": [ [ [ 12.376122676364824, 52.045119495807711 ], [ 12.281266484686935, 51.970292429746024 ], [ 12.16671038973627, 51.917857812939751 ], [ 12.134262900910718, 51.804656648199803 ], [ 12.335906747981124, 51.733813899365806 ], [ 12.580262893609332, 51.626065520019885 ], [ 12.198938751626249, 51.531320554029293 ], [ 11.865443506784414, 51.675391520098636 ], [ 11.868618419394373, 51.824374126405068 ], [ 11.963914954477719, 51.903663423958569 ], [ 11.890805583598251, 52.0013964875602 ], [ 12.276724574490668, 52.10401790663073 ], [ 12.376122676364824, 52.045119495807711 ] ] ] } },
{ "type": "Feature", "properties": { "NUTS_ID": "DEE06", "name": "Jerichower Land" }, "geometry": { "type": "Polygon", "coordinates": [ [ [ 12.276724574490668, 52.10401790663073 ], [ 11.890805583598251, 52.0013964875602 ], [ 11.762358536043001, 52.073071454016912 ], [ 11.70455182071329, 52.199471089344513 ], [ 11.851885701095485, 52.331577982166777 ], [ 12.02631977853995, 52.521796966154909 ], [ 12.171291236282055, 52.506182397657135 ], [ 12.283323844191589, 52.504729065101884 ], [ 12.3171802355034, 52.454095387815165 ], [ 12.237233679947325, 52.172570333733674 ], [ 12.276724574490668, 52.10401790663073 ] ] ] } },
{ "type": "Feature", "properties": { "NUTS_ID": "DEE07", "name": "Börde" }, "geometry": { "type": "Polygon", "coordinates": [ [ [ 11.851885701095485, 52.331577982166777 ], [ 11.70455182071329, 52.199471089344513 ], [ 11.546230995204951, 52.12109872322884 ], [ 11.637068951003586, 52.030117875368553 ], [ 11.563750027999932, 51.969283885924789 ], [ 11.386293677069649, 51.981572861083642 ], [ 11.340847433338986, 51.901233927558806 ], [ 10.964385542040205, 52.056682749169802 ], [ 11.026550609915555, 52.146493636270257 ], [ 11.046565222942144, 52.37427448379087 ], [ 10.934542287537234, 52.471795078719197 ], [ 11.008781586290812, 52.496747439397275 ], [ 11.457837883153223, 52.410488955477881 ], [ 11.5871623817412, 52.458694595181633 ], [ 11.812244228165319, 52.397166600112612 ], [ 11.851885701095485, 52.331577982166777 ] ] ] } },
{ "type": "Feature", "properties": { "NUTS_ID": "DEE08", "name": "Burgenlandkreis" }, "geometry": { "type": "Polygon", "coordinates": [ [ [ 12.170904669070827, 51.275508453992352 ], [ 12.283546928580691, 51.091924022857711 ], [ 12.224168974743996, 50.942935050278379 ], [ 12.163529434333306, 50.958600098348583 ], [ 12.021018649637583, 50.969122515077004 ], [ 11.696938354493396, 51.087491131209681 ], [ 11.484608316744598, 51.105437473381052 ], [ 11.385374531259828, 51.245886979470889 ], [ 11.473016307355277, 51.296467633307977 ], [ 11.872162909789699, 51.244656879784763 ], [ 12.170904669070827, 51.275508453992352 ] ] ] } },
{ "type": "Feature", "properties": { "NUTS_ID": "DEE09", "name": "Harz" }, "geometry": { "type": "Polygon", "coordinates": [ [ [ 11.340847433338986, 51.901233927558806 ], [ 11.265997524445714, 51.802401131281783 ], [ 11.401613331085494, 51.729939610733112 ], [ 11.184949890315389, 51.590348830714611 ], [ 10.916059003111085, 51.616373931315898 ], [ 10.810076885653611, 51.639591712340511 ], [ 10.701372107169034, 51.642187637627231 ], [ 10.588321104752961, 51.799258457560015 ], [ 10.628470166683005, 51.900316196761885 ], [ 10.561227170696183, 52.004065919800446 ], [ 10.810076885289869, 52.047985935979121 ], [ 10.964385542040205, 52.056682749169802 ], [ 11.340847433338986, 51.901233927558806 ] ] ] } },
{ "type": "Feature", "properties": { "NUTS_ID": "DEE0A", "name": "Mansfeld-Südharz" }, "geometry": { "type": "Polygon", "coordinates": [ [ [ 11.393106865095813, 51.359495491497924 ], [ 10.978112958041882, 51.42688510202381 ], [ 10.916059003111085, 51.616373931315898 ], [ 11.184949890315389, 51.590348830714611 ], [ 11.401613331085494, 51.729939610733112 ], [ 11.751612579154401, 51.633283486673726 ], [ 11.716896291023298, 51.448371236161321 ], [ 11.393106865095813, 51.359495491497924 ] ] ] } },
{ "type": "Feature", "properties": { "NUTS_ID": "DEE0B", "name": "Saalekreis" }, "geometry": { "type": "Polygon", "coordinates": [ [ [ 12.198938751626249, 51.531320554029293 ], [ 12.193544296571909, 51.332518588368046 ], [ 12.170904669070827, 51.275508453992352 ], [ 11.872162909789699, 51.244656879784763 ], [ 11.473016307355277, 51.296467633307977 ], [ 11.393106865095813, 51.359495491497924 ], [ 11.716896291023298, 51.448371236161321 ], [ 11.751612579154401, 51.633283486673726 ], [ 11.865443506784414, 51.675391520098636 ], [ 12.198938751626249, 51.531320554029293 ] ], [ [ 11.845280846672674, 51.482793255347168 ], [ 11.969075104441785, 51.412824153790787 ], [ 12.078274729650641, 51.459422931180455 ], [ 12.001745252417381, 51.525020147186801 ], [ 11.845280846672674, 51.482793255347168 ] ] ] } },
{ "type": "Feature", "properties": { "NUTS_ID": "DEE0C", "name": "Salzlandkreis" }, "geometry": { "type": "Polygon", "coordinates": [ [ [ 11.865443506784414, 51.675391520098636 ], [ 11.751612579154401, 51.633283486673726 ], [ 11.401613331085494, 51.729939610733112 ], [ 11.265997524445714, 51.802401131281783 ], [ 11.340847433338986, 51.901233927558806 ], [ 11.386293677069649, 51.981572861083642 ], [ 11.563750027999932, 51.969283885924789 ], [ 11.637068951003586, 52.030117875368553 ], [ 11.762358536043001, 52.073071454016912 ], [ 11.890805583598251, 52.0013964875602 ], [ 11.963914954477719, 51.903663423958569 ], [ 11.868618419394373, 51.824374126405068 ], [ 11.865443506784414, 51.675391520098636 ] ] ] } },
{ "type": "Feature", "properties": { "NUTS_ID": "DEE0D", "name": "Stendal" }, "geometry": { "type": "Polygon", "coordinates": [ [ [ 12.249203417279562, 52.791861922159754 ], [ 12.171291236282055, 52.506182397657135 ], [ 12.02631977853995, 52.521796966154909 ], [ 11.851885701095485, 52.331577982166777 ], [ 11.812244228165319, 52.397166600112612 ], [ 11.5871623817412, 52.458694595181633 ], [ 11.577822947495902, 52.593332099267201 ], [ 11.477929628971305, 52.627723195494035 ], [ 11.60985474972032, 52.893788568263346 ], [ 11.505026933444398, 52.94103256941888 ], [ 11.597784478437307, 53.035926647455199 ], [ 11.914646119002118, 52.895431689868815 ], [ 12.126811585676203, 52.890199553753192 ], [ 12.249203417279562, 52.791861922159754 ] ] ] } },
{ "type": "Feature", "properties": { "NUTS_ID": "DEE0E", "name": "Wittenberg" }, "geometry": { "type": "Polygon", "coordinates": [ [ [ 13.150913351374435, 51.859610349066202 ], [ 13.151754281600429, 51.709762828377393 ], [ 13.051024799467415, 51.647676924865401 ], [ 12.580262893609332, 51.626065520019885 ], [ 12.335906747981124, 51.733813899365806 ], [ 12.281266484686935, 51.970292429746024 ], [ 12.376122676364824, 52.045119495807711 ], [ 12.769780495851469, 51.979274543152719 ], [ 13.150913351374435, 51.859610349066202 ] ] ] } },
{ "type": "Feature", "properties": { "NUTS_ID": "DEF01", "name": "Flensburg, Kreisfreie Stadt" }, "geometry": { "type": "Polygon", "coordinates": [ [ [ 9.491949533901854, 54.822635551288677 ], [ 9.501525042784497, 54.774110980064094 ], [ 9.447579387190638, 54.752903837560659 ], [ 9.379878893768918, 54.756464931016382 ], [ 9.364057694227833, 54.781086094112553 ], [ 9.399235664365502, 54.794918452428888 ], [ 9.408318589251669, 54.818029735263863 ], [ 9.422933882144253, 54.823223095552599 ], [ 9.491949533901854, 54.822635551288677 ] ] ] } },
{ "type": "Feature", "properties": { "NUTS_ID": "DEF02", "name": "Kiel, Kreisfreie Stadt" }, "geometry": { "type": "Polygon", "coordinates": [ [ [ 10.174162138620433, 54.345745581924604 ], [ 10.186611877432579, 54.287511954774047 ], [ 10.123427821775376, 54.255513590643375 ], [ 10.081414054358639, 54.309092415658689 ], [ 10.168516790722354, 54.432845015457524 ], [ 10.174162138620433, 54.345745581924604 ] ] ] } },
{ "type": "Feature", "properties": { "NUTS_ID": "DEF03", "name": "Lübeck, Kreisfreie Stadt" }, "geometry": { "type": "Polygon", "coordinates": [ [ [ 10.903661396334659, 53.956821954673117 ], [ 10.76296457850734, 53.81115294468345 ], [ 10.582280075316138, 53.804648852788816 ], [ 10.579575606312076, 53.897626422980707 ], [ 10.728152434179721, 53.915302427126178 ], [ 10.840885765870986, 53.991893863499911 ], [ 10.903661396334659, 53.956821954673117 ] ] ] } },
{ "type": "Feature", "properties": { "NUTS_ID": "DEF04", "name": "Neumünster, Kreisfreie Stadt" }, "geometry": { "type": "Polygon", "coordinates": [ [ [ 10.055894508589809, 54.05712958610976 ], [ 9.944359008590073, 54.021762599110843 ], [ 9.954233303737276, 54.1147905883211 ], [ 10.034851592070073, 54.128785036497334 ], [ 10.055894508589809, 54.05712958610976 ] ] ] } },
{ "type": "Feature", "properties": { "NUTS_ID": "DEF05", "name": "Dithmarschen" }, "geometry": { "type": "Polygon", "coordinates": [ [ [ 8.844813220659953, 54.265532800652586 ], [ 9.029719440655336, 54.365774031402488 ], [ 9.175955175266145, 54.334931932128946 ], [ 9.393510856494661, 54.288965040964307 ], [ 9.434330876368406, 54.196112588019538 ], [ 9.31108473267026, 54.063437043984024 ], [ 9.198433483992687, 53.889432132374409 ], [ 8.987136658759265, 53.896157180592013 ], [ 8.889128820245546, 53.955795924601162 ], [ 8.851253710380362, 54.017417492429715 ], [ 8.936953643339141, 54.075736380790431 ], [ 8.830173989293503, 54.161176713433754 ], [ 8.844813220659953, 54.265532800652586 ] ] ] } },
{ "type": "Feature", "properties": { "NUTS_ID": "DEF06", "name": "Herzogtum Lauenburg" }, "geometry": { "type": "Polygon", "coordinates": [ [ [ 10.23667840033241, 53.49635435021996 ], [ 10.464069519120422, 53.618973046456865 ], [ 10.445728330594299, 53.745597306930712 ], [ 10.582280075316138, 53.804648852788816 ], [ 10.76296457850734, 53.81115294468345 ], [ 10.951918315267266, 53.64762249369754 ], [ 10.907649858748972, 53.577464306075093 ], [ 10.838545584663029, 53.557127972457344 ], [ 10.810076885383303, 53.515570477677798 ], [ 10.642202668711599, 53.442165477866439 ], [ 10.595046769555481, 53.363927617466999 ], [ 10.469243958254467, 53.385815357252909 ], [ 10.307954020289039, 53.433201005592061 ], [ 10.23667840033241, 53.49635435021996 ] ] ] } },
{ "type": "Feature", "properties": { "NUTS_ID": "DEF07", "name": "Nordfriesland" }, "geometry": { "type": "MultiPolygon", "coordinates": [ [ [ [ 9.308622355798958, 54.458316062181908 ], [ 9.175955175266145, 54.334931932128946 ], [ 9.029719440655336, 54.365774031402488 ], [ 8.844813220659953, 54.265532800652586 ], [ 8.690795304307509, 54.332027557775184 ], [ 8.8602011925919, 54.441492039009241 ], [ 8.860056986140293, 54.580109809200977 ], [ 8.650595328579174, 54.823581335121823 ], [ 8.63599979826081, 54.911569266440281 ], [ 9.113097123687302, 54.873601596571817 ], [ 9.098862499336796, 54.721874991167887 ], [ 9.286012770967966, 54.556071877727888 ], [ 9.308622355798958, 54.458316062181908 ] ] ], [ [ [ 8.668103875478604, 54.483950340038191 ], [ 8.610137014444062, 54.482697247478626 ], [ 8.561383860302534, 54.520506519662149 ], [ 8.686306804336725, 54.563442496873044 ], [ 8.724478299324527, 54.554262480757771 ], [ 8.708697684707785, 54.507327592269235 ], [ 8.668103875478604, 54.483950340038191 ] ] ], [ [ [ 8.629596445455617, 54.713417632809815 ], [ 8.542944389447808, 54.671110555755057 ], [ 8.445008360349613, 54.7118146822855 ], [ 8.547550549619416, 54.758585272900774 ], [ 8.629596445455617, 54.713417632809815 ] ] ], [ [ [ 8.376755550181418, 54.880403030541338 ], [ 8.315361091588111, 54.84548841315722 ], [ 8.271889550564508, 54.863023013444092 ], [ 8.308929948473853, 54.950074039567909 ], [ 8.355316065416634, 54.977031261489593 ], [ 8.376755550181418, 54.880403030541338 ] ] ], [ [ [ 8.383573656603517, 54.630791044967459 ], [ 8.327702291903698, 54.611170280710546 ], [ 8.253172326552018, 54.66825800978085 ], [ 8.349281935488703, 54.728737205074175 ], [ 8.383573656603517, 54.630791044967459 ] ] ] ] } },
{ "type": "Feature", "properties": { "NUTS_ID": "DEF08", "name": "Ostholstein" }, "geometry": { "type": "MultiPolygon", "coordinates": [ [ [ [ 11.272273696451592, 54.433658714998529 ], [ 11.152451704003692, 54.391360680985777 ], [ 10.997019318534853, 54.466554028082697 ], [ 11.157948092210072, 54.517904082108231 ], [ 11.272273696451592, 54.433658714998529 ] ] ], [ [ [ 10.728152434179721, 53.915302427126178 ], [ 10.579575606312076, 53.897626422980707 ], [ 10.533857345062851, 53.918810460333304 ], [ 10.502147498347682, 53.989730310831703 ], [ 10.543672816619083, 54.053598263787165 ], [ 10.417470782345989, 54.083244914201103 ], [ 10.72815243356936, 54.307671385366639 ], [ 10.95380306766547, 54.373479166987828 ], [ 11.073302325293971, 54.311485116174438 ], [ 11.062144935288366, 54.190118450844757 ], [ 10.778360441419876, 54.063667546147514 ], [ 10.840885765870986, 53.991893863499911 ], [ 10.728152434179721, 53.915302427126178 ] ] ] ] } },
{ "type": "Feature", "properties": { "NUTS_ID": "DEF09", "name": "Pinneberg" }, "geometry": { "type": "Polygon", "coordinates": [ [ [ 9.517639893619672, 53.713861577912184 ], [ 9.568054436664655, 53.745597306452872 ], [ 9.64661180453667, 53.791291905412287 ], [ 9.666942230769461, 53.874425162534983 ], [ 9.751445211618408, 53.893038559683895 ], [ 9.975920668584395, 53.745597306502816 ], [ 9.945375868994955, 53.652928139604789 ], [ 9.734364862366693, 53.565215524406128 ], [ 9.579590676496652, 53.619119043889974 ], [ 9.517639893619672, 53.713861577912184 ] ] ] } },
{ "type": "Feature", "properties": { "NUTS_ID": "DEF0A", "name": "Plön" }, "geometry": { "type": "Polygon", "coordinates": [ [ [ 10.72815243356936, 54.307671385366639 ], [ 10.417470782345989, 54.083244914201103 ], [ 10.055894508589809, 54.05712958610976 ], [ 10.034851592070073, 54.128785036497334 ], [ 10.109097918692273, 54.152285282354619 ], [ 10.123427821775376, 54.255513590643375 ], [ 10.186611877432579, 54.287511954774047 ], [ 10.174162138620433, 54.345745581924604 ], [ 10.341321107311099, 54.428071622735658 ], [ 10.72815243356936, 54.307671385366639 ] ] ] } },
{ "type": "Feature", "properties": { "NUTS_ID": "DEF0B", "name": "Rendsburg-Eckernförde" }, "geometry": { "type": "Polygon", "coordinates": [ [ [ 10.168516790722354, 54.432845015457524 ], [ 10.081414054358639, 54.309092415658689 ], [ 10.123427821775376, 54.255513590643375 ], [ 10.109097918692273, 54.152285282354619 ], [ 10.034851592070073, 54.128785036497334 ], [ 9.954233303737276, 54.1147905883211 ], [ 9.944359008590073, 54.021762599110843 ], [ 9.864329699407213, 54.012030513905742 ], [ 9.520795135246583, 54.084858852588098 ], [ 9.31108473267026, 54.063437043984024 ], [ 9.434330876368406, 54.196112588019538 ], [ 9.393510856494661, 54.288965040964307 ], [ 9.675010666963088, 54.496097076171047 ], [ 9.942318941686619, 54.633922193543285 ], [ 10.031170217910226, 54.636574940219901 ], [ 9.976350848356239, 54.479313442060572 ], [ 10.168516790722354, 54.432845015457524 ] ] ] } },
{ "type": "Feature", "properties": { "NUTS_ID": "DEF0C", "name": "Schleswig-Flensburg" }, "geometry": { "type": "Polygon", "coordinates": [ [ [ 9.420151638211827, 54.831956402958284 ], [ 9.422933882144253, 54.823223095552599 ], [ 9.408318589251669, 54.818029735263863 ], [ 9.399235664365502, 54.794918452428888 ], [ 9.364057694227833, 54.781086094112553 ], [ 9.379878893768918, 54.756464931016382 ], [ 9.447579387190638, 54.752903837560659 ], [ 9.501525042784497, 54.774110980064094 ], [ 9.491949533901854, 54.822635551288677 ], [ 9.946252908624363, 54.76844848872468 ], [ 10.031170217910226, 54.636574940219901 ], [ 9.942318941686619, 54.633922193543285 ], [ 9.675010666963088, 54.496097076171047 ], [ 9.393510856494661, 54.288965040964307 ], [ 9.175955175266145, 54.334931932128946 ], [ 9.308622355798958, 54.458316062181908 ], [ 9.286012770967966, 54.556071877727888 ], [ 9.098862499336796, 54.721874991167887 ], [ 9.113097123687302, 54.873601596571817 ], [ 9.295612508488603, 54.808344763428828 ], [ 9.420151638211827, 54.831956402958284 ] ] ] } },
{ "type": "Feature", "properties": { "NUTS_ID": "DEF0D", "name": "Segeberg" }, "geometry": { "type": "Polygon", "coordinates": [ [ [ 9.864329699407213, 54.012030513905742 ], [ 9.944359008590073, 54.021762599110843 ], [ 10.055894508589809, 54.05712958610976 ], [ 10.417470782345989, 54.083244914201103 ], [ 10.543672816619083, 54.053598263787165 ], [ 10.502147498347682, 53.989730310831703 ], [ 10.533857345062851, 53.918810460333304 ], [ 10.023581431763567, 53.745597306544248 ], [ 10.072805056689944, 53.709633978320156 ], [ 9.945375868994955, 53.652928139604789 ], [ 9.975920668584395, 53.745597306502816 ], [ 9.751445211618408, 53.893038559683895 ], [ 9.864329699407213, 54.012030513905742 ] ] ] } },
{ "type": "Feature", "properties": { "NUTS_ID": "DEF0E", "name": "Steinburg" }, "geometry": { "type": "Polygon", "coordinates": [ [ [ 9.198433483992687, 53.889432132374409 ], [ 9.31108473267026, 54.063437043984024 ], [ 9.520795135246583, 54.084858852588098 ], [ 9.864329699407213, 54.012030513905742 ], [ 9.751445211618408, 53.893038559683895 ], [ 9.666942230769461, 53.874425162534983 ], [ 9.64661180453667, 53.791291905412287 ], [ 9.568054436664655, 53.745597306452872 ], [ 9.517639893619672, 53.713861577912184 ], [ 9.198433483992687, 53.889432132374409 ] ] ] } },
{ "type": "Feature", "properties": { "NUTS_ID": "DEF0F", "name": "Stormarn" }, "geometry": { "type": "Polygon", "coordinates": [ [ [ 10.072805056689944, 53.709633978320156 ], [ 10.023581431763567, 53.745597306544248 ], [ 10.533857345062851, 53.918810460333304 ], [ 10.579575606312076, 53.897626422980707 ], [ 10.582280075316138, 53.804648852788816 ], [ 10.445728330594299, 53.745597306930712 ], [ 10.464069519120422, 53.618973046456865 ], [ 10.23667840033241, 53.49635435021996 ], [ 10.164742717015123, 53.548027465827047 ], [ 10.193154249485179, 53.64439012567383 ], [ 10.072805056689944, 53.709633978320156 ] ] ] } },
{ "type": "Feature", "properties": { "NUTS_ID": "DEG01", "name": "Erfurt, Kreisfreie Stadt" }, "geometry": { "type": "Polygon", "coordinates": [ [ [ 11.110259357609676, 50.913112604849246 ], [ 10.936164969325446, 50.894874653769079 ], [ 10.862985483626344, 51.026543904540702 ], [ 11.036962755629602, 51.063884088800215 ], [ 11.17047187768557, 51.01846790988558 ], [ 11.110259357609676, 50.913112604849246 ] ] ] } },
{ "type": "Feature", "properties": { "NUTS_ID": "DEG02", "name": "Gera, Kreisfreie Stadt" }, "geometry": { "type": "Polygon", "coordinates": [ [ [ 12.163529434333306, 50.958600098348583 ], [ 12.0796940535333, 50.825944908904326 ], [ 12.019297560273476, 50.850126967045938 ], [ 12.021172477688467, 50.947952579714759 ], [ 12.021018649637583, 50.969122515077004 ], [ 12.163529434333306, 50.958600098348583 ] ] ] } },
{ "type": "Feature", "properties": { "NUTS_ID": "DEG03", "name": "Jena, Kreisfreie Stadt" }, "geometry": { "type": "Polygon", "coordinates": [ [ [ 11.504811174809689, 50.906242638562702 ], [ 11.547322032435009, 50.989057359358831 ], [ 11.650689545136258, 50.953446514175404 ], [ 11.655689183340533, 50.895237052810252 ], [ 11.57797125485666, 50.869368162053412 ], [ 11.504811174809689, 50.906242638562702 ] ] ] } },
{ "type": "Feature", "properties": { "NUTS_ID": "DEG05", "name": "Weimar, Kreisfreie Stadt" }, "geometry": { "type": "Polygon", "coordinates": [ [ [ 11.241135977556162, 50.92567167118105 ], [ 11.277837481674494, 51.025461747446691 ], [ 11.409038344890574, 50.99439214595369 ], [ 11.346091074218293, 50.9259380121932 ], [ 11.241135977556162, 50.92567167118105 ] ] ] } },
{ "type": "Feature", "properties": { "NUTS_ID": "DEG06", "name": "Eichsfeld" }, "geometry": { "type": "Polygon", "coordinates": [ [ [ 10.523169823408319, 51.36973541706999 ], [ 10.501428688608804, 51.327348875359242 ], [ 10.206942225573236, 51.19064892481903 ], [ 9.968192635808263, 51.305189927923188 ], [ 9.928338962902815, 51.375299091038457 ], [ 10.488551121061539, 51.574778474860956 ], [ 10.523169823408319, 51.36973541706999 ] ] ] } },
{ "type": "Feature", "properties": { "NUTS_ID": "DEG07", "name": "Nordhausen" }, "geometry": { "type": "Polygon", "coordinates": [ [ [ 10.701372107169034, 51.642187637627231 ], [ 10.810076885653611, 51.639591712340511 ], [ 10.916059003111085, 51.616373931315898 ], [ 10.978112958041882, 51.42688510202381 ], [ 10.810076884312469, 51.418551332575973 ], [ 10.523169823408319, 51.36973541706999 ], [ 10.488551121061539, 51.574778474860956 ], [ 10.677283104084806, 51.638375860559208 ], [ 10.701372107169034, 51.642187637627231 ] ] ] } },
{ "type": "Feature", "properties": { "NUTS_ID": "DEG09", "name": "Unstrut-Hainich-Kreis" }, "geometry": { "type": "Polygon", "coordinates": [ [ [ 10.922568706311793, 51.205328853279347 ], [ 10.880309068430966, 51.098252495579004 ], [ 10.810076885458081, 51.097909151233615 ], [ 10.614710731228138, 51.039162911193579 ], [ 10.210012784792154, 51.144082949816024 ], [ 10.206942225573236, 51.19064892481903 ], [ 10.501428688608804, 51.327348875359242 ], [ 10.810076885150169, 51.221374208456631 ], [ 10.922568706311793, 51.205328853279347 ] ] ] } },
{ "type": "Feature", "properties": { "NUTS_ID": "DEG0A", "name": "Kyffhäuserkreis" }, "geometry": { "type": "Polygon", "coordinates": [ [ [ 11.473016307355277, 51.296467633307977 ], [ 11.385374531259828, 51.245886979470889 ], [ 11.06915673861635, 51.305552859039402 ], [ 10.922568706311793, 51.205328853279347 ], [ 10.810076885150169, 51.221374208456631 ], [ 10.501428688608804, 51.327348875359242 ], [ 10.523169823408319, 51.36973541706999 ], [ 10.810076884312469, 51.418551332575973 ], [ 10.978112958041882, 51.42688510202381 ], [ 11.393106865095813, 51.359495491497924 ], [ 11.473016307355277, 51.296467633307977 ] ] ] } },
{ "type": "Feature", "properties": { "NUTS_ID": "DEG0C", "name": "Gotha" }, "geometry": { "type": "Polygon", "coordinates": [ [ [ 10.862985483626344, 51.026543904540702 ], [ 10.936164969325446, 50.894874653769079 ], [ 10.810076884534976, 50.769630320680356 ], [ 10.752704078671121, 50.71847094843752 ], [ 10.411410073785168, 50.850239582121908 ], [ 10.614710731228138, 51.039162911193579 ], [ 10.810076885458081, 51.097909151233615 ], [ 10.880309068430966, 51.098252495579004 ], [ 10.862985483626344, 51.026543904540702 ] ] ] } },
{ "type": "Feature", "properties": { "NUTS_ID": "DEG0D", "name": "Sömmerda" }, "geometry": { "type": "Polygon", "coordinates": [ [ [ 11.484608316744598, 51.105437473381052 ], [ 11.23009634292473, 51.097480428586309 ], [ 11.17047187768557, 51.01846790988558 ], [ 11.036962755629602, 51.063884088800215 ], [ 10.862985483626344, 51.026543904540702 ], [ 10.880309068430966, 51.098252495579004 ], [ 10.922568706311793, 51.205328853279347 ], [ 11.06915673861635, 51.305552859039402 ], [ 11.385374531259828, 51.245886979470889 ], [ 11.484608316744598, 51.105437473381052 ] ] ] } },
{ "type": "Feature", "properties": { "NUTS_ID": "DEG0E", "name": "Hildburghausen" }, "geometry": { "type": "Polygon", "coordinates": [ [ [ 10.992608212486841, 50.528619348090309 ], [ 10.945591155512574, 50.386506045559067 ], [ 10.752882157523922, 50.355286974711554 ], [ 10.805427038539561, 50.268510077234588 ], [ 10.729443146775038, 50.230264459317766 ], [ 10.610162427345273, 50.227920402765633 ], [ 10.586551139725643, 50.323437321720178 ], [ 10.45053222935892, 50.401859653923879 ], [ 10.56388875401578, 50.457182704897768 ], [ 10.582463869641572, 50.585435911242229 ], [ 10.82725652586892, 50.580517624685491 ], [ 10.968654557922472, 50.552752613941571 ], [ 10.992608212486841, 50.528619348090309 ] ] ] } },
{ "type": "Feature", "properties": { "NUTS_ID": "DEG0G", "name": "Weimarer Land" }, "geometry": { "type": "Polygon", "coordinates": [ [ [ 11.696938354493396, 51.087491131209681 ], [ 11.547322032435009, 50.989057359358831 ], [ 11.504811174809689, 50.906242638562702 ], [ 11.423871886314224, 50.808598903106294 ], [ 11.221885256861391, 50.803886084092113 ], [ 11.110259357609676, 50.913112604849246 ], [ 11.17047187768557, 51.01846790988558 ], [ 11.23009634292473, 51.097480428586309 ], [ 11.484608316744598, 51.105437473381052 ], [ 11.696938354493396, 51.087491131209681 ] ], [ [ 11.241135977556162, 50.92567167118105 ], [ 11.346091074218293, 50.9259380121932 ], [ 11.409038344890574, 50.99439214595369 ], [ 11.277837481674494, 51.025461747446691 ], [ 11.241135977556162, 50.92567167118105 ] ] ] } },
{ "type": "Feature", "properties": { "NUTS_ID": "DEG0J", "name": "Saale-Holzland-Kreis" }, "geometry": { "type": "Polygon", "coordinates": [ [ [ 12.021018649637583, 50.969122515077004 ], [ 12.021172477688467, 50.947952579714759 ], [ 11.866545770458137, 50.788067587006843 ], [ 11.544709460288038, 50.750793981274839 ], [ 11.423871886314224, 50.808598903106294 ], [ 11.504811174809689, 50.906242638562702 ], [ 11.57797125485666, 50.869368162053412 ], [ 11.655689183340533, 50.895237052810252 ], [ 11.650689545136258, 50.953446514175404 ], [ 11.547322032435009, 50.989057359358831 ], [ 11.696938354493396, 51.087491131209681 ], [ 12.021018649637583, 50.969122515077004 ] ] ] } },
{ "type": "Feature", "properties": { "NUTS_ID": "DEG0K", "name": "Saale-Orla-Kreis" }, "geometry": { "type": "Polygon", "coordinates": [ [ [ 11.603290308076792, 50.398765898678313 ], [ 11.481568223952218, 50.431621396746877 ], [ 11.500497054030181, 50.52779575919746 ], [ 11.578400252444036, 50.576760614030455 ], [ 11.495554422527629, 50.685884879092931 ], [ 11.544709460288038, 50.750793981274839 ], [ 11.866545770458137, 50.788067587006843 ], [ 11.944137313618414, 50.591275411320972 ], [ 11.896885220995811, 50.540045233705683 ], [ 11.919323121843766, 50.424728014089311 ], [ 11.603290308076792, 50.398765898678313 ] ] ] } },
{ "type": "Feature", "properties": { "NUTS_ID": "DEG0L", "name": "Greiz" }, "geometry": { "type": "Polygon", "coordinates": [ [ [ 12.224168974743996, 50.942935050278379 ], [ 12.250495470131911, 50.818537440049816 ], [ 12.250887418231356, 50.730295279097724 ], [ 12.318916290711345, 50.676532382352221 ], [ 12.065501267360201, 50.568679811214828 ], [ 11.944137313618414, 50.591275411320972 ], [ 11.866545770458137, 50.788067587006843 ], [ 12.021172477688467, 50.947952579714759 ], [ 12.019297560273476, 50.850126967045938 ], [ 12.0796940535333, 50.825944908904326 ], [ 12.163529434333306, 50.958600098348583 ], [ 12.224168974743996, 50.942935050278379 ] ] ] } },
{ "type": "Feature", "properties": { "NUTS_ID": "DEG0M", "name": "Altenburger Land" }, "geometry": { "type": "Polygon", "coordinates": [ [ [ 12.652865524488112, 50.92367806241667 ], [ 12.250495470131911, 50.818537440049816 ], [ 12.224168974743996, 50.942935050278379 ], [ 12.283546928580691, 51.091924022857711 ], [ 12.436609795297301, 51.080388734158667 ], [ 12.617354823654779, 50.980793091144371 ], [ 12.652865524488112, 50.92367806241667 ] ] ] } },
{ "type": "Feature", "properties": { "NUTS_ID": "DEG0Q", "name": "Schmalkalden-Meiningen" }, "geometry": { "type": "Polygon", "coordinates": [ [ [ 10.411410073785168, 50.850239582121908 ], [ 10.752704078671121, 50.71847094843752 ], [ 10.752562237341238, 50.686989134157542 ], [ 10.582463869641572, 50.585435911242229 ], [ 10.56388875401578, 50.457182704897768 ], [ 10.45053222935892, 50.401859653923879 ], [ 10.201043550685069, 50.549664913145726 ], [ 10.041338322650201, 50.516469643388334 ], [ 10.05632452730803, 50.668076477674298 ], [ 10.169273657724636, 50.682667648972931 ], [ 10.411410073785168, 50.850239582121908 ] ] ] } },
{ "type": "Feature", "properties": { "NUTS_ID": "DEG0R", "name": "Wartburgkreis" }, "geometry": { "type": "Polygon", "coordinates": [ [ [ 10.210012784792154, 51.144082949816024 ], [ 10.614710731228138, 51.039162911193579 ], [ 10.411410073785168, 50.850239582121908 ], [ 10.169273657724636, 50.682667648972931 ], [ 10.05632452730803, 50.668076477674298 ], [ 9.901707055272027, 50.654547681879123 ], [ 9.926176385857406, 50.767389842730942 ], [ 10.036715255645056, 50.867081304120553 ], [ 10.021558490126456, 50.992949559736829 ], [ 10.179671200690546, 51.013111035765547 ], [ 10.210012784792154, 51.144082949816024 ] ] ] } },
{ "type": "Feature", "properties": { "NUTS_ID": "DEG0S", "name": "Suhl, Kreisfreie Stadt" }, "geometry": { "type": "Polygon", "coordinates": [ [ [ 10.82725652586892, 50.580517624685491 ], [ 10.582463869641572, 50.585435911242229 ], [ 10.752562237341238, 50.686989134157542 ], [ 10.810076885651744, 50.675441052654875 ], [ 10.830714502513757, 50.616922047699646 ], [ 10.82725652586892, 50.580517624685491 ] ] ] } },
{ "type": "Feature", "properties": { "NUTS_ID": "DEG0T", "name": "Ilm-Kreis" }, "geometry": { "type": "Polygon", "coordinates": [ [ [ 11.221885256861391, 50.803886084092113 ], [ 11.075724771412077, 50.703054967468333 ], [ 11.052287057247529, 50.571967080786649 ], [ 10.968654557922472, 50.552752613941571 ], [ 10.82725652586892, 50.580517624685491 ], [ 10.830714502513757, 50.616922047699646 ], [ 10.810076885651744, 50.675441052654875 ], [ 10.752562237341238, 50.686989134157542 ], [ 10.752704078671121, 50.71847094843752 ], [ 10.810076884534976, 50.769630320680356 ], [ 10.936164969325446, 50.894874653769079 ], [ 11.110259357609676, 50.913112604849246 ], [ 11.221885256861391, 50.803886084092113 ] ] ] } },
{ "type": "Feature", "properties": { "NUTS_ID": "DEG0U", "name": "Saalfeld-Rudolstadt" }, "geometry": { "type": "Polygon", "coordinates": [ [ [ 11.544709460288038, 50.750793981274839 ], [ 11.495554422527629, 50.685884879092931 ], [ 11.578400252444036, 50.576760614030455 ], [ 11.500497054030181, 50.52779575919746 ], [ 11.481568223952218, 50.431621396746877 ], [ 11.385038190368883, 50.511339289726024 ], [ 11.265937885406963, 50.479421105337323 ], [ 11.175301317037071, 50.547538823940897 ], [ 10.992608212486841, 50.528619348090309 ], [ 10.968654557922472, 50.552752613941571 ], [ 11.052287057247529, 50.571967080786649 ], [ 11.075724771412077, 50.703054967468333 ], [ 11.221885256861391, 50.803886084092113 ], [ 11.423871886314224, 50.808598903106294 ], [ 11.544709460288038, 50.750793981274839 ] ] ] } },
{ "type": "Feature", "properties": { "NUTS_ID": "DEG0V", "name": "Sonneberg" }, "geometry": { "type": "Polygon", "coordinates": [ [ [ 11.189943054442246, 50.271185548690106 ], [ 11.113501553790234, 50.351931709917473 ], [ 10.945591155512574, 50.386506045559067 ], [ 10.992608212486841, 50.528619348090309 ], [ 11.175301317037071, 50.547538823940897 ], [ 11.265937885406963, 50.479421105337323 ], [ 11.268402127735719, 50.328164389156981 ], [ 11.189943054442246, 50.271185548690106 ] ] ] } },
{ "type": "Feature", "properties": { "NUTS_ID": "DE111", "name": "Stuttgart, Stadtkreis" }, "geometry": { "type": "Polygon", "coordinates": [ [ [ 9.067997665978861, 48.75658014266039 ], [ 9.12068066530926, 48.837924802422549 ], [ 9.244170226626553, 48.847008439178694 ], [ 9.313648859870725, 48.774483466531876 ], [ 9.104720510535456, 48.709079625799482 ], [ 9.067997665978861, 48.75658014266039 ] ] ] } },
{ "type": "Feature", "properties": { "NUTS_ID": "DE112", "name": "Böblingen" }, "geometry": { "type": "Polygon", "coordinates": [ [ [ 8.804181330887669, 48.777778083431457 ], [ 8.928800668356706, 48.866557058684847 ], [ 9.067997665978861, 48.75658014266039 ], [ 9.104720510535456, 48.709079625799482 ], [ 9.151229387481511, 48.604055622454204 ], [ 9.129176602370574, 48.601266505832108 ], [ 8.768902368592169, 48.521841111933867 ], [ 8.85466226530589, 48.716940203362533 ], [ 8.804181330887669, 48.777778083431457 ] ] ] } },
{ "type": "Feature", "properties": { "NUTS_ID": "DE113", "name": "Esslingen" }, "geometry": { "type": "Polygon", "coordinates": [ [ [ 9.104720510535456, 48.709079625799482 ], [ 9.313648859870725, 48.774483466531876 ], [ 9.503095542645736, 48.753939073126013 ], [ 9.582475580595318, 48.539147081086824 ], [ 9.151229387481511, 48.604055622454204 ], [ 9.104720510535456, 48.709079625799482 ] ] ] } },
{ "type": "Feature", "properties": { "NUTS_ID": "DE114", "name": "Göppingen" }, "geometry": { "type": "Polygon", "coordinates": [ [ [ 9.626598129483829, 48.774377153339721 ], [ 9.987770357536156, 48.727253553846815 ], [ 9.944071331092742, 48.631755452795325 ], [ 9.585174555307361, 48.536741632051701 ], [ 9.582475580595318, 48.539147081086824 ], [ 9.503095542645736, 48.753939073126013 ], [ 9.626598129483829, 48.774377153339721 ] ] ] } },
{ "type": "Feature", "properties": { "NUTS_ID": "DE115", "name": "Ludwigsburg" }, "geometry": { "type": "Polygon", "coordinates": [ [ [ 9.399394262644467, 49.038172333665464 ], [ 9.244170226626553, 48.847008439178694 ], [ 9.12068066530926, 48.837924802422549 ], [ 9.067997665978861, 48.75658014266039 ], [ 8.928800668356706, 48.866557058684847 ], [ 8.876031306824126, 49.035169884029685 ], [ 9.399394262644467, 49.038172333665464 ] ] ] } },
{ "type": "Feature", "properties": { "NUTS_ID": "DE116", "name": "Rems-Murr-Kreis" }, "geometry": { "type": "Polygon", "coordinates": [ [ [ 9.500877028812175, 49.079000426593858 ], [ 9.693308865359203, 48.964017124708938 ], [ 9.748164490378368, 48.846895375571343 ], [ 9.626598129483829, 48.774377153339721 ], [ 9.503095542645736, 48.753939073126013 ], [ 9.313648859870725, 48.774483466531876 ], [ 9.244170226626553, 48.847008439178694 ], [ 9.399394262644467, 49.038172333665464 ], [ 9.500877028812175, 49.079000426593858 ] ] ] } },
{ "type": "Feature", "properties": { "NUTS_ID": "DE117", "name": "Heilbronn, Stadtkreis" }, "geometry": { "type": "Polygon", "coordinates": [ [ [ 9.105409728478573, 49.142509330816019 ], [ 9.204560179069817, 49.18503552779903 ], [ 9.285214263156067, 49.134444374389005 ], [ 9.200596691874276, 49.095452460725539 ], [ 9.105409728478573, 49.142509330816019 ] ] ] } },
{ "type": "Feature", "properties": { "NUTS_ID": "DE118", "name": "Heilbronn, Landkreis" }, "geometry": { "type": "Polygon", "coordinates": [ [ [ 8.818233083498667, 49.194496903786273 ], [ 9.049126316353156, 49.292862483274483 ], [ 9.443491342648365, 49.364336971933774 ], [ 9.456599118685306, 49.295867715362618 ], [ 9.371758845405369, 49.174341554362755 ], [ 9.527490701326077, 49.108550897853625 ], [ 9.500877028812175, 49.079000426593858 ], [ 9.399394262644467, 49.038172333665464 ], [ 8.876031306824126, 49.035169884029685 ], [ 8.87779433168626, 49.058478479589006 ], [ 8.818233083498667, 49.194496903786273 ] ], [ [ 9.105409728478573, 49.142509330816019 ], [ 9.200596691874276, 49.095452460725539 ], [ 9.285214263156067, 49.134444374389005 ], [ 9.204560179069817, 49.18503552779903 ], [ 9.105409728478573, 49.142509330816019 ] ] ] } },
{ "type": "Feature", "properties": { "NUTS_ID": "DE119", "name": "Hohenlohekreis" }, "geometry": { "type": "Polygon", "coordinates": [ [ [ 9.443491342648365, 49.364336971933774 ], [ 9.603823154937018, 49.426578091975244 ], [ 9.855564522971271, 49.368367413844162 ], [ 9.827877862224716, 49.277542867360836 ], [ 9.527490701326077, 49.108550897853625 ], [ 9.371758845405369, 49.174341554362755 ], [ 9.456599118685306, 49.295867715362618 ], [ 9.443491342648365, 49.364336971933774 ] ] ] } },
{ "type": "Feature", "properties": { "NUTS_ID": "DE11A", "name": "Schwäbisch Hall" }, "geometry": { "type": "Polygon", "coordinates": [ [ [ 9.527490701326077, 49.108550897853625 ], [ 9.827877862224716, 49.277542867360836 ], [ 9.855564522971271, 49.368367413844162 ], [ 10.111966666519629, 49.384910490082518 ], [ 10.140738297003882, 49.210049165562097 ], [ 10.256763389558465, 49.0594949935725 ], [ 10.038560006170934, 49.039569782814276 ], [ 9.863528971087634, 48.931487371502861 ], [ 9.693308865359203, 48.964017124708938 ], [ 9.500877028812175, 49.079000426593858 ], [ 9.527490701326077, 49.108550897853625 ] ] ] } },
{ "type": "Feature", "properties": { "NUTS_ID": "DE11B", "name": "Main-Tauber-Kreis" }, "geometry": { "type": "Polygon", "coordinates": [ [ [ 9.410975583841781, 49.663497671748132 ], [ 9.360695684593571, 49.756437707436945 ], [ 9.471497455406542, 49.779726520945971 ], [ 9.648735819680937, 49.791477409687978 ], [ 9.644790861188005, 49.721359338383465 ], [ 9.798422408665447, 49.694919557887239 ], [ 9.935535042344004, 49.500703059056548 ], [ 10.083723320344399, 49.543560901057688 ], [ 10.1183275380117, 49.473169531477339 ], [ 10.111966666519629, 49.384910490082518 ], [ 9.855564522971271, 49.368367413844162 ], [ 9.603823154937018, 49.426578091975244 ], [ 9.51528171944536, 49.475766536421737 ], [ 9.521487462597467, 49.623675950367399 ], [ 9.410975583841781, 49.663497671748132 ] ] ] } },
{ "type": "Feature", "properties": { "NUTS_ID": "DE11C", "name": "Heidenheim" }, "geometry": { "type": "Polygon", "coordinates": [ [ [ 10.230779511565043, 48.510511055500935 ], [ 9.944071331092742, 48.631755452795325 ], [ 9.987770357536156, 48.727253553846815 ], [ 10.196568958362651, 48.773601415618778 ], [ 10.423689313525626, 48.744234641171964 ], [ 10.487258069505518, 48.696662130232816 ], [ 10.277423768111097, 48.67987230434921 ], [ 10.278226336164627, 48.516094518856079 ], [ 10.230779511565043, 48.510511055500935 ] ] ] } },
{ "type": "Feature", "properties": { "NUTS_ID": "DE11D", "name": "Ostalbkreis" }, "geometry": { "type": "Polygon", "coordinates": [ [ [ 10.256763389558465, 49.0594949935725 ], [ 10.409849322678983, 48.977435566917194 ], [ 10.423689313525626, 48.744234641171964 ], [ 10.196568958362651, 48.773601415618778 ], [ 9.987770357536156, 48.727253553846815 ], [ 9.626598129483829, 48.774377153339721 ], [ 9.748164490378368, 48.846895375571343 ], [ 9.693308865359203, 48.964017124708938 ], [ 9.863528971087634, 48.931487371502861 ], [ 10.038560006170934, 49.039569782814276 ], [ 10.256763389558465, 49.0594949935725 ] ] ] } },
{ "type": "Feature", "properties": { "NUTS_ID": "DE121", "name": "Baden-Baden, Stadtkreis" }, "geometry": { "type": "Polygon", "coordinates": [ [ [ 8.129200225452582, 48.779710460964175 ], [ 8.274943004173151, 48.803907115243923 ], [ 8.31815362175829, 48.689066348765131 ], [ 8.238901287858015, 48.676713429743202 ], [ 8.129200225452582, 48.779710460964175 ] ] ] } },
{ "type": "Feature", "properties": { "NUTS_ID": "DE122", "name": "Karlsruhe, Stadtkreis" }, "geometry": { "type": "Polygon", "coordinates": [ [ [ 8.339970083330998, 49.08014999194765 ], [ 8.487075569721442, 49.035489244975807 ], [ 8.501143868603135, 48.971871513610161 ], [ 8.277348763534915, 48.98993899385254 ], [ 8.339970083330998, 49.08014999194765 ] ] ] } },
{ "type": "Feature", "properties": { "NUTS_ID": "DE123", "name": "Karlsruhe, Landkreis" }, "geometry": { "type": "Polygon", "coordinates": [ [ [ 8.413072655524681, 49.249816545081487 ], [ 8.466985734549919, 49.282975545366568 ], [ 8.487268002563326, 49.290026584833598 ], [ 8.818233083498667, 49.194496903786273 ], [ 8.87779433168626, 49.058478479589006 ], [ 8.587181198285716, 48.978118015509054 ], [ 8.493572437865025, 48.820181979206083 ], [ 8.37936692951882, 48.830921849297326 ], [ 8.261283768627932, 48.980917122496521 ], [ 8.277348763534915, 48.98993899385254 ], [ 8.501143868603135, 48.971871513610161 ], [ 8.487075569721442, 49.035489244975807 ], [ 8.339970083330998, 49.08014999194765 ], [ 8.413072655524681, 49.249816545081487 ] ] ] } },
{ "type": "Feature", "properties": { "NUTS_ID": "DE124", "name": "Rastatt" }, "geometry": { "type": "Polygon", "coordinates": [ [ [ 8.232632878579958, 48.966571391283075 ], [ 8.261283768627932, 48.980917122496521 ], [ 8.37936692951882, 48.830921849297326 ], [ 8.467962043875941, 48.750087794706261 ], [ 8.40932435660161, 48.639457566805355 ], [ 8.222006787443435, 48.603227655813633 ], [ 7.959630337704163, 48.718580947457774 ], [ 8.232632878579958, 48.966571391283075 ] ], [ [ 8.129200225452582, 48.779710460964175 ], [ 8.238901287858015, 48.676713429743202 ], [ 8.31815362175829, 48.689066348765131 ], [ 8.274943004173151, 48.803907115243923 ], [ 8.129200225452582, 48.779710460964175 ] ] ] } },
{ "type": "Feature", "properties": { "NUTS_ID": "DE125", "name": "Heidelberg, Stadtkreis" }, "geometry": { "type": "Polygon", "coordinates": [ [ [ 8.606593187629317, 49.420389305768175 ], [ 8.742867789756669, 49.460231620991308 ], [ 8.801151499768135, 49.419284047097072 ], [ 8.691462315598917, 49.342516240770891 ], [ 8.606593187629317, 49.420389305768175 ] ] ] } },
{ "type": "Feature", "properties": { "NUTS_ID": "DE126", "name": "Mannheim, Stadtkreis" }, "geometry": { "type": "Polygon", "coordinates": [ [ [ 8.422439658102929, 49.58338538136254 ], [ 8.581375035244362, 49.519780569995575 ], [ 8.563908566816366, 49.437175247806422 ], [ 8.497316241959391, 49.411346904582423 ], [ 8.472505548178043, 49.443513659875201 ], [ 8.423067954514885, 49.54182092857944 ], [ 8.422700366515597, 49.574192593890132 ], [ 8.422439658102929, 49.58338538136254 ] ] ] } },
{ "type": "Feature", "properties": { "NUTS_ID": "DE127", "name": "Neckar-Odenwald-Kreis" }, "geometry": { "type": "Polygon", "coordinates": [ [ [ 9.082780236457308, 49.52639086814181 ], [ 9.10300593211735, 49.577456107681883 ], [ 9.410975583841781, 49.663497671748132 ], [ 9.521487462597467, 49.623675950367399 ], [ 9.51528171944536, 49.475766536421737 ], [ 9.603823154937018, 49.426578091975244 ], [ 9.443491342648365, 49.364336971933774 ], [ 9.049126316353156, 49.292862483274483 ], [ 8.980005957631963, 49.385467039836783 ], [ 9.082780236457308, 49.52639086814181 ] ] ] } },
{ "type": "Feature", "properties": { "NUTS_ID": "DE128", "name": "Rhein-Neckar-Kreis" }, "geometry": { "type": "Polygon", "coordinates": [ [ [ 8.497316241959391, 49.411346904582423 ], [ 8.563908566816366, 49.437175247806422 ], [ 8.581375035244362, 49.519780569995575 ], [ 8.660167573865282, 49.591729493188097 ], [ 8.829396804654742, 49.448598437612553 ], [ 8.931880216597014, 49.470637093590582 ], [ 9.082780236457308, 49.52639086814181 ], [ 8.980005957631963, 49.385467039836783 ], [ 9.049126316353156, 49.292862483274483 ], [ 8.818233083498667, 49.194496903786273 ], [ 8.487268002563326, 49.290026584833598 ], [ 8.470915330683292, 49.340712954361166 ], [ 8.497316241959391, 49.411346904582423 ] ], [ [ 8.606593187629317, 49.420389305768175 ], [ 8.691462315598917, 49.342516240770891 ], [ 8.801151499768135, 49.419284047097072 ], [ 8.742867789756669, 49.460231620991308 ], [ 8.606593187629317, 49.420389305768175 ] ] ] } },
{ "type": "Feature", "properties": { "NUTS_ID": "DE129", "name": "Pforzheim, Stadtkreis" }, "geometry": { "type": "Polygon", "coordinates": [ [ [ 8.691029643285434, 48.835269358018749 ], [ 8.638551975797743, 48.857142992804249 ], [ 8.64772949111704, 48.892756040546359 ], [ 8.759903577342767, 48.912675175929834 ], [ 8.772856280680175, 48.850969375501492 ], [ 8.697870976506035, 48.837292410288782 ], [ 8.691029643285434, 48.835269358018749 ] ] ] } },
{ "type": "Feature", "properties": { "NUTS_ID": "DE12A", "name": "Calw" }, "geometry": { "type": "Polygon", "coordinates": [ [ [ 8.37936692951882, 48.830921849297326 ], [ 8.493572437865025, 48.820181979206083 ], [ 8.691029643285434, 48.835269358018749 ], [ 8.697870976506035, 48.837292410288782 ], [ 8.804181330887669, 48.777778083431457 ], [ 8.85466226530589, 48.716940203362533 ], [ 8.768902368592169, 48.521841111933867 ], [ 8.755710652954539, 48.504140074562386 ], [ 8.639536953119562, 48.509157695557889 ], [ 8.40932435660161, 48.639457566805355 ], [ 8.467962043875941, 48.750087794706261 ], [ 8.37936692951882, 48.830921849297326 ] ] ] } },
{ "type": "Feature", "properties": { "NUTS_ID": "DE12B", "name": "Enzkreis" }, "geometry": { "type": "Polygon", "coordinates": [ [ [ 8.87779433168626, 49.058478479589006 ], [ 8.876031306824126, 49.035169884029685 ], [ 8.928800668356706, 48.866557058684847 ], [ 8.804181330887669, 48.777778083431457 ], [ 8.697870976506035, 48.837292410288782 ], [ 8.772856280680175, 48.850969375501492 ], [ 8.759903577342767, 48.912675175929834 ], [ 8.64772949111704, 48.892756040546359 ], [ 8.638551975797743, 48.857142992804249 ], [ 8.691029643285434, 48.835269358018749 ], [ 8.493572437865025, 48.820181979206083 ], [ 8.587181198285716, 48.978118015509054 ], [ 8.87779433168626, 49.058478479589006 ] ] ] } },
{ "type": "Feature", "properties": { "NUTS_ID": "DE12C", "name": "Freudenstadt" }, "geometry": { "type": "Polygon", "coordinates": [ [ [ 8.40932435660161, 48.639457566805355 ], [ 8.639536953119562, 48.509157695557889 ], [ 8.755710652954539, 48.504140074562386 ], [ 8.774055094427888, 48.416278354281438 ], [ 8.731257358072275, 48.380144093233746 ], [ 8.303991905516089, 48.349094642342159 ], [ 8.259517880083132, 48.38014409381713 ], [ 8.222006787443435, 48.603227655813633 ], [ 8.40932435660161, 48.639457566805355 ] ] ] } },
{ "type": "Feature", "properties": { "NUTS_ID": "DE131", "name": "Freiburg im Breisgau, Stadtkreis" }, "geometry": { "type": "Polygon", "coordinates": [ [ [ 7.850602527968165, 48.052035887054537 ], [ 7.90223899011509, 47.994420881643073 ], [ 7.892143642992512, 47.94646462217036 ], [ 7.734860008421458, 47.973757404897242 ], [ 7.824708048730026, 48.069025895143398 ], [ 7.850602527968165, 48.052035887054537 ] ] ] } },
{ "type": "Feature", "properties": { "NUTS_ID": "DE132", "name": "Breisgau-Hochschwarzwald" }, "geometry": { "type": "Polygon", "coordinates": [ [ [ 7.577290834690899, 48.115655069340868 ], [ 7.824708048730026, 48.069025895143398 ], [ 7.734860008421458, 47.973757404897242 ], [ 7.892143642992512, 47.94646462217036 ], [ 7.90223899011509, 47.994420881643073 ], [ 7.850602527968165, 48.052035887054537 ], [ 8.136036635570257, 48.00932499678148 ], [ 8.296789130781885, 47.97905218827421 ], [ 8.439033560753549, 47.853638523601632 ], [ 8.174038686331347, 47.783108277630596 ], [ 8.017967459675109, 47.841120621083292 ], [ 7.898393435118279, 47.869711885369597 ], [ 7.54599041370216, 47.743573960857233 ], [ 7.604545128216876, 47.968912849526376 ], [ 7.577290834690899, 48.115655069340868 ] ] ] } },
{ "type": "Feature", "properties": { "NUTS_ID": "DE133", "name": "Emmendingen" }, "geometry": { "type": "Polygon", "coordinates": [ [ [ 7.68071292674086, 48.257267153658709 ], [ 8.180334990220285, 48.183920030790759 ], [ 8.136036635570257, 48.00932499678148 ], [ 7.850602527968165, 48.052035887054537 ], [ 7.824708048730026, 48.069025895143398 ], [ 7.577290834690899, 48.115655069340868 ], [ 7.576981681665536, 48.119056386950163 ], [ 7.68071292674086, 48.257267153658709 ] ] ] } },
{ "type": "Feature", "properties": { "NUTS_ID": "DE134", "name": "Ortenaukreis" }, "geometry": { "type": "Polygon", "coordinates": [ [ [ 7.959630337704163, 48.718580947457774 ], [ 8.222006787443435, 48.603227655813633 ], [ 8.259517880083132, 48.38014409381713 ], [ 8.303991905516089, 48.349094642342159 ], [ 8.282725738139463, 48.17166991520439 ], [ 8.180334990220285, 48.183920030790759 ], [ 7.68071292674086, 48.257267153658709 ], [ 7.731775145801955, 48.380144093820597 ], [ 7.824622052535952, 48.611434856564649 ], [ 7.959630337704163, 48.718580947457774 ] ] ] } },
{ "type": "Feature", "properties": { "NUTS_ID": "DE135", "name": "Rottweil" }, "geometry": { "type": "Polygon", "coordinates": [ [ [ 8.303991905516089, 48.349094642342159 ], [ 8.731257358072275, 48.380144093233746 ], [ 8.685090440291454, 48.28065547676151 ], [ 8.751237166978784, 48.159540140060493 ], [ 8.604284359644572, 48.074715571485079 ], [ 8.484029299339852, 48.170205418424281 ], [ 8.282725738139463, 48.17166991520439 ], [ 8.303991905516089, 48.349094642342159 ] ] ] } },
{ "type": "Feature", "properties": { "NUTS_ID": "DE136", "name": "Schwarzwald-Baar-Kreis" }, "geometry": { "type": "Polygon", "coordinates": [ [ [ 8.282725738139463, 48.17166991520439 ], [ 8.484029299339852, 48.170205418424281 ], [ 8.604284359644572, 48.074715571485079 ], [ 8.640146168635926, 47.854812162013339 ], [ 8.613831660502878, 47.801079061898491 ], [ 8.510114897850723, 47.7761904129746 ], [ 8.439033560753549, 47.853638523601632 ], [ 8.296789130781885, 47.97905218827421 ], [ 8.136036635570257, 48.00932499678148 ], [ 8.180334990220285, 48.183920030790759 ], [ 8.282725738139463, 48.17166991520439 ] ] ] } },
{ "type": "Feature", "properties": { "NUTS_ID": "DE137", "name": "Tuttlingen" }, "geometry": { "type": "Polygon", "coordinates": [ [ [ 8.751237166978784, 48.159540140060493 ], [ 8.95376119375871, 48.10727901840697 ], [ 9.012044874498553, 47.936922990297433 ], [ 8.640146168635926, 47.854812162013339 ], [ 8.604284359644572, 48.074715571485079 ], [ 8.751237166978784, 48.159540140060493 ] ] ] } },
{ "type": "Feature", "properties": { "NUTS_ID": "DE138", "name": "Konstanz" }, "geometry": { "type": "Polygon", "coordinates": [ [ [ 8.640146168635926, 47.854812162013339 ], [ 9.012044874498553, 47.936922990297433 ], [ 9.128581768506894, 47.846817350382473 ], [ 9.089338561383709, 47.785833182159017 ], [ 9.182192185698026, 47.65589045048349 ], [ 8.874888089644811, 47.654669926139242 ], [ 8.850247057345271, 47.704394747236719 ], [ 8.821322309672613, 47.704217464319541 ], [ 8.795708326923085, 47.675595535585323 ], [ 8.670461193533225, 47.684862441850115 ], [ 8.66335415961453, 47.685892632616216 ], [ 8.71538005023014, 47.750154841994096 ], [ 8.613831660502878, 47.801079061898491 ], [ 8.640146168635926, 47.854812162013339 ] ] ] } },
{ "type": "Feature", "properties": { "NUTS_ID": "DE139", "name": "Lörrach" }, "geometry": { "type": "Polygon", "coordinates": [ [ [ 7.54599041370216, 47.743573960857233 ], [ 7.898393435118279, 47.869711885369597 ], [ 8.017967459675109, 47.841120621083292 ], [ 7.894107271671882, 47.586375113970377 ], [ 7.713784362883153, 47.539405003086564 ], [ 7.634097170369114, 47.561113507279217 ], [ 7.589039168443982, 47.589878019553737 ], [ 7.54599041370216, 47.743573960857233 ] ] ] } },
{ "type": "Feature", "properties": { "NUTS_ID": "DE13A", "name": "Waldshut" }, "geometry": { "type": "Polygon", "coordinates": [ [ [ 8.439033560753549, 47.853638523601632 ], [ 8.510114897850723, 47.7761904129746 ], [ 8.435063145881234, 47.676150284270207 ], [ 8.606369523029725, 47.669005578068131 ], [ 8.426434680008422, 47.567548922010324 ], [ 8.228042002340962, 47.611905794289754 ], [ 8.015890763651324, 47.555350731236054 ], [ 7.894107271671882, 47.586375113970377 ], [ 8.017967459675109, 47.841120621083292 ], [ 8.174038686331347, 47.783108277630596 ], [ 8.439033560753549, 47.853638523601632 ] ] ] } },
{ "type": "Feature", "properties": { "NUTS_ID": "DE141", "name": "Reutlingen" }, "geometry": { "type": "Polygon", "coordinates": [ [ [ 9.151229387481511, 48.604055622454204 ], [ 9.582475580595318, 48.539147081086824 ], [ 9.585174555307361, 48.536741632051701 ], [ 9.622020920520566, 48.440654788127489 ], [ 9.586050882325004, 48.38014409320003 ], [ 9.49005415790127, 48.23270991300852 ], [ 9.347566347614226, 48.239501136766101 ], [ 9.187028266247225, 48.280836116366494 ], [ 9.129479262791998, 48.372898593643093 ], [ 9.129176602370574, 48.601266505832108 ], [ 9.151229387481511, 48.604055622454204 ] ] ] } },
{ "type": "Feature", "properties": { "NUTS_ID": "DE142", "name": "Tübingen, Landkreis" }, "geometry": { "type": "Polygon", "coordinates": [ [ [ 8.768902368592169, 48.521841111933867 ], [ 9.129176602370574, 48.601266505832108 ], [ 9.129479262791998, 48.372898593643093 ], [ 9.074598490102419, 48.365337243504165 ], [ 9.000347920363735, 48.380144093622739 ], [ 8.857032869601865, 48.412820168583373 ], [ 8.774055094427888, 48.416278354281438 ], [ 8.755710652954539, 48.504140074562386 ], [ 8.768902368592169, 48.521841111933867 ] ] ] } },
{ "type": "Feature", "properties": { "NUTS_ID": "DE143", "name": "Zollernalbkreis" }, "geometry": { "type": "Polygon", "coordinates": [ [ [ 8.774055094427888, 48.416278354281438 ], [ 8.857032869601865, 48.412820168583373 ], [ 9.000347920363735, 48.380144093622739 ], [ 9.074598490102419, 48.365337243504165 ], [ 9.129479262791998, 48.372898593643093 ], [ 9.187028266247225, 48.280836116366494 ], [ 9.150246813505065, 48.15941546124855 ], [ 8.95376119375871, 48.10727901840697 ], [ 8.751237166978784, 48.159540140060493 ], [ 8.685090440291454, 48.28065547676151 ], [ 8.731257358072275, 48.380144093233746 ], [ 8.774055094427888, 48.416278354281438 ] ] ] } },
{ "type": "Feature", "properties": { "NUTS_ID": "DE144", "name": "Ulm, Stadtkreis" }, "geometry": { "type": "Polygon", "coordinates": [ [ [ 9.997605833837058, 48.350117951648343 ], [ 9.925644493625594, 48.326441146438498 ], [ 9.869870389377262, 48.380144093478194 ], [ 9.934186420291013, 48.443310713156087 ], [ 10.032694508627642, 48.457196340408132 ], [ 10.025247115466916, 48.422119646131662 ], [ 9.983220737683499, 48.382204188421078 ], [ 9.997605833837058, 48.350117951648343 ] ] ] } },
{ "type": "Feature", "properties": { "NUTS_ID": "DE145", "name": "Alb-Donau-Kreis" }, "geometry": { "type": "Polygon", "coordinates": [ [ [ 9.585174555307361, 48.536741632051701 ], [ 9.944071331092742, 48.631755452795325 ], [ 10.230779511565043, 48.510511055500935 ], [ 10.133895590696927, 48.454871464866144 ], [ 10.032694508627642, 48.457196340408132 ], [ 9.934186420291013, 48.443310713156087 ], [ 9.869870389377262, 48.380144093478194 ], [ 9.925644493625594, 48.326441146438498 ], [ 9.997605833837058, 48.350117951648343 ], [ 10.095357282371682, 48.164014895969515 ], [ 9.894521121380498, 48.28094033535924 ], [ 9.690922013466203, 48.168902842448084 ], [ 9.49005415790127, 48.23270991300852 ], [ 9.586050882325004, 48.38014409320003 ], [ 9.622020920520566, 48.440654788127489 ], [ 9.585174555307361, 48.536741632051701 ] ] ] } },
{ "type": "Feature", "properties": { "NUTS_ID": "DE146", "name": "Biberach" }, "geometry": { "type": "Polygon", "coordinates": [ [ [ 9.347566347614226, 48.239501136766101 ], [ 9.49005415790127, 48.23270991300852 ], [ 9.690922013466203, 48.168902842448084 ], [ 9.894521121380498, 48.28094033535924 ], [ 10.095357282371682, 48.164014895969515 ], [ 10.136457220537352, 48.108459578818959 ], [ 10.114927349061315, 47.976300479149231 ], [ 10.105300638662504, 47.974638626943211 ], [ 9.604912434570762, 48.002284055612151 ], [ 9.331577163172339, 48.117113254643037 ], [ 9.347566347614226, 48.239501136766101 ] ] ] } },
{ "type": "Feature", "properties": { "NUTS_ID": "DE147", "name": "Bodenseekreis" }, "geometry": { "type": "Polygon", "coordinates": [ [ [ 9.50694722543259, 47.549736364505513 ], [ 9.182192185698026, 47.65589045048349 ], [ 9.089338561383709, 47.785833182159017 ], [ 9.128581768506894, 47.846817350382473 ], [ 9.276731273710585, 47.870404344745218 ], [ 9.409414533477166, 47.82160487713675 ], [ 9.703710141208564, 47.670948506844645 ], [ 9.692151662744704, 47.610423517554729 ], [ 9.558720701645559, 47.54189287460278 ], [ 9.50694722543259, 47.549736364505513 ] ] ] } },
{ "type": "Feature", "properties": { "NUTS_ID": "DE148", "name": "Ravensburg" }, "geometry": { "type": "Polygon", "coordinates": [ [ [ 9.409414533477166, 47.82160487713675 ], [ 9.426479164326349, 47.94834382654301 ], [ 9.604912434570762, 48.002284055612151 ], [ 10.105300638662504, 47.974638626943211 ], [ 10.110136718669098, 47.93714984864139 ], [ 10.13192829571317, 47.820087420623061 ], [ 10.077292526743109, 47.639274346133732 ], [ 9.859402660434673, 47.667939866599184 ], [ 9.692151662744704, 47.610423517554729 ], [ 9.703710141208564, 47.670948506844645 ], [ 9.409414533477166, 47.82160487713675 ] ] ] } },
{ "type": "Feature", "properties": { "NUTS_ID": "DE149", "name": "Sigmaringen" }, "geometry": { "type": "Polygon", "coordinates": [ [ [ 9.128581768506894, 47.846817350382473 ], [ 9.012044874498553, 47.936922990297433 ], [ 8.95376119375871, 48.10727901840697 ], [ 9.150246813505065, 48.15941546124855 ], [ 9.187028266247225, 48.280836116366494 ], [ 9.347566347614226, 48.239501136766101 ], [ 9.331577163172339, 48.117113254643037 ], [ 9.604912434570762, 48.002284055612151 ], [ 9.426479164326349, 47.94834382654301 ], [ 9.409414533477166, 47.82160487713675 ], [ 9.276731273710585, 47.870404344745218 ], [ 9.128581768506894, 47.846817350382473 ] ] ] } },
{ "type": "Feature", "properties": { "NUTS_ID": "DE211", "name": "Ingolstadt, Kreisfreie Stadt" }, "geometry": { "type": "Polygon", "coordinates": [ [ [ 11.433112529818052, 48.699371147870835 ], [ 11.255916117774294, 48.779428602997449 ], [ 11.432130974539861, 48.805603131867649 ], [ 11.489323533356384, 48.745003977179437 ], [ 11.433112529818052, 48.699371147870835 ] ] ] } },
{ "type": "Feature", "properties": { "NUTS_ID": "DE212", "name": "München, Kreisfreie Stadt" }, "geometry": { "type": "Polygon", "coordinates": [ [ [ 11.412451184625732, 48.127115154271493 ], [ 11.402939345391189, 48.20312040781463 ], [ 11.499817770987452, 48.248145958542395 ], [ 11.646523097446554, 48.205174199776842 ], [ 11.689443676491186, 48.098070058213736 ], [ 11.523144688646266, 48.076818071163245 ], [ 11.412451184625732, 48.127115154271493 ] ] ] } },
{ "type": "Feature", "properties": { "NUTS_ID": "DE213", "name": "Rosenheim, Kreisfreie Stadt" }, "geometry": { "type": "Polygon", "coordinates": [ [ [ 12.021194860461922, 47.823584201941152 ], [ 12.099051661169437, 47.899159583549768 ], [ 12.172385206524391, 47.88597145139115 ], [ 12.140897505849365, 47.809677944118057 ], [ 12.021194860461922, 47.823584201941152 ] ] ] } },
{ "type": "Feature", "properties": { "NUTS_ID": "DE214", "name": "Altötting" }, "geometry": { "type": "Polygon", "coordinates": [ [ [ 12.566205146954362, 48.158885151764487 ], [ 12.607291601150695, 48.353632162276192 ], [ 12.816532743093873, 48.309684092371086 ], [ 12.944684477400697, 48.206692340995211 ], [ 12.751554921482263, 48.112810406515301 ], [ 12.629705123186003, 48.053970681938132 ], [ 12.566205146954362, 48.158885151764487 ] ] ] } },
{ "type": "Feature", "properties": { "NUTS_ID": "DE215", "name": "Berchtesgadener Land" }, "geometry": { "type": "Polygon", "coordinates": [ [ [ 12.695795412403363, 47.682222992361773 ], [ 12.775331736332427, 47.778732525191444 ], [ 12.748455209470784, 47.866266462178004 ], [ 12.875785693534926, 47.962609137997497 ], [ 12.984537638530616, 47.856745406592104 ], [ 12.928674957370932, 47.735691481473445 ], [ 13.079003517821493, 47.667162955087406 ], [ 13.046055369487892, 47.520502563899342 ], [ 12.912872511403542, 47.498651456184227 ], [ 12.695795412403363, 47.682222992361773 ] ] ] } },
{ "type": "Feature", "properties": { "NUTS_ID": "DE216", "name": "Bad Tölz-Wolfratshausen" }, "geometry": { "type": "Polygon", "coordinates": [ [ [ 11.410219187499992, 47.495323921579327 ], [ 11.294204225428386, 47.578428483397033 ], [ 11.344079809655383, 47.6936974065665 ], [ 11.395283234793043, 47.757509704659967 ], [ 11.329171518603152, 47.821091462250131 ], [ 11.340985182814149, 47.909351354214664 ], [ 11.428582106934201, 47.978543412465001 ], [ 11.623461700497016, 47.92032788944303 ], [ 11.667000885550083, 47.669213396076294 ], [ 11.632883141848806, 47.592446016630838 ], [ 11.560552463585646, 47.52160337014255 ], [ 11.410219187499992, 47.495323921579327 ] ] ] } },
{ "type": "Feature", "properties": { "NUTS_ID": "DE217", "name": "Dachau" }, "geometry": { "type": "Polygon", "coordinates": [ [ [ 11.499817770987452, 48.248145958542395 ], [ 11.402939345391189, 48.20312040781463 ], [ 11.194915926344326, 48.284869290755246 ], [ 11.116768563583037, 48.268477862182372 ], [ 11.190226155562092, 48.380144093683519 ], [ 11.311675126463356, 48.452272870280048 ], [ 11.493183207024323, 48.440511118504503 ], [ 11.505302685620194, 48.380144093884887 ], [ 11.578698367609279, 48.299545978623151 ], [ 11.499817770987452, 48.248145958542395 ] ] ] } },
{ "type": "Feature", "properties": { "NUTS_ID": "DE218", "name": "Ebersberg" }, "geometry": { "type": "Polygon", "coordinates": [ [ [ 11.847952608412253, 47.948252949234941 ], [ 11.788181323356069, 48.012845258560894 ], [ 11.756169471662034, 48.22111135517072 ], [ 12.043184807704497, 48.141674539154913 ], [ 12.085656708864814, 48.122344125572994 ], [ 12.051984070460341, 47.987750771726745 ], [ 11.847952608412253, 47.948252949234941 ] ] ] } },
{ "type": "Feature", "properties": { "NUTS_ID": "DE219", "name": "Eichstätt" }, "geometry": { "type": "Polygon", "coordinates": [ [ [ 11.719550012915445, 48.783658486588756 ], [ 11.608782308459725, 48.799102592633893 ], [ 11.489323533356384, 48.745003977179437 ], [ 11.432130974539861, 48.805603131867649 ], [ 11.255916117774294, 48.779428602997449 ], [ 11.005941269547355, 48.821883059791467 ], [ 10.936839713911194, 48.863276157585759 ], [ 11.201364255068674, 49.046551387231986 ], [ 11.342953189960438, 49.010998380629182 ], [ 11.385714150467843, 49.078858119826975 ], [ 11.514172337659712, 49.046499643398974 ], [ 11.599306273671388, 48.951497027037703 ], [ 11.714785954641501, 48.916342632056676 ], [ 11.719550012915445, 48.783658486588756 ] ] ] } },
{ "type": "Feature", "properties": { "NUTS_ID": "DE21A", "name": "Erding" }, "geometry": { "type": "Polygon", "coordinates": [ [ [ 12.043184807704497, 48.141674539154913 ], [ 11.756169471662034, 48.22111135517072 ], [ 11.738186126343702, 48.276334000308054 ], [ 11.807685830729646, 48.380144093787159 ], [ 11.953047603283014, 48.445850644101071 ], [ 12.017122516892373, 48.430676039139669 ], [ 12.194720737944108, 48.380144093390953 ], [ 12.250550908093199, 48.321946056526144 ], [ 12.20416400851019, 48.229333676722668 ], [ 12.043184807704497, 48.141674539154913 ] ] ] } },
{ "type": "Feature", "properties": { "NUTS_ID": "DE21B", "name": "Freising" }, "geometry": { "type": "Polygon", "coordinates": [ [ [ 11.578698367609279, 48.299545978623151 ], [ 11.505302685620194, 48.380144093884887 ], [ 11.493183207024323, 48.440511118504503 ], [ 11.624725452414582, 48.48712485944619 ], [ 11.706734875607465, 48.616646507119789 ], [ 11.910186361941342, 48.585231631164497 ], [ 12.017122516892373, 48.430676039139669 ], [ 11.953047603283014, 48.445850644101071 ], [ 11.807685830729646, 48.380144093787159 ], [ 11.738186126343702, 48.276334000308054 ], [ 11.578698367609279, 48.299545978623151 ] ] ] } },
{ "type": "Feature", "properties": { "NUTS_ID": "DE21C", "name": "Fürstenfeldbruck" }, "geometry": { "type": "Polygon", "coordinates": [ [ [ 11.136971420588843, 48.097617087777031 ], [ 11.034509753091742, 48.192992081414012 ], [ 11.116768563583037, 48.268477862182372 ], [ 11.194915926344326, 48.284869290755246 ], [ 11.402939345391189, 48.20312040781463 ], [ 11.412451184625732, 48.127115154271493 ], [ 11.385188738446969, 48.112028104789793 ], [ 11.136971420588843, 48.097617087777031 ] ] ] } },
{ "type": "Feature", "properties": { "NUTS_ID": "DE21D", "name": "Garmisch-Partenkirchen" }, "geometry": { "type": "Polygon", "coordinates": [ [ [ 10.991202287432479, 47.396130988429491 ], [ 10.88614682644841, 47.536782343487353 ], [ 10.952785343005068, 47.616265388032275 ], [ 11.034433290918079, 47.720400627944201 ], [ 11.344079809655383, 47.6936974065665 ], [ 11.294204225428386, 47.578428483397033 ], [ 11.410219187499992, 47.495323921579327 ], [ 11.4214276253914, 47.444852034412669 ], [ 11.016500435406195, 47.396367985219207 ], [ 10.991202287432479, 47.396130988429491 ] ] ] } },
{ "type": "Feature", "properties": { "NUTS_ID": "DE21E", "name": "Landsberg am Lech" }, "geometry": { "type": "Polygon", "coordinates": [ [ [ 10.801531856181446, 48.104170415702299 ], [ 10.9034111784832, 48.236676642091574 ], [ 11.034509753091742, 48.192992081414012 ], [ 11.136971420588843, 48.097617087777031 ], [ 11.149587782174244, 47.953412418612054 ], [ 10.76709045450035, 47.843793586634739 ], [ 10.801531856181446, 48.104170415702299 ] ] ] } },
{ "type": "Feature", "properties": { "NUTS_ID": "DE21F", "name": "Miesbach" }, "geometry": { "type": "Polygon", "coordinates": [ [ [ 11.632883141848806, 47.592446016630838 ], [ 11.667000885550083, 47.669213396076294 ], [ 11.623461700497016, 47.92032788944303 ], [ 11.806467103435706, 47.925747508617761 ], [ 11.937472399574883, 47.829271534957705 ], [ 12.060662220859664, 47.618743550288222 ], [ 11.632883141848806, 47.592446016630838 ] ] ] } },
{ "type": "Feature", "properties": { "NUTS_ID": "DE21G", "name": "Mühldorf a. Inn" }, "geometry": { "type": "Polygon", "coordinates": [ [ [ 12.387555364189749, 48.117379930578487 ], [ 12.085656708864814, 48.122344125572994 ], [ 12.043184807704497, 48.141674539154913 ], [ 12.20416400851019, 48.229333676722668 ], [ 12.250550908093199, 48.321946056526144 ], [ 12.331829898387408, 48.327980726221355 ], [ 12.428426489563902, 48.380144093370589 ], [ 12.483791010625509, 48.429675559780051 ], [ 12.607291601150695, 48.353632162276192 ], [ 12.566205146954362, 48.158885151764487 ], [ 12.387555364189749, 48.117379930578487 ] ] ] } },
{ "type": "Feature", "properties": { "NUTS_ID": "DE21H", "name": "München, Landkreis" }, "geometry": { "type": "Polygon", "coordinates": [ [ [ 11.428582106934201, 47.978543412465001 ], [ 11.385188738446969, 48.112028104789793 ], [ 11.412451184625732, 48.127115154271493 ], [ 11.523144688646266, 48.076818071163245 ], [ 11.689443676491186, 48.098070058213736 ], [ 11.646523097446554, 48.205174199776842 ], [ 11.499817770987452, 48.248145958542395 ], [ 11.578698367609279, 48.299545978623151 ], [ 11.738186126343702, 48.276334000308054 ], [ 11.756169471662034, 48.22111135517072 ], [ 11.788181323356069, 48.012845258560894 ], [ 11.847952608412253, 47.948252949234941 ], [ 11.806467103435706, 47.925747508617761 ], [ 11.623461700497016, 47.92032788944303 ], [ 11.428582106934201, 47.978543412465001 ] ] ] } },
{ "type": "Feature", "properties": { "NUTS_ID": "DE21I", "name": "Neuburg-Schrobenhausen" }, "geometry": { "type": "Polygon", "coordinates": [ [ [ 11.005941269547355, 48.821883059791467 ], [ 11.255916117774294, 48.779428602997449 ], [ 11.433112529818052, 48.699371147870835 ], [ 11.295410855437707, 48.474574055060167 ], [ 11.022986167346849, 48.620171353923936 ], [ 11.005941269547355, 48.821883059791467 ] ] ] } },
{ "type": "Feature", "properties": { "NUTS_ID": "DE21J", "name": "Pfaffenhofen a. d. Ilm" }, "geometry": { "type": "Polygon", "coordinates": [ [ [ 11.311675126463356, 48.452272870280048 ], [ 11.295410855437707, 48.474574055060167 ], [ 11.433112529818052, 48.699371147870835 ], [ 11.489323533356384, 48.745003977179437 ], [ 11.608782308459725, 48.799102592633893 ], [ 11.719550012915445, 48.783658486588756 ], [ 11.671120477912808, 48.724716023341607 ], [ 11.706734875607465, 48.616646507119789 ], [ 11.624725452414582, 48.48712485944619 ], [ 11.493183207024323, 48.440511118504503 ], [ 11.311675126463356, 48.452272870280048 ] ] ] } },
{ "type": "Feature", "properties": { "NUTS_ID": "DE21K", "name": "Rosenheim, Landkreis" }, "geometry": { "type": "Polygon", "coordinates": [ [ [ 12.060662220859664, 47.618743550288222 ], [ 11.937472399574883, 47.829271534957705 ], [ 11.806467103435706, 47.925747508617761 ], [ 11.847952608412253, 47.948252949234941 ], [ 12.051984070460341, 47.987750771726745 ], [ 12.085656708864814, 48.122344125572994 ], [ 12.387555364189749, 48.117379930578487 ], [ 12.337655974752291, 48.005061638686612 ], [ 12.426406574198882, 47.896378743038454 ], [ 12.338045351637732, 47.697087572212432 ], [ 12.060662220859664, 47.618743550288222 ] ], [ [ 12.021194860461922, 47.823584201941152 ], [ 12.140897505849365, 47.809677944118057 ], [ 12.172385206524391, 47.88597145139115 ], [ 12.099051661169437, 47.899159583549768 ], [ 12.021194860461922, 47.823584201941152 ] ] ] } },
{ "type": "Feature", "properties": { "NUTS_ID": "DE21L", "name": "Starnberg" }, "geometry": { "type": "Polygon", "coordinates": [ [ [ 11.329171518603152, 47.821091462250131 ], [ 11.149587782174244, 47.953412418612054 ], [ 11.136971420588843, 48.097617087777031 ], [ 11.385188738446969, 48.112028104789793 ], [ 11.428582106934201, 47.978543412465001 ], [ 11.340985182814149, 47.909351354214664 ], [ 11.329171518603152, 47.821091462250131 ] ] ] } },
{ "type": "Feature", "properties": { "NUTS_ID": "DE21M", "name": "Traunstein" }, "geometry": { "type": "Polygon", "coordinates": [ [ [ 12.575026261662464, 47.632315977224771 ], [ 12.338045351637732, 47.697087572212432 ], [ 12.426406574198882, 47.896378743038454 ], [ 12.337655974752291, 48.005061638686612 ], [ 12.387555364189749, 48.117379930578487 ], [ 12.566205146954362, 48.158885151764487 ], [ 12.629705123186003, 48.053970681938132 ], [ 12.751554921482263, 48.112810406515301 ], [ 12.860181681183802, 47.996639848329238 ], [ 12.875785693534926, 47.962609137997497 ], [ 12.748455209470784, 47.866266462178004 ], [ 12.775331736332427, 47.778732525191444 ], [ 12.695795412403363, 47.682222992361773 ], [ 12.575026261662464, 47.632315977224771 ] ] ] } },
{ "type": "Feature", "properties": { "NUTS_ID": "DE21N", "name": "Weilheim-Schongau" }, "geometry": { "type": "Polygon", "coordinates": [ [ [ 10.952785343005068, 47.616265388032275 ], [ 10.810076885539305, 47.657013431872087 ], [ 10.73436682238192, 47.7155891805835 ], [ 10.76709045450035, 47.843793586634739 ], [ 11.149587782174244, 47.953412418612054 ], [ 11.329171518603152, 47.821091462250131 ], [ 11.395283234793043, 47.757509704659967 ], [ 11.344079809655383, 47.6936974065665 ], [ 11.034433290918079, 47.720400627944201 ], [ 10.952785343005068, 47.616265388032275 ] ] ] } },
{ "type": "Feature", "properties": { "NUTS_ID": "DE221", "name": "Landshut, Kreisfreie Stadt" }, "geometry": { "type": "Polygon", "coordinates": [ [ [ 12.073280014395237, 48.538658723358431 ], [ 12.127955687179618, 48.605358548270594 ], [ 12.204799083841822, 48.523699541212302 ], [ 12.138882189245775, 48.481400414808277 ], [ 12.073280014395237, 48.538658723358431 ] ] ] } },
{ "type": "Feature", "properties": { "NUTS_ID": "DE222", "name": "Passau, Kreisfreie Stadt" }, "geometry": { "type": "Polygon", "coordinates": [ [ [ 13.438430624971964, 48.548895022876657 ], [ 13.367695481995474, 48.563887740722116 ], [ 13.355902987603635, 48.593434275206398 ], [ 13.403035710258731, 48.611313206748882 ], [ 13.513497246600243, 48.590961787287227 ], [ 13.438430624971964, 48.548895022876657 ] ] ] } },
{ "type": "Feature", "properties": { "NUTS_ID": "DE223", "name": "Straubing, Kreisfreie Stadt" }, "geometry": { "type": "Polygon", "coordinates": [ [ [ 12.491705872582795, 48.854442195936819 ], [ 12.536332725480273, 48.932522309410871 ], [ 12.639632582451064, 48.888362230274673 ], [ 12.581571771446001, 48.833791681570837 ], [ 12.491705872582795, 48.854442195936819 ] ] ] } },
{ "type": "Feature", "properties": { "NUTS_ID": "DE224", "name": "Deggendorf" }, "geometry": { "type": "Polygon", "coordinates": [ [ [ 12.967381041633908, 48.61126565755643 ], [ 12.76400047416444, 48.797912017631731 ], [ 12.891426664518207, 48.9544710723967 ], [ 13.195463424480453, 48.862773457378054 ], [ 13.25860615784544, 48.741236555319347 ], [ 12.994284888370787, 48.600612882878103 ], [ 12.967381041633908, 48.61126565755643 ] ] ] } },
{ "type": "Feature", "properties": { "NUTS_ID": "DE225", "name": "Freyung-Grafenau" }, "geometry": { "type": "Polygon", "coordinates": [ [ [ 13.25860615784544, 48.741236555319347 ], [ 13.195463424480453, 48.862773457378054 ], [ 13.416651532457561, 48.980035365222726 ], [ 13.551578318067449, 48.967787491903266 ], [ 13.839507129477148, 48.771605025728434 ], [ 13.796106768557138, 48.713600490987574 ], [ 13.25860615784544, 48.741236555319347 ] ] ] } },
{ "type": "Feature", "properties": { "NUTS_ID": "DE226", "name": "Kelheim" }, "geometry": { "type": "Polygon", "coordinates": [ [ [ 11.910186361941342, 48.585231631164497 ], [ 11.706734875607465, 48.616646507119789 ], [ 11.671120477912808, 48.724716023341607 ], [ 11.719550012915445, 48.783658486588756 ], [ 11.714785954641501, 48.916342632056676 ], [ 11.599306273671388, 48.951497027037703 ], [ 11.659784992966062, 49.016129411020437 ], [ 12.044806491294224, 48.940055247187956 ], [ 12.112504893060173, 48.866717270896658 ], [ 12.09749594016041, 48.771992118965379 ], [ 11.913984882361143, 48.70383287521102 ], [ 11.910186361941342, 48.585231631164497 ] ] ] } },
{ "type": "Feature", "properties": { "NUTS_ID": "DE227", "name": "Landshut, Landkreis" }, "geometry": { "type": "Polygon", "coordinates": [ [ [ 12.250550908093199, 48.321946056526144 ], [ 12.194720737944108, 48.380144093390953 ], [ 12.017122516892373, 48.430676039139669 ], [ 11.910186361941342, 48.585231631164497 ], [ 11.913984882361143, 48.70383287521102 ], [ 12.09749594016041, 48.771992118965379 ], [ 12.135276098541194, 48.765911841457971 ], [ 12.329385556075062, 48.721435079681385 ], [ 12.39676682306786, 48.563117263092529 ], [ 12.508154206161326, 48.502974919775113 ], [ 12.483791010625509, 48.429675559780051 ], [ 12.428426489563902, 48.380144093370589 ], [ 12.331829898387408, 48.327980726221355 ], [ 12.250550908093199, 48.321946056526144 ] ], [ [ 12.073280014395237, 48.538658723358431 ], [ 12.138882189245775, 48.481400414808277 ], [ 12.204799083841822, 48.523699541212302 ], [ 12.127955687179618, 48.605358548270594 ], [ 12.073280014395237, 48.538658723358431 ] ] ] } },
{ "type": "Feature", "properties": { "NUTS_ID": "DE228", "name": "Passau, Landkreis" }, "geometry": { "type": "Polygon", "coordinates": [ [ [ 13.177043068203576, 48.294389928635397 ], [ 12.994284888370787, 48.600612882878103 ], [ 13.25860615784544, 48.741236555319347 ], [ 13.796106768557138, 48.713600490987574 ], [ 13.809691038799562, 48.614913459928964 ], [ 13.727090617669711, 48.513019653647959 ], [ 13.513497246600243, 48.590961787287227 ], [ 13.403035710258731, 48.611313206748882 ], [ 13.355902987603635, 48.593434275206398 ], [ 13.367695481995474, 48.563887740722116 ], [ 13.438430624971964, 48.548895022876657 ], [ 13.41432521855066, 48.380144093835455 ], [ 13.177043068203576, 48.294389928635397 ] ] ] } },
{ "type": "Feature", "properties": { "NUTS_ID": "DE229", "name": "Regen" }, "geometry": { "type": "Polygon", "coordinates": [ [ [ 13.416651532457561, 48.980035365222726 ], [ 13.195463424480453, 48.862773457378054 ], [ 12.891426664518207, 48.9544710723967 ], [ 12.768202763940408, 49.114760878460444 ], [ 13.11857153394404, 49.126233215625156 ], [ 13.170907942944529, 49.173579628373552 ], [ 13.416651532457561, 48.980035365222726 ] ] ] } },
{ "type": "Feature", "properties": { "NUTS_ID": "DE22A", "name": "Rottal-Inn" }, "geometry": { "type": "Polygon", "coordinates": [ [ [ 12.483791010625509, 48.429675559780051 ], [ 12.508154206161326, 48.502974919775113 ], [ 12.659617016819944, 48.498308922875218 ], [ 12.80223114834603, 48.5889732122303 ], [ 12.967381041633908, 48.61126565755643 ], [ 12.994284888370787, 48.600612882878103 ], [ 13.177043068203576, 48.294389928635397 ], [ 12.944684477400697, 48.206692340995211 ], [ 12.816532743093873, 48.309684092371086 ], [ 12.607291601150695, 48.353632162276192 ], [ 12.483791010625509, 48.429675559780051 ] ] ] } },
{ "type": "Feature", "properties": { "NUTS_ID": "DE22B", "name": "Straubing-Bogen" }, "geometry": { "type": "Polygon", "coordinates": [ [ [ 12.135276098541194, 48.765911841457971 ], [ 12.402694876802597, 48.87672155544108 ], [ 12.479026351350505, 49.03198584360652 ], [ 12.768202763940408, 49.114760878460444 ], [ 12.891426664518207, 48.9544710723967 ], [ 12.76400047416444, 48.797912017631731 ], [ 12.329385556075062, 48.721435079681385 ], [ 12.135276098541194, 48.765911841457971 ] ], [ [ 12.491705872582795, 48.854442195936819 ], [ 12.581571771446001, 48.833791681570837 ], [ 12.639632582451064, 48.888362230274673 ], [ 12.536332725480273, 48.932522309410871 ], [ 12.491705872582795, 48.854442195936819 ] ] ] } },
{ "type": "Feature", "properties": { "NUTS_ID": "DE22C", "name": "Dingolfing-Landau" }, "geometry": { "type": "Polygon", "coordinates": [ [ [ 12.329385556075062, 48.721435079681385 ], [ 12.76400047416444, 48.797912017631731 ], [ 12.967381041633908, 48.61126565755643 ], [ 12.80223114834603, 48.5889732122303 ], [ 12.659617016819944, 48.498308922875218 ], [ 12.508154206161326, 48.502974919775113 ], [ 12.39676682306786, 48.563117263092529 ], [ 12.329385556075062, 48.721435079681385 ] ] ] } },
{ "type": "Feature", "properties": { "NUTS_ID": "DE231", "name": "Amberg, Kreisfreie Stadt" }, "geometry": { "type": "Polygon", "coordinates": [ [ [ 11.756860251188531, 49.441087472040913 ], [ 11.872510953077816, 49.504736170412023 ], [ 11.925746050698656, 49.446796115348292 ], [ 11.830320810700481, 49.407746042168483 ], [ 11.756860251188531, 49.441087472040913 ] ] ] } },
{ "type": "Feature", "properties": { "NUTS_ID": "DE232", "name": "Regensburg, Kreisfreie Stadt" }, "geometry": { "type": "Polygon", "coordinates": [ [ [ 12.024928205117961, 49.020576915498033 ], [ 12.141388936032243, 49.064394797725278 ], [ 12.196469143331388, 49.003959124443156 ], [ 12.117722677894745, 48.960716265479952 ], [ 12.024928205117961, 49.020576915498033 ] ] ] } },
{ "type": "Feature", "properties": { "NUTS_ID": "DE233", "name": "Weiden i. d. Opf, Kreisfreie Stadt" }, "geometry": { "type": "Polygon", "coordinates": [ [ [ 12.041263596339517, 49.674822320172098 ], [ 12.127449686934041, 49.721262949615259 ], [ 12.205543863844273, 49.687417440814038 ], [ 12.133361764516188, 49.623473094030892 ], [ 12.041263596339517, 49.674822320172098 ] ] ] } },
{ "type": "Feature", "properties": { "NUTS_ID": "DE234", "name": "Amberg-Sulzbach" }, "geometry": { "type": "Polygon", "coordinates": [ [ [ 11.934220426652685, 49.2210744616714 ], [ 11.557754840648723, 49.419042038548881 ], [ 11.562628609802324, 49.685606506927918 ], [ 11.630662630412742, 49.760570924089507 ], [ 11.672214212314966, 49.633571654725351 ], [ 11.9337036562309, 49.639780048108257 ], [ 12.11548977339914, 49.547955114615377 ], [ 11.934220426652685, 49.2210744616714 ] ], [ [ 11.756860251188531, 49.441087472040913 ], [ 11.830320810700481, 49.407746042168483 ], [ 11.925746050698656, 49.446796115348292 ], [ 11.872510953077816, 49.504736170412023 ], [ 11.756860251188531, 49.441087472040913 ] ] ] } },
{ "type": "Feature", "properties": { "NUTS_ID": "DE235", "name": "Cham" }, "geometry": { "type": "Polygon", "coordinates": [ [ [ 13.170907942944529, 49.173579628373552 ], [ 13.11857153394404, 49.126233215625156 ], [ 12.768202763940408, 49.114760878460444 ], [ 12.479026351350505, 49.03198584360652 ], [ 12.311049605666092, 49.15247188970357 ], [ 12.469352462258394, 49.29264659979922 ], [ 12.517464057467613, 49.425685723553407 ], [ 12.6337634327997, 49.476195108856487 ], [ 12.792186180188279, 49.358154837338283 ], [ 12.984293566056765, 49.322934510310382 ], [ 13.170907942944529, 49.173579628373552 ] ] ] } },
{ "type": "Feature", "properties": { "NUTS_ID": "DE236", "name": "Neumarkt i. d. OPf." }, "geometry": { "type": "Polygon", "coordinates": [ [ [ 11.599306273671388, 48.951497027037703 ], [ 11.514172337659712, 49.046499643398974 ], [ 11.385714150467843, 49.078858119826975 ], [ 11.24717591233242, 49.325352919284114 ], [ 11.337750294449712, 49.315067074765444 ], [ 11.456040193788732, 49.415456282403433 ], [ 11.557754840648723, 49.419042038548881 ], [ 11.934220426652685, 49.2210744616714 ], [ 11.935903540355936, 49.195070351374973 ], [ 11.78954955251826, 49.146757060243033 ], [ 11.659784992966062, 49.016129411020437 ], [ 11.599306273671388, 48.951497027037703 ] ] ] } },
{ "type": "Feature", "properties": { "NUTS_ID": "DE237", "name": "Neustadt a. d. Waldnaab" }, "geometry": { "type": "Polygon", "coordinates": [ [ [ 12.593778744487658, 49.542191354505832 ], [ 12.11548977339914, 49.547955114615377 ], [ 11.9337036562309, 49.639780048108257 ], [ 11.672214212314966, 49.633571654725351 ], [ 11.630662630412742, 49.760570924089507 ], [ 11.854835395589436, 49.847109080492011 ], [ 12.072088493637898, 49.799009898468171 ], [ 12.165587906410487, 49.83545283102206 ], [ 12.401524208507894, 49.758373119054326 ], [ 12.593778744487658, 49.542191354505832 ] ], [ [ 12.041263596339517, 49.674822320172098 ], [ 12.133361764516188, 49.623473094030892 ], [ 12.205543863844273, 49.687417440814038 ], [ 12.127449686934041, 49.721262949615259 ], [ 12.041263596339517, 49.674822320172098 ] ] ] } },
{ "type": "Feature", "properties": { "NUTS_ID": "DE238", "name": "Regensburg, Landkreis" }, "geometry": { "type": "Polygon", "coordinates": [ [ [ 12.09749594016041, 48.771992118965379 ], [ 12.112504893060173, 48.866717270896658 ], [ 12.044806491294224, 48.940055247187956 ], [ 11.659784992966062, 49.016129411020437 ], [ 11.78954955251826, 49.146757060243033 ], [ 11.935903540355936, 49.195070351374973 ], [ 12.311049605666092, 49.15247188970357 ], [ 12.479026351350505, 49.03198584360652 ], [ 12.402694876802597, 48.87672155544108 ], [ 12.135276098541194, 48.765911841457971 ], [ 12.09749594016041, 48.771992118965379 ] ], [ [ 12.024928205117961, 49.020576915498033 ], [ 12.117722677894745, 48.960716265479952 ], [ 12.196469143331388, 49.003959124443156 ], [ 12.141388936032243, 49.064394797725278 ], [ 12.024928205117961, 49.020576915498033 ] ] ] } },
{ "type": "Feature", "properties": { "NUTS_ID": "DE239", "name": "Schwandorf" }, "geometry": { "type": "Polygon", "coordinates": [ [ [ 12.6337634327997, 49.476195108856487 ], [ 12.517464057467613, 49.425685723553407 ], [ 12.469352462258394, 49.29264659979922 ], [ 12.311049605666092, 49.15247188970357 ], [ 11.935903540355936, 49.195070351374973 ], [ 11.934220426652685, 49.2210744616714 ], [ 12.11548977339914, 49.547955114615377 ], [ 12.593778744487658, 49.542191354505832 ], [ 12.6371073806766, 49.520279909947305 ], [ 12.6337634327997, 49.476195108856487 ] ] ] } },
{ "type": "Feature", "properties": { "NUTS_ID": "DE23A", "name": "Tirschenreuth" }, "geometry": { "type": "Polygon", "coordinates": [ [ [ 12.401524208507894, 49.758373119054326 ], [ 12.165587906410487, 49.83545283102206 ], [ 12.072088493637898, 49.799009898468171 ], [ 11.854835395589436, 49.847109080492011 ], [ 11.847618250736753, 49.944261820266895 ], [ 11.903691641326574, 49.979019981169046 ], [ 12.141873614803087, 49.988287077906385 ], [ 12.260798922794876, 50.058156653040022 ], [ 12.550988701578722, 49.905088076665379 ], [ 12.401524208507894, 49.758373119054326 ] ] ] } },
{ "type": "Feature", "properties": { "NUTS_ID": "DE241", "name": "Bamberg, Kreisfreie Stadt" }, "geometry": { "type": "Polygon", "coordinates": [ [ [ 10.826515003566923, 49.882150868012019 ], [ 10.933167026740763, 49.930083143504966 ], [ 11.002467167348748, 49.882776332913323 ], [ 10.929334755483477, 49.838343414418766 ], [ 10.826515003566923, 49.882150868012019 ] ] ] } },
{ "type": "Feature", "properties": { "NUTS_ID": "DE242", "name": "Bayreuth, Kreisfreie Stadt" }, "geometry": { "type": "Polygon", "coordinates": [ [ [ 11.503686663097811, 49.924901393238585 ], [ 11.567316885364948, 49.980435912487337 ], [ 11.661793320504277, 49.969795390333104 ], [ 11.619364693489421, 49.893135524191287 ], [ 11.503686663097811, 49.924901393238585 ] ] ] } },
{ "type": "Feature", "properties": { "NUTS_ID": "DE243", "name": "Coburg, Kreisfreie Stadt" }, "geometry": { "type": "Polygon", "coordinates": [ [ [ 10.877619213487659, 50.285686027328872 ], [ 10.975651888163812, 50.311467217610499 ], [ 11.02844652054179, 50.258321088702445 ], [ 10.963421548466187, 50.20668032698125 ], [ 10.877619213487659, 50.285686027328872 ] ] ] } },
{ "type": "Feature", "properties": { "NUTS_ID": "DE244", "name": "Hof, Kreisfreie Stadt" }, "geometry": { "type": "Polygon", "coordinates": [ [ [ 11.817643120612223, 50.299623200105152 ], [ 11.894404515491713, 50.362500857255228 ], [ 11.97941044038796, 50.323674156221728 ], [ 11.915149426837299, 50.265815865665331 ], [ 11.817643120612223, 50.299623200105152 ] ] ] } },
{ "type": "Feature", "properties": { "NUTS_ID": "DE245", "name": "Bamberg, Landkreis" }, "geometry": { "type": "Polygon", "coordinates": [ [ [ 11.238110072331439, 49.870472944160994 ], [ 10.927335364348757, 49.768429876561456 ], [ 10.810076885641525, 49.739052604835749 ], [ 10.728114168768641, 49.771441082131773 ], [ 10.654417729735547, 49.721123372767543 ], [ 10.551436144692776, 49.755772532830903 ], [ 10.448964985759208, 49.82217697814206 ], [ 10.505248408216048, 49.876681958546058 ], [ 10.665109190470961, 49.902397986113961 ], [ 10.860116698688234, 50.091785382744419 ], [ 10.884773565268683, 50.093142345683908 ], [ 11.246397784328114, 49.989562970928915 ], [ 11.199584422672489, 49.920229560493219 ], [ 11.238110072331439, 49.870472944160994 ] ], [ [ 10.826515003566923, 49.882150868012019 ], [ 10.929334755483477, 49.838343414418766 ], [ 11.002467167348748, 49.882776332913323 ], [ 10.933167026740763, 49.930083143504966 ], [ 10.826515003566923, 49.882150868012019 ] ] ] } },
{ "type": "Feature", "properties": { "NUTS_ID": "DE246", "name": "Bayreuth, Landkreis" }, "geometry": { "type": "Polygon", "coordinates": [ [ [ 11.630662630412742, 49.760570924089507 ], [ 11.562628609802324, 49.685606506927918 ], [ 11.467465543501842, 49.624945879139837 ], [ 11.368694225384575, 49.666708144037862 ], [ 11.367111176344515, 49.755151044145961 ], [ 11.238110072331439, 49.870472944160994 ], [ 11.199584422672489, 49.920229560493219 ], [ 11.246397784328114, 49.989562970928915 ], [ 11.256807618327258, 49.999958542955554 ], [ 11.392713907193858, 49.950932845700542 ], [ 11.61139101563367, 50.029983372834643 ], [ 11.678084982918032, 50.124602521967994 ], [ 11.789114050653778, 50.10324802420223 ], [ 11.903691641326574, 49.979019981169046 ], [ 11.847618250736753, 49.944261820266895 ], [ 11.854835395589436, 49.847109080492011 ], [ 11.630662630412742, 49.760570924089507 ] ], [ [ 11.503686663097811, 49.924901393238585 ], [ 11.619364693489421, 49.893135524191287 ], [ 11.661793320504277, 49.969795390333104 ], [ 11.567316885364948, 49.980435912487337 ], [ 11.503686663097811, 49.924901393238585 ] ] ] } },
{ "type": "Feature", "properties": { "NUTS_ID": "DE247", "name": "Coburg, Landkreis" }, "geometry": { "type": "Polygon", "coordinates": [ [ [ 11.198184818424663, 50.20209563812864 ], [ 11.022953836254487, 50.199457569560451 ], [ 10.884773565268683, 50.093142345683908 ], [ 10.860116698688234, 50.091785382744419 ], [ 10.810076885557612, 50.148645162972215 ], [ 10.729443146775038, 50.230264459317766 ], [ 10.805427038539561, 50.268510077234588 ], [ 10.752882157523922, 50.355286974711554 ], [ 10.945591155512574, 50.386506045559067 ], [ 11.113501553790234, 50.351931709917473 ], [ 11.189943054442246, 50.271185548690106 ], [ 11.198184818424663, 50.20209563812864 ] ], [ [ 10.877619213487659, 50.285686027328872 ], [ 10.963421548466187, 50.20668032698125 ], [ 11.02844652054179, 50.258321088702445 ], [ 10.975651888163812, 50.311467217610499 ], [ 10.877619213487659, 50.285686027328872 ] ] ] } },
{ "type": "Feature", "properties": { "NUTS_ID": "DE248", "name": "Forchheim" }, "geometry": { "type": "Polygon", "coordinates": [ [ [ 11.368694225384575, 49.666708144037862 ], [ 11.280304284398499, 49.604301448836232 ], [ 11.106317180365693, 49.605244797241504 ], [ 10.927335364348757, 49.768429876561456 ], [ 11.238110072331439, 49.870472944160994 ], [ 11.367111176344515, 49.755151044145961 ], [ 11.368694225384575, 49.666708144037862 ] ] ] } },
{ "type": "Feature", "properties": { "NUTS_ID": "DE249", "name": "Hof, Landkreis" }, "geometry": { "type": "Polygon", "coordinates": [ [ [ 12.160679128638748, 50.219849101156044 ], [ 11.789114050653778, 50.10324802420223 ], [ 11.678084982918032, 50.124602521967994 ], [ 11.634916307370194, 50.239234814718905 ], [ 11.540751896521092, 50.265513637211036 ], [ 11.603290308076792, 50.398765898678313 ], [ 11.919323121843766, 50.424728014089311 ], [ 12.100900624937974, 50.318028073181836 ], [ 12.160679128638748, 50.219849101156044 ] ], [ [ 11.817643120612223, 50.299623200105152 ], [ 11.915149426837299, 50.265815865665331 ], [ 11.97941044038796, 50.323674156221728 ], [ 11.894404515491713, 50.362500857255228 ], [ 11.817643120612223, 50.299623200105152 ] ] ] } },
{ "type": "Feature", "properties": { "NUTS_ID": "DE24A", "name": "Kronach" }, "geometry": { "type": "Polygon", "coordinates": [ [ [ 11.540751896521092, 50.265513637211036 ], [ 11.342195921392122, 50.160312441904942 ], [ 11.198184818424663, 50.20209563812864 ], [ 11.189943054442246, 50.271185548690106 ], [ 11.268402127735719, 50.328164389156981 ], [ 11.265937885406963, 50.479421105337323 ], [ 11.385038190368883, 50.511339289726024 ], [ 11.481568223952218, 50.431621396746877 ], [ 11.603290308076792, 50.398765898678313 ], [ 11.540751896521092, 50.265513637211036 ] ] ] } },
{ "type": "Feature", "properties": { "NUTS_ID": "DE24B", "name": "Kulmbach" }, "geometry": { "type": "Polygon", "coordinates": [ [ [ 11.678084982918032, 50.124602521967994 ], [ 11.61139101563367, 50.029983372834643 ], [ 11.392713907193858, 49.950932845700542 ], [ 11.256807618327258, 49.999958542955554 ], [ 11.342195921392122, 50.160312441904942 ], [ 11.540751896521092, 50.265513637211036 ], [ 11.634916307370194, 50.239234814718905 ], [ 11.678084982918032, 50.124602521967994 ] ] ] } },
{ "type": "Feature", "properties": { "NUTS_ID": "DE24C", "name": "Lichtenfels" }, "geometry": { "type": "Polygon", "coordinates": [ [ [ 11.246397784328114, 49.989562970928915 ], [ 10.884773565268683, 50.093142345683908 ], [ 11.022953836254487, 50.199457569560451 ], [ 11.198184818424663, 50.20209563812864 ], [ 11.342195921392122, 50.160312441904942 ], [ 11.256807618327258, 49.999958542955554 ], [ 11.246397784328114, 49.989562970928915 ] ] ] } },
{ "type": "Feature", "properties": { "NUTS_ID": "DE24D", "name": "Wunsiedel i. Fichtelgebirge" }, "geometry": { "type": "Polygon", "coordinates": [ [ [ 12.260798922794876, 50.058156653040022 ], [ 12.141873614803087, 49.988287077906385 ], [ 11.903691641326574, 49.979019981169046 ], [ 11.789114050653778, 50.10324802420223 ], [ 12.160679128638748, 50.219849101156044 ], [ 12.260798922794876, 50.058156653040022 ] ] ] } },
{ "type": "Feature", "properties": { "NUTS_ID": "DE251", "name": "Ansbach, Kreisfreie Stadt" }, "geometry": { "type": "Polygon", "coordinates": [ [ [ 10.469631306505548, 49.309248672728593 ], [ 10.587734151481362, 49.3457121204355 ], [ 10.66227567979759, 49.308928924607201 ], [ 10.580694766809769, 49.23481938550956 ], [ 10.469631306505548, 49.309248672728593 ] ] ] } },
{ "type": "Feature", "properties": { "NUTS_ID": "DE252", "name": "Erlangen, Kreisfreie Stadt" }, "geometry": { "type": "Polygon", "coordinates": [ [ [ 10.932828208373417, 49.538251345417969 ], [ 10.932610450599649, 49.638109630104694 ], [ 11.028006738614504, 49.603175104435657 ], [ 11.029464905901033, 49.535398473521546 ], [ 10.987927957750056, 49.536785388375094 ], [ 10.934023868618274, 49.53446854787893 ], [ 10.932828208373417, 49.538251345417969 ] ] ] } },
{ "type": "Feature", "properties": { "NUTS_ID": "DE253", "name": "Fürth, Kreisfreie Stadt" }, "geometry": { "type": "Polygon", "coordinates": [ [ [ 10.934023868618274, 49.53446854787893 ], [ 10.987927957750056, 49.536785388375094 ], [ 11.021880174298872, 49.494060655003821 ], [ 10.990747298570653, 49.436961860730257 ], [ 10.92896567005244, 49.466356048051423 ], [ 10.934023868618274, 49.53446854787893 ] ] ] } },
{ "type": "Feature", "properties": { "NUTS_ID": "DE254", "name": "Nürnberg, Kreisfreie Stadt" }, "geometry": { "type": "Polygon", "coordinates": [ [ [ 10.992715592637991, 49.381493656895849 ], [ 10.990747298570653, 49.436961860730257 ], [ 11.021880174298872, 49.494060655003821 ], [ 10.987927957750056, 49.536785388375094 ], [ 11.029464905901033, 49.535398473521546 ], [ 11.178176241772558, 49.474088940389485 ], [ 11.169249247041741, 49.388472405789869 ], [ 11.079809984032869, 49.339275576082734 ], [ 10.997796397362819, 49.375884905126597 ], [ 10.992715592637991, 49.381493656895849 ] ] ] } },
{ "type": "Feature", "properties": { "NUTS_ID": "DE255", "name": "Schwabach, Kreisfreie Stadt" }, "geometry": { "type": "Polygon", "coordinates": [ [ [ 10.997796397362819, 49.375884905126597 ], [ 11.079809984032869, 49.339275576082734 ], [ 11.076658111819921, 49.317490031035334 ], [ 11.017277444486149, 49.299982484326762 ], [ 10.980247874719584, 49.352923821613736 ], [ 10.997796397362819, 49.375884905126597 ] ] ] } },
{ "type": "Feature", "properties": { "NUTS_ID": "DE256", "name": "Ansbach, Landkreis" }, "geometry": { "type": "Polygon", "coordinates": [ [ [ 10.111966666519629, 49.384910490082518 ], [ 10.1183275380117, 49.473169531477339 ], [ 10.323564934425972, 49.422363941463523 ], [ 10.697351613458554, 49.436273489078026 ], [ 10.810076884726675, 49.374810268901051 ], [ 10.867839043947187, 49.356126428120689 ], [ 10.895689963522942, 49.25781036297353 ], [ 10.837640887834828, 49.197751140908409 ], [ 10.697206203383931, 49.141134514259868 ], [ 10.642254361471656, 49.016631551840391 ], [ 10.409849322678983, 48.977435566917194 ], [ 10.256763389558465, 49.0594949935725 ], [ 10.140738297003882, 49.210049165562097 ], [ 10.111966666519629, 49.384910490082518 ] ], [ [ 10.469631306505548, 49.309248672728593 ], [ 10.580694766809769, 49.23481938550956 ], [ 10.66227567979759, 49.308928924607201 ], [ 10.587734151481362, 49.3457121204355 ], [ 10.469631306505548, 49.309248672728593 ] ] ] } },
{ "type": "Feature", "properties": { "NUTS_ID": "DE257", "name": "Erlangen-Höchstadt" }, "geometry": { "type": "Polygon", "coordinates": [ [ [ 11.178176241772558, 49.474088940389485 ], [ 11.029464905901033, 49.535398473521546 ], [ 11.028006738614504, 49.603175104435657 ], [ 10.932610450599649, 49.638109630104694 ], [ 10.932828208373417, 49.538251345417969 ], [ 10.815765903759692, 49.535607534818269 ], [ 10.654417729735547, 49.721123372767543 ], [ 10.728114168768641, 49.771441082131773 ], [ 10.810076885641525, 49.739052604835749 ], [ 10.927335364348757, 49.768429876561456 ], [ 11.106317180365693, 49.605244797241504 ], [ 11.280304284398499, 49.604301448836232 ], [ 11.178176241772558, 49.474088940389485 ] ] ] } },
{ "type": "Feature", "properties": { "NUTS_ID": "DE258", "name": "Fürth, Landkreis" }, "geometry": { "type": "Polygon", "coordinates": [ [ [ 10.697351613458554, 49.436273489078026 ], [ 10.815765903759692, 49.535607534818269 ], [ 10.932828208373417, 49.538251345417969 ], [ 10.934023868618274, 49.53446854787893 ], [ 10.92896567005244, 49.466356048051423 ], [ 10.990747298570653, 49.436961860730257 ], [ 10.992715592637991, 49.381493656895849 ], [ 10.867839043947187, 49.356126428120689 ], [ 10.810076884726675, 49.374810268901051 ], [ 10.697351613458554, 49.436273489078026 ] ] ] } },
{ "type": "Feature", "properties": { "NUTS_ID": "DE259", "name": "Nürnberger Land" }, "geometry": { "type": "Polygon", "coordinates": [ [ [ 11.24717591233242, 49.325352919284114 ], [ 11.169249247041741, 49.388472405789869 ], [ 11.178176241772558, 49.474088940389485 ], [ 11.280304284398499, 49.604301448836232 ], [ 11.368694225384575, 49.666708144037862 ], [ 11.467465543501842, 49.624945879139837 ], [ 11.562628609802324, 49.685606506927918 ], [ 11.557754840648723, 49.419042038548881 ], [ 11.456040193788732, 49.415456282403433 ], [ 11.337750294449712, 49.315067074765444 ], [ 11.24717591233242, 49.325352919284114 ] ] ] } },
{ "type": "Feature", "properties": { "NUTS_ID": "DE25A", "name": "Neustadt a. d. Aisch-Bad Windsheim" }, "geometry": { "type": "Polygon", "coordinates": [ [ [ 10.083723320344399, 49.543560901057688 ], [ 10.110316016668826, 49.621408540789716 ], [ 10.355491090566112, 49.638234577133417 ], [ 10.427931617365415, 49.735109211835585 ], [ 10.551436144692776, 49.755772532830903 ], [ 10.654417729735547, 49.721123372767543 ], [ 10.815765903759692, 49.535607534818269 ], [ 10.697351613458554, 49.436273489078026 ], [ 10.323564934425972, 49.422363941463523 ], [ 10.1183275380117, 49.473169531477339 ], [ 10.083723320344399, 49.543560901057688 ] ] ] } },
{ "type": "Feature", "properties": { "NUTS_ID": "DE25B", "name": "Roth" }, "geometry": { "type": "Polygon", "coordinates": [ [ [ 11.201364255068674, 49.046551387231986 ], [ 10.837640887834828, 49.197751140908409 ], [ 10.895689963522942, 49.25781036297353 ], [ 10.867839043947187, 49.356126428120689 ], [ 10.992715592637991, 49.381493656895849 ], [ 10.997796397362819, 49.375884905126597 ], [ 10.980247874719584, 49.352923821613736 ], [ 11.017277444486149, 49.299982484326762 ], [ 11.076658111819921, 49.317490031035334 ], [ 11.079809984032869, 49.339275576082734 ], [ 11.169249247041741, 49.388472405789869 ], [ 11.24717591233242, 49.325352919284114 ], [ 11.385714150467843, 49.078858119826975 ], [ 11.342953189960438, 49.010998380629182 ], [ 11.201364255068674, 49.046551387231986 ] ] ] } },
{ "type": "Feature", "properties": { "NUTS_ID": "DE25C", "name": "Weißenburg-Gunzenhausen" }, "geometry": { "type": "Polygon", "coordinates": [ [ [ 10.642254361471656, 49.016631551840391 ], [ 10.697206203383931, 49.141134514259868 ], [ 10.837640887834828, 49.197751140908409 ], [ 11.201364255068674, 49.046551387231986 ], [ 10.936839713911194, 48.863276157585759 ], [ 10.642254361471656, 49.016631551840391 ] ] ] } },
{ "type": "Feature", "properties": { "NUTS_ID": "DE261", "name": "Aschaffenburg, Kreisfreie Stadt" }, "geometry": { "type": "Polygon", "coordinates": [ [ [ 9.237795370568202, 49.93480034072676 ], [ 9.107240186632282, 49.930858646645774 ], [ 9.09660975850802, 49.969678170943268 ], [ 9.13301111477565, 49.999549687217652 ], [ 9.237795370568202, 49.93480034072676 ] ] ] } },
{ "type": "Feature", "properties": { "NUTS_ID": "DE262", "name": "Schweinfurt, Kreisfreie Stadt" }, "geometry": { "type": "Polygon", "coordinates": [ [ [ 10.123150594788804, 50.024458451241159 ], [ 10.217905159645456, 50.095784240598235 ], [ 10.274193454423223, 50.012641729159888 ], [ 10.220201720697821, 49.988751411318631 ], [ 10.123150594788804, 50.024458451241159 ] ] ] } },
{ "type": "Feature", "properties": { "NUTS_ID": "DE263", "name": "Würzburg, Kreisfreie Stadt" }, "geometry": { "type": "Polygon", "coordinates": [ [ [ 9.858771234379738, 49.82930501478581 ], [ 9.998232848329536, 49.834518564740563 ], [ 9.981457720293834, 49.719453059478738 ], [ 9.908367047500656, 49.742094285059999 ], [ 9.858771234379738, 49.82930501478581 ] ] ] } },
{ "type": "Feature", "properties": { "NUTS_ID": "DE264", "name": "Aschaffenburg, Landkreis" }, "geometry": { "type": "Polygon", "coordinates": [ [ [ 9.016088341569994, 49.991340567762677 ], [ 8.990559953313126, 50.067119140344452 ], [ 9.254054796050626, 50.141910516887719 ], [ 9.404984498471856, 50.087734453299717 ], [ 9.422738100762095, 49.881137860016416 ], [ 9.318886855697468, 49.851734215642935 ], [ 9.237795370568202, 49.93480034072676 ], [ 9.13301111477565, 49.999549687217652 ], [ 9.09660975850802, 49.969678170943268 ], [ 9.107240186632282, 49.930858646645774 ], [ 9.050080247452131, 49.866315128501462 ], [ 9.016088341569994, 49.991340567762677 ] ] ] } },
{ "type": "Feature", "properties": { "NUTS_ID": "DE265", "name": "Bad Kissingen" }, "geometry": { "type": "Polygon", "coordinates": [ [ [ 9.935654763816132, 50.419606484001669 ], [ 9.969026926307576, 50.342755108888888 ], [ 10.370133832322006, 50.229161872637604 ], [ 9.964012982427578, 50.054716964651114 ], [ 9.837522952554663, 50.049465600592377 ], [ 9.62315099356435, 50.229040142603132 ], [ 9.732914479431534, 50.356149403219781 ], [ 9.779706997647798, 50.411333597356496 ], [ 9.935654763816132, 50.419606484001669 ] ] ] } },
{ "type": "Feature", "properties": { "NUTS_ID": "DE266", "name": "Rhön-Grabfeld" }, "geometry": { "type": "Polygon", "coordinates": [ [ [ 10.45053222935892, 50.401859653923879 ], [ 10.586551139725643, 50.323437321720178 ], [ 10.610162427345273, 50.227920402765633 ], [ 10.450533623542393, 50.196711299063068 ], [ 10.370133832322006, 50.229161872637604 ], [ 9.969026926307576, 50.342755108888888 ], [ 9.935654763816132, 50.419606484001669 ], [ 10.041338322650201, 50.516469643388334 ], [ 10.201043550685069, 50.549664913145726 ], [ 10.45053222935892, 50.401859653923879 ] ] ] } },
{ "type": "Feature", "properties": { "NUTS_ID": "DE267", "name": "Haßberge" }, "geometry": { "type": "Polygon", "coordinates": [ [ [ 10.505248408216048, 49.876681958546058 ], [ 10.387195711934723, 50.037976454949373 ], [ 10.450533623542393, 50.196711299063068 ], [ 10.610162427345273, 50.227920402765633 ], [ 10.729443146775038, 50.230264459317766 ], [ 10.810076885557612, 50.148645162972215 ], [ 10.860116698688234, 50.091785382744419 ], [ 10.665109190470961, 49.902397986113961 ], [ 10.505248408216048, 49.876681958546058 ] ] ] } },
{ "type": "Feature", "properties": { "NUTS_ID": "DE268", "name": "Kitzingen" }, "geometry": { "type": "Polygon", "coordinates": [ [ [ 10.551436144692776, 49.755772532830903 ], [ 10.427931617365415, 49.735109211835585 ], [ 10.355491090566112, 49.638234577133417 ], [ 10.110316016668826, 49.621408540789716 ], [ 10.057306083766759, 49.786503353401528 ], [ 10.189162151316289, 49.892056537452675 ], [ 10.448964985759208, 49.82217697814206 ], [ 10.551436144692776, 49.755772532830903 ] ] ] } },
{ "type": "Feature", "properties": { "NUTS_ID": "DE269", "name": "Miltenberg" }, "geometry": { "type": "Polygon", "coordinates": [ [ [ 9.050080247452131, 49.866315128501462 ], [ 9.107240186632282, 49.930858646645774 ], [ 9.237795370568202, 49.93480034072676 ], [ 9.318886855697468, 49.851734215642935 ], [ 9.422738100762095, 49.881137860016416 ], [ 9.471497455406542, 49.779726520945971 ], [ 9.360695684593571, 49.756437707436945 ], [ 9.410975583841781, 49.663497671748132 ], [ 9.10300593211735, 49.577456107681883 ], [ 9.127169741581309, 49.742134535521494 ], [ 9.036080437214002, 49.846503937936212 ], [ 9.050080247452131, 49.866315128501462 ] ] ] } },
{ "type": "Feature", "properties": { "NUTS_ID": "DE26A", "name": "Main-Spessart" }, "geometry": { "type": "Polygon", "coordinates": [ [ [ 9.62315099356435, 50.229040142603132 ], [ 9.837522952554663, 50.049465600592377 ], [ 9.964012982427578, 50.054716964651114 ], [ 10.030918998926536, 49.952199932698051 ], [ 9.648735819680937, 49.791477409687978 ], [ 9.471497455406542, 49.779726520945971 ], [ 9.422738100762095, 49.881137860016416 ], [ 9.404984498471856, 50.087734453299717 ], [ 9.500834948469963, 50.11373983206569 ], [ 9.539038081179031, 50.221966117616986 ], [ 9.62315099356435, 50.229040142603132 ] ] ] } },
{ "type": "Feature", "properties": { "NUTS_ID": "DE26B", "name": "Schweinfurt, Landkreis" }, "geometry": { "type": "Polygon", "coordinates": [ [ [ 10.448964985759208, 49.82217697814206 ], [ 10.189162151316289, 49.892056537452675 ], [ 10.030918998926536, 49.952199932698051 ], [ 9.964012982427578, 50.054716964651114 ], [ 10.370133832322006, 50.229161872637604 ], [ 10.450533623542393, 50.196711299063068 ], [ 10.387195711934723, 50.037976454949373 ], [ 10.505248408216048, 49.876681958546058 ], [ 10.448964985759208, 49.82217697814206 ] ], [ [ 10.123150594788804, 50.024458451241159 ], [ 10.220201720697821, 49.988751411318631 ], [ 10.274193454423223, 50.012641729159888 ], [ 10.217905159645456, 50.095784240598235 ], [ 10.123150594788804, 50.024458451241159 ] ] ] } },
{ "type": "Feature", "properties": { "NUTS_ID": "DE26C", "name": "Würzburg, Landkreis" }, "geometry": { "type": "Polygon", "coordinates": [ [ [ 9.648735819680937, 49.791477409687978 ], [ 10.030918998926536, 49.952199932698051 ], [ 10.189162151316289, 49.892056537452675 ], [ 10.057306083766759, 49.786503353401528 ], [ 10.110316016668826, 49.621408540789716 ], [ 10.083723320344399, 49.543560901057688 ], [ 9.935535042344004, 49.500703059056548 ], [ 9.798422408665447, 49.694919557887239 ], [ 9.644790861188005, 49.721359338383465 ], [ 9.648735819680937, 49.791477409687978 ] ], [ [ 9.858771234379738, 49.82930501478581 ], [ 9.908367047500656, 49.742094285059999 ], [ 9.981457720293834, 49.719453059478738 ], [ 9.998232848329536, 49.834518564740563 ], [ 9.858771234379738, 49.82930501478581 ] ] ] } },
{ "type": "Feature", "properties": { "NUTS_ID": "DE271", "name": "Augsburg, Kreisfreie Stadt" }, "geometry": { "type": "Polygon", "coordinates": [ [ [ 10.884093427645654, 48.458403153529183 ], [ 10.956540704524148, 48.380144093399821 ], [ 10.910750952371568, 48.258306935287052 ], [ 10.798742249243974, 48.327345017386783 ], [ 10.884093427645654, 48.458403153529183 ] ] ] } },
{ "type": "Feature", "properties": { "NUTS_ID": "DE272", "name": "Kaufbeuren, Kreisfreie Stadt" }, "geometry": { "type": "Polygon", "coordinates": [ [ [ 10.536100762992959, 47.888398649064065 ], [ 10.635106932125952, 47.933788875693629 ], [ 10.703965203503866, 47.891387378336766 ], [ 10.638623029245313, 47.837705999357546 ], [ 10.536100762992959, 47.888398649064065 ] ] ] } },
{ "type": "Feature", "properties": { "NUTS_ID": "DE273", "name": "Kempten (Allgäu), Kreisfreie Stadt" }, "geometry": { "type": "Polygon", "coordinates": [ [ [ 10.227728737393514, 47.707592511528055 ], [ 10.288865907681542, 47.781767569125591 ], [ 10.387056437555037, 47.745277348343386 ], [ 10.341598216822231, 47.692943098493764 ], [ 10.227728737393514, 47.707592511528055 ] ] ] } },
{ "type": "Feature", "properties": { "NUTS_ID": "DE274", "name": "Memmingen, Kreisfreie Stadt" }, "geometry": { "type": "Polygon", "coordinates": [ [ [ 10.105300638662504, 47.974638626943211 ], [ 10.114927349061315, 47.976300479149231 ], [ 10.168380423415886, 48.032792987215203 ], [ 10.201839794435868, 48.027169522757653 ], [ 10.185019152079409, 47.927860202321227 ], [ 10.15461010193853, 47.913478277039111 ], [ 10.110136718669098, 47.93714984864139 ], [ 10.105300638662504, 47.974638626943211 ] ] ] } },
{ "type": "Feature", "properties": { "NUTS_ID": "DE275", "name": "Aichach-Friedberg" }, "geometry": { "type": "Polygon", "coordinates": [ [ [ 10.923928682782478, 48.586953884494541 ], [ 11.022986167346849, 48.620171353923936 ], [ 11.295410855437707, 48.474574055060167 ], [ 11.311675126463356, 48.452272870280048 ], [ 11.190226155562092, 48.380144093683519 ], [ 11.116768563583037, 48.268477862182372 ], [ 11.034509753091742, 48.192992081414012 ], [ 10.9034111784832, 48.236676642091574 ], [ 10.910750952371568, 48.258306935287052 ], [ 10.956540704524148, 48.380144093399821 ], [ 10.884093427645654, 48.458403153529183 ], [ 10.923928682782478, 48.586953884494541 ] ] ] } },
{ "type": "Feature", "properties": { "NUTS_ID": "DE276", "name": "Augsburg, Landkreis" }, "geometry": { "type": "Polygon", "coordinates": [ [ [ 10.701787142043573, 48.097872925758132 ], [ 10.573641758196635, 48.212120498819516 ], [ 10.516262930664041, 48.380144093186502 ], [ 10.5283555106087, 48.471389055411208 ], [ 10.735906375185843, 48.503917882935625 ], [ 10.77936769539971, 48.618930619824226 ], [ 10.923928682782478, 48.586953884494541 ], [ 10.884093427645654, 48.458403153529183 ], [ 10.798742249243974, 48.327345017386783 ], [ 10.910750952371568, 48.258306935287052 ], [ 10.9034111784832, 48.236676642091574 ], [ 10.801531856181446, 48.104170415702299 ], [ 10.701787142043573, 48.097872925758132 ] ] ] } },
{ "type": "Feature", "properties": { "NUTS_ID": "DE277", "name": "Dillingen a.d. Donau" }, "geometry": { "type": "Polygon", "coordinates": [ [ [ 10.5283555106087, 48.471389055411208 ], [ 10.278226336164627, 48.516094518856079 ], [ 10.277423768111097, 48.67987230434921 ], [ 10.487258069505518, 48.696662130232816 ], [ 10.614427033445551, 48.736682725752217 ], [ 10.77936769539971, 48.618930619824226 ], [ 10.735906375185843, 48.503917882935625 ], [ 10.5283555106087, 48.471389055411208 ] ] ] } },
{ "type": "Feature", "properties": { "NUTS_ID": "DE278", "name": "Günzburg" }, "geometry": { "type": "Polygon", "coordinates": [ [ [ 10.271433448960703, 48.229654151464842 ], [ 10.256562388481196, 48.329639649008904 ], [ 10.183192369288422, 48.380144093347617 ], [ 10.133895590696927, 48.454871464866144 ], [ 10.230779511565043, 48.510511055500935 ], [ 10.278226336164627, 48.516094518856079 ], [ 10.5283555106087, 48.471389055411208 ], [ 10.516262930664041, 48.380144093186502 ], [ 10.573641758196635, 48.212120498819516 ], [ 10.370087393096879, 48.175664793726099 ], [ 10.271433448960703, 48.229654151464842 ] ] ] } },
{ "type": "Feature", "properties": { "NUTS_ID": "DE279", "name": "Neu-Ulm" }, "geometry": { "type": "Polygon", "coordinates": [ [ [ 10.136457220537352, 48.108459578818959 ], [ 10.095357282371682, 48.164014895969515 ], [ 9.997605833837058, 48.350117951648343 ], [ 9.983220737683499, 48.382204188421078 ], [ 10.025247115466916, 48.422119646131662 ], [ 10.032694508627642, 48.457196340408132 ], [ 10.133895590696927, 48.454871464866144 ], [ 10.183192369288422, 48.380144093347617 ], [ 10.256562388481196, 48.329639649008904 ], [ 10.271433448960703, 48.229654151464842 ], [ 10.136457220537352, 48.108459578818959 ] ] ] } },
{ "type": "Feature", "properties": { "NUTS_ID": "DE27A", "name": "Lindau (Bodensee)" }, "geometry": { "type": "Polygon", "coordinates": [ [ [ 9.558720701645559, 47.54189287460278 ], [ 9.692151662744704, 47.610423517554729 ], [ 9.859402660434673, 47.667939866599184 ], [ 10.077292526743109, 47.639274346133732 ], [ 9.967813722692496, 47.54624055026764 ], [ 9.558720701645559, 47.54189287460278 ] ] ] } },
{ "type": "Feature", "properties": { "NUTS_ID": "DE27B", "name": "Ostallgäu" }, "geometry": { "type": "Polygon", "coordinates": [ [ [ 10.454438851635778, 47.555797021089816 ], [ 10.486546668458535, 47.637451254355014 ], [ 10.440524177565376, 47.76232046059792 ], [ 10.326900786020378, 47.858075557195974 ], [ 10.635736862026565, 47.9721292010532 ], [ 10.701787142043573, 48.097872925758132 ], [ 10.801531856181446, 48.104170415702299 ], [ 10.76709045450035, 47.843793586634739 ], [ 10.73436682238192, 47.7155891805835 ], [ 10.810076885539305, 47.657013431872087 ], [ 10.952785343005068, 47.616265388032275 ], [ 10.88614682644841, 47.536782343487353 ], [ 10.810076884977668, 47.52045065207458 ], [ 10.454438851635778, 47.555797021089816 ] ], [ [ 10.536100762992959, 47.888398649064065 ], [ 10.638623029245313, 47.837705999357546 ], [ 10.703965203503866, 47.891387378336766 ], [ 10.635106932125952, 47.933788875693629 ], [ 10.536100762992959, 47.888398649064065 ] ] ] } },
{ "type": "Feature", "properties": { "NUTS_ID": "DE27C", "name": "Unterallgäu" }, "geometry": { "type": "Polygon", "coordinates": [ [ [ 10.13192829571317, 47.820087420623061 ], [ 10.110136718669098, 47.93714984864139 ], [ 10.15461010193853, 47.913478277039111 ], [ 10.185019152079409, 47.927860202321227 ], [ 10.201839794435868, 48.027169522757653 ], [ 10.168380423415886, 48.032792987215203 ], [ 10.114927349061315, 47.976300479149231 ], [ 10.136457220537352, 48.108459578818959 ], [ 10.271433448960703, 48.229654151464842 ], [ 10.370087393096879, 48.175664793726099 ], [ 10.573641758196635, 48.212120498819516 ], [ 10.701787142043573, 48.097872925758132 ], [ 10.635736862026565, 47.9721292010532 ], [ 10.326900786020378, 47.858075557195974 ], [ 10.13192829571317, 47.820087420623061 ] ] ] } },
{ "type": "Feature", "properties": { "NUTS_ID": "DE27D", "name": "Donau-Ries" }, "geometry": { "type": "Polygon", "coordinates": [ [ [ 10.77936769539971, 48.618930619824226 ], [ 10.614427033445551, 48.736682725752217 ], [ 10.487258069505518, 48.696662130232816 ], [ 10.423689313525626, 48.744234641171964 ], [ 10.409849322678983, 48.977435566917194 ], [ 10.642254361471656, 49.016631551840391 ], [ 10.936839713911194, 48.863276157585759 ], [ 11.005941269547355, 48.821883059791467 ], [ 11.022986167346849, 48.620171353923936 ], [ 10.923928682782478, 48.586953884494541 ], [ 10.77936769539971, 48.618930619824226 ] ] ] } },
{ "type": "Feature", "properties": { "NUTS_ID": "DE27E", "name": "Oberallgäu" }, "geometry": { "type": "Polygon", "coordinates": [ [ [ 9.999526182575735, 47.483017135964808 ], [ 9.967813722692496, 47.54624055026764 ], [ 10.077292526743109, 47.639274346133732 ], [ 10.13192829571317, 47.820087420623061 ], [ 10.326900786020378, 47.858075557195974 ], [ 10.440524177565376, 47.76232046059792 ], [ 10.486546668458535, 47.637451254355014 ], [ 10.454438851635778, 47.555797021089816 ], [ 10.429380962792148, 47.392417193776744 ], [ 10.178352766884297, 47.270114021788423 ], [ 10.200433606521399, 47.355760151098167 ], [ 9.999526182575735, 47.483017135964808 ] ], [ [ 10.227728737393514, 47.707592511528055 ], [ 10.341598216822231, 47.692943098493764 ], [ 10.387056437555037, 47.745277348343386 ], [ 10.288865907681542, 47.781767569125591 ], [ 10.227728737393514, 47.707592511528055 ] ] ] } },
{ "type": "Feature", "properties": { "NUTS_ID": "DE300", "name": "Berlin" }, "geometry": { "type": "Polygon", "coordinates": [ [ [ 13.666979985269482, 52.474167134554008 ], [ 13.729883853059631, 52.438593235503923 ], [ 13.699737772654062, 52.377882987071011 ], [ 13.420985176273055, 52.376246950662825 ], [ 13.31192590157527, 52.39918556504761 ], [ 13.165898057989793, 52.394275374320927 ], [ 13.111079524240452, 52.426786681784805 ], [ 13.153695734341081, 52.501821644267991 ], [ 13.164262890917438, 52.598900554771959 ], [ 13.398539830308506, 52.648194464153541 ], [ 13.610827415387122, 52.544235483870317 ], [ 13.666979985269482, 52.474167134554008 ] ] ] } },
{ "type": "Feature", "properties": { "NUTS_ID": "DE401", "name": "Brandenburg an der Havel, Kreisfreie Stadt" }, "geometry": { "type": "Polygon", "coordinates": [ [ [ 12.361179923740382, 52.442772144507181 ], [ 12.428174841250083, 52.458143458105852 ], [ 12.563011070608283, 52.401232998351993 ], [ 12.456475489368074, 52.343173417376747 ], [ 12.361179923740382, 52.442772144507181 ] ] ] } },
{ "type": "Feature", "properties": { "NUTS_ID": "DE402", "name": "Cottbus, Kreisfreie Stadt" }, "geometry": { "type": "Polygon", "coordinates": [ [ [ 14.250154770721313, 51.799716955979754 ], [ 14.360464344642876, 51.871714684414584 ], [ 14.477966924586172, 51.732099921189679 ], [ 14.321471416391214, 51.689724065938691 ], [ 14.250154770721313, 51.799716955979754 ] ] ] } },
{ "type": "Feature", "properties": { "NUTS_ID": "DE403", "name": "Frankfurt (Oder), Kreisfreie Stadt" }, "geometry": { "type": "Polygon", "coordinates": [ [ [ 14.5343618896098, 52.395008036768587 ], [ 14.600891329490961, 52.272052004073402 ], [ 14.425644243647321, 52.269121355312414 ], [ 14.423764339600785, 52.37396841109998 ], [ 14.5343618896098, 52.395008036768587 ] ] ] } },
{ "type": "Feature", "properties": { "NUTS_ID": "DE404", "name": "Potsdam, Kreisfreie Stadt" }, "geometry": { "type": "Polygon", "coordinates": [ [ [ 13.165898057989793, 52.394275374320927 ], [ 13.019961194715593, 52.354963486393778 ], [ 12.893530805536754, 52.460763352795681 ], [ 13.153695734341081, 52.501821644267991 ], [ 13.111079524240452, 52.426786681784805 ], [ 13.165898057989793, 52.394275374320927 ] ] ] } },
{ "type": "Feature", "properties": { "NUTS_ID": "DE405", "name": "Barnim" }, "geometry": { "type": "Polygon", "coordinates": [ [ [ 14.156692153419463, 52.895590996540946 ], [ 13.762641837585486, 52.732412175952135 ], [ 13.81598238429085, 52.636825345289942 ], [ 13.610827415387122, 52.544235483870317 ], [ 13.398539830308506, 52.648194464153541 ], [ 13.492696123958199, 52.844102862798266 ], [ 13.453232395939496, 52.941384319687735 ], [ 13.517898064693163, 52.988666065785864 ], [ 13.800558281048744, 53.047708535157597 ], [ 13.895468263287427, 52.973502068772412 ], [ 14.143657760567709, 52.961368386374154 ], [ 14.156692153419463, 52.895590996540946 ] ] ] } },
{ "type": "Feature", "properties": { "NUTS_ID": "DE406", "name": "Dahme-Spreewald" }, "geometry": { "type": "Polygon", "coordinates": [ [ [ 14.445997421665306, 52.026356620112047 ], [ 14.358751117214554, 51.933237003530593 ], [ 14.088485593723936, 51.87830498344335 ], [ 13.866948746684463, 51.881394898958092 ], [ 13.798085052692546, 51.737132068333075 ], [ 13.507085682579888, 51.792032347746577 ], [ 13.487484864697803, 51.96835956726374 ], [ 13.610287023634093, 52.063473978527163 ], [ 13.420985176273055, 52.376246950662825 ], [ 13.699737772654062, 52.377882987071011 ], [ 13.822603389136075, 52.299830718511501 ], [ 13.907908986463742, 52.13560422244587 ], [ 14.445997421665306, 52.026356620112047 ] ] ] } },
{ "type": "Feature", "properties": { "NUTS_ID": "DE407", "name": "Elbe-Elster" }, "geometry": { "type": "Polygon", "coordinates": [ [ [ 13.798085052692546, 51.737132068333075 ], [ 13.875762327305813, 51.600377908428761 ], [ 13.677160436333512, 51.519458104373683 ], [ 13.691250283931069, 51.374013068121734 ], [ 13.398862772261934, 51.440597720556575 ], [ 13.210149963496301, 51.404735866967137 ], [ 13.184064393698153, 51.533930721060159 ], [ 13.051024799467415, 51.647676924865401 ], [ 13.151754281600429, 51.709762828377393 ], [ 13.150913351374435, 51.859610349066202 ], [ 13.507085682579888, 51.792032347746577 ], [ 13.798085052692546, 51.737132068333075 ] ] ] } },
{ "type": "Feature", "properties": { "NUTS_ID": "DE408", "name": "Havelland" }, "geometry": { "type": "Polygon", "coordinates": [ [ [ 13.153695734341081, 52.501821644267991 ], [ 12.893530805536754, 52.460763352795681 ], [ 12.471052456939397, 52.544328110733133 ], [ 12.428174841250083, 52.458143458105852 ], [ 12.361179923740382, 52.442772144507181 ], [ 12.3171802355034, 52.454095387815165 ], [ 12.283323844191589, 52.504729065101884 ], [ 12.171291236282055, 52.506182397657135 ], [ 12.249203417279562, 52.791861922159754 ], [ 12.456136006583435, 52.75840876052866 ], [ 12.615536527429397, 52.80122084991369 ], [ 12.828762394069898, 52.694756556801238 ], [ 13.010621300573915, 52.701060527739976 ], [ 13.164262890917438, 52.598900554771959 ], [ 13.153695734341081, 52.501821644267991 ] ] ] } },
{ "type": "Feature", "properties": { "NUTS_ID": "DE409", "name": "Märkisch-Oderland" }, "geometry": { "type": "Polygon", "coordinates": [ [ [ 14.436438136474441, 52.679900359746931 ], [ 14.565062982428881, 52.624496888479115 ], [ 14.630564102543461, 52.521818184750508 ], [ 14.5343618896098, 52.395008036768587 ], [ 14.423764339600785, 52.37396841109998 ], [ 14.213594829103618, 52.48230580962251 ], [ 13.666979985269482, 52.474167134554008 ], [ 13.610827415387122, 52.544235483870317 ], [ 13.81598238429085, 52.636825345289942 ], [ 13.762641837585486, 52.732412175952135 ], [ 14.156692153419463, 52.895590996540946 ], [ 14.164825372571222, 52.830544184625964 ], [ 14.436438136474441, 52.679900359746931 ] ] ] } },
{ "type": "Feature", "properties": { "NUTS_ID": "DE40A", "name": "Oberhavel" }, "geometry": { "type": "Polygon", "coordinates": [ [ [ 13.398539830308506, 52.648194464153541 ], [ 13.164262890917438, 52.598900554771959 ], [ 13.010621300573915, 52.701060527739976 ], [ 12.828762394069898, 52.694756556801238 ], [ 13.029040599371038, 52.91388951210358 ], [ 12.984683149670758, 53.164985543811866 ], [ 13.241403438630863, 53.232401022405028 ], [ 13.370329931959956, 53.062400209437627 ], [ 13.517898064693163, 52.988666065785864 ], [ 13.453232395939496, 52.941384319687735 ], [ 13.492696123958199, 52.844102862798266 ], [ 13.398539830308506, 52.648194464153541 ] ] ] } },
{ "type": "Feature", "properties": { "NUTS_ID": "DE40B", "name": "Oberspreewald-Lausitz" }, "geometry": { "type": "Polygon", "coordinates": [ [ [ 14.163324720625358, 51.541043032113741 ], [ 14.028511797400011, 51.422209743506187 ], [ 13.835312829888633, 51.376789898052763 ], [ 13.691250283931069, 51.374013068121734 ], [ 13.677160436333512, 51.519458104373683 ], [ 13.875762327305813, 51.600377908428761 ], [ 13.798085052692546, 51.737132068333075 ], [ 13.866948746684463, 51.881394898958092 ], [ 14.088485593723936, 51.87830498344335 ], [ 14.163324720625358, 51.541043032113741 ] ] ] } },
{ "type": "Feature", "properties": { "NUTS_ID": "DE40C", "name": "Oder-Spree" }, "geometry": { "type": "Polygon", "coordinates": [ [ [ 14.423764339600785, 52.37396841109998 ], [ 14.425644243647321, 52.269121355312414 ], [ 14.600891329490961, 52.272052004073402 ], [ 14.695539768322707, 52.228865593551433 ], [ 14.755105497678588, 52.070084554396161 ], [ 14.716716021503121, 52.001188018555361 ], [ 14.445997421665306, 52.026356620112047 ], [ 13.907908986463742, 52.13560422244587 ], [ 13.822603389136075, 52.299830718511501 ], [ 13.699737772654062, 52.377882987071011 ], [ 13.729883853059631, 52.438593235503923 ], [ 13.666979985269482, 52.474167134554008 ], [ 14.213594829103618, 52.48230580962251 ], [ 14.423764339600785, 52.37396841109998 ] ] ] } },
{ "type": "Feature", "properties": { "NUTS_ID": "DE40D", "name": "Ostprignitz-Ruppin" }, "geometry": { "type": "Polygon", "coordinates": [ [ [ 12.984683149670758, 53.164985543811866 ], [ 13.029040599371038, 52.91388951210358 ], [ 12.828762394069898, 52.694756556801238 ], [ 12.615536527429397, 52.80122084991369 ], [ 12.456136006583435, 52.75840876052866 ], [ 12.249203417279562, 52.791861922159754 ], [ 12.126811585676203, 52.890199553753192 ], [ 12.320766044802964, 52.977417667004559 ], [ 12.325101358421419, 53.321301578060449 ], [ 12.331751405690655, 53.31801087963818 ], [ 12.984683149670758, 53.164985543811866 ] ] ] } },
{ "type": "Feature", "properties": { "NUTS_ID": "DE40E", "name": "Potsdam-Mittelmark" }, "geometry": { "type": "Polygon", "coordinates": [ [ [ 13.31192590157527, 52.39918556504761 ], [ 12.994038648811003, 52.145440907489515 ], [ 12.956515740781843, 52.042051264934337 ], [ 12.769780495851469, 51.979274543152719 ], [ 12.376122676364824, 52.045119495807711 ], [ 12.276724574490668, 52.10401790663073 ], [ 12.237233679947325, 52.172570333733674 ], [ 12.3171802355034, 52.454095387815165 ], [ 12.361179923740382, 52.442772144507181 ], [ 12.456475489368074, 52.343173417376747 ], [ 12.563011070608283, 52.401232998351993 ], [ 12.428174841250083, 52.458143458105852 ], [ 12.471052456939397, 52.544328110733133 ], [ 12.893530805536754, 52.460763352795681 ], [ 13.019961194715593, 52.354963486393778 ], [ 13.165898057989793, 52.394275374320927 ], [ 13.31192590157527, 52.39918556504761 ] ] ] } },
{ "type": "Feature", "properties": { "NUTS_ID": "DE40F", "name": "Prignitz" }, "geometry": { "type": "Polygon", "coordinates": [ [ [ 12.325101358421419, 53.321301578060449 ], [ 12.320766044802964, 52.977417667004559 ], [ 12.126811585676203, 52.890199553753192 ], [ 11.914646119002118, 52.895431689868815 ], [ 11.597784478437307, 53.035926647455199 ], [ 11.265732116646721, 53.121977958916027 ], [ 11.508824272584576, 53.134813428753844 ], [ 11.602809397974962, 53.225891628193047 ], [ 11.785738804847826, 53.233237176294267 ], [ 12.098946049299927, 53.353022218511654 ], [ 12.325101358421419, 53.321301578060449 ] ] ] } },
{ "type": "Feature", "properties": { "NUTS_ID": "DE40G", "name": "Spree-Neiße" }, "geometry": { "type": "Polygon", "coordinates": [ [ [ 14.716716021503121, 52.001188018555361 ], [ 14.611507325153317, 51.830392654412698 ], [ 14.737448991542264, 51.664883157027553 ], [ 14.729861788905849, 51.581777111834718 ], [ 14.447770934697989, 51.542069027484601 ], [ 14.163324720625358, 51.541043032113741 ], [ 14.088485593723936, 51.87830498344335 ], [ 14.358751117214554, 51.933237003530593 ], [ 14.445997421665306, 52.026356620112047 ], [ 14.716716021503121, 52.001188018555361 ] ], [ [ 14.250154770721313, 51.799716955979754 ], [ 14.321471416391214, 51.689724065938691 ], [ 14.477966924586172, 51.732099921189679 ], [ 14.360464344642876, 51.871714684414584 ], [ 14.250154770721313, 51.799716955979754 ] ] ] } },
{ "type": "Feature", "properties": { "NUTS_ID": "DE40H", "name": "Teltow-Fläming" }, "geometry": { "type": "Polygon", "coordinates": [ [ [ 13.420985176273055, 52.376246950662825 ], [ 13.610287023634093, 52.063473978527163 ], [ 13.487484864697803, 51.96835956726374 ], [ 13.507085682579888, 51.792032347746577 ], [ 13.150913351374435, 51.859610349066202 ], [ 12.769780495851469, 51.979274543152719 ], [ 12.956515740781843, 52.042051264934337 ], [ 12.994038648811003, 52.145440907489515 ], [ 13.31192590157527, 52.39918556504761 ], [ 13.420985176273055, 52.376246950662825 ] ] ] } },
{ "type": "Feature", "properties": { "NUTS_ID": "DE40I", "name": "Uckermark" }, "geometry": { "type": "Polygon", "coordinates": [ [ [ 14.143657760567709, 52.961368386374154 ], [ 13.895468263287427, 52.973502068772412 ], [ 13.800558281048744, 53.047708535157597 ], [ 13.517898064693163, 52.988666065785864 ], [ 13.370329931959956, 53.062400209437627 ], [ 13.241403438630863, 53.232401022405028 ], [ 13.413668872318286, 53.27001846749539 ], [ 13.710065696620831, 53.479062642063724 ], [ 14.204571784523964, 53.428217498843679 ], [ 14.1755529697136, 53.266282872019879 ], [ 14.412156848565401, 53.329636080550713 ], [ 14.349160455272711, 53.072938719465398 ], [ 14.143657760567709, 52.961368386374154 ] ] ] } },
{ "type": "Feature", "properties": { "NUTS_ID": "DE501", "name": "Bremen, Kreisfreie Stadt" }, "geometry": { "type": "MultiPolygon", "coordinates": [ [ [ [ 8.98418559770441, 53.126071050584045 ], [ 8.915827207292942, 53.011021388330697 ], [ 8.711423787058042, 53.044629957151706 ], [ 8.654898635347164, 53.108864371190762 ], [ 8.485330674682897, 53.227120038984204 ], [ 8.98418559770441, 53.126071050584045 ] ] ], [ [ [ 8.574583719593919, 53.578809741035293 ], [ 8.564361754377266, 53.549791985751085 ], [ 8.523293773005715, 53.591565103006296 ], [ 8.538505390767812, 53.595975553379049 ], [ 8.548665023429137, 53.58456253148119 ], [ 8.567450814486495, 53.582615368938811 ], [ 8.574583719593919, 53.578809741035293 ] ] ] ] } },
{ "type": "Feature", "properties": { "NUTS_ID": "DE502", "name": "Bremerhaven, Kreisfreie Stadt" }, "geometry": { "type": "Polygon", "coordinates": [ [ [ 8.520410541506163, 53.60620504496513 ], [ 8.608423353941703, 53.586231280392845 ], [ 8.645854189517467, 53.519257966508327 ], [ 8.609431966597533, 53.489626377351151 ], [ 8.492651969343534, 53.472420031584228 ], [ 8.552684189357757, 53.516175465711939 ], [ 8.564361754377266, 53.549791985751085 ], [ 8.574583719593919, 53.578809741035293 ], [ 8.567450814486495, 53.582615368938811 ], [ 8.548665023429137, 53.58456253148119 ], [ 8.538505390767812, 53.595975553379049 ], [ 8.523293773005715, 53.591565103006296 ], [ 8.520410541506163, 53.60620504496513 ] ] ] } },
{ "type": "Feature", "properties": { "NUTS_ID": "DE600", "name": "Hamburg" }, "geometry": { "type": "MultiPolygon", "coordinates": [ [ [ [ 10.307954020289039, 53.433201005592061 ], [ 9.92151235974649, 53.423494631260411 ], [ 9.76886119325402, 53.505279009500221 ], [ 9.76538081348232, 53.546518489030092 ], [ 9.734364862366693, 53.565215524406128 ], [ 9.945375868994955, 53.652928139604789 ], [ 10.072805056689944, 53.709633978320156 ], [ 10.193154249485179, 53.64439012567383 ], [ 10.164742717015123, 53.548027465827047 ], [ 10.23667840033241, 53.49635435021996 ], [ 10.307954020289039, 53.433201005592061 ] ] ], [ [ [ 8.510300638467625, 54.013814230853079 ], [ 8.456317203494212, 53.914174469659294 ], [ 8.357419459381179, 53.928272277730983 ], [ 8.445662748128145, 54.013781263687697 ], [ 8.510300638467625, 54.013814230853079 ] ] ] ] } },
{ "type": "Feature", "properties": { "NUTS_ID": "DE711", "name": "Darmstadt, Kreisfreie Stadt" }, "geometry": { "type": "Polygon", "coordinates": [ [ [ 8.674500168252321, 49.951452459889175 ], [ 8.725707279062053, 49.954208026736076 ], [ 8.739536498465791, 49.895871914647742 ], [ 8.64362621953876, 49.801518220177634 ], [ 8.597430574962306, 49.865887550814172 ], [ 8.633092203344967, 49.93740965207185 ], [ 8.674500168252321, 49.951452459889175 ] ] ] } },
{ "type": "Feature", "properties": { "NUTS_ID": "DE712", "name": "Frankfurt am Main, Kreisfreie Stadt" }, "geometry": { "type": "Polygon", "coordinates": [ [ [ 8.789864875584092, 50.17604847474275 ], [ 8.780646707490344, 50.136734368814992 ], [ 8.717834103359099, 50.062405979093107 ], [ 8.591320888923024, 50.017692095175008 ], [ 8.520360669295741, 50.061476636543631 ], [ 8.590239100955303, 50.1595445262911 ], [ 8.711375840570689, 50.22625751861699 ], [ 8.789864875584092, 50.17604847474275 ] ] ] } },
{ "type": "Feature", "properties": { "NUTS_ID": "DE713", "name": "Offenbach am Main, Kreisfreie Stadt" }, "geometry": { "type": "Polygon", "coordinates": [ [ [ 8.81796488350378, 50.133509370660434 ], [ 8.796890071094541, 50.070873663939977 ], [ 8.717834103359099, 50.062405979093107 ], [ 8.780646707490344, 50.136734368814992 ], [ 8.81796488350378, 50.133509370660434 ] ] ] } },
{ "type": "Feature", "properties": { "NUTS_ID": "DE714", "name": "Wiesbaden, Kreisfreie Stadt" }, "geometry": { "type": "Polygon", "coordinates": [ [ [ 8.175135316767664, 50.034255556780423 ], [ 8.148227288941431, 50.110761223066554 ], [ 8.327266819349367, 50.14573145799779 ], [ 8.330640040605431, 50.000538969117308 ], [ 8.288245053685083, 49.99513411889081 ], [ 8.190038614944214, 50.03529591701129 ], [ 8.175135316767664, 50.034255556780423 ] ] ] } },
{ "type": "Feature", "properties": { "NUTS_ID": "DE715", "name": "Bergstraße" }, "geometry": { "type": "Polygon", "coordinates": [ [ [ 8.41477424844919, 49.595052064716768 ], [ 8.379512453956664, 49.684444256561136 ], [ 8.446377329964141, 49.730799495219841 ], [ 8.448365101770923, 49.73366160338086 ], [ 8.559269808439186, 49.728792107473119 ], [ 8.797329011114364, 49.738294014584199 ], [ 8.931880216597014, 49.470637093590582 ], [ 8.829396804654742, 49.448598437612553 ], [ 8.660167573865282, 49.591729493188097 ], [ 8.581375035244362, 49.519780569995575 ], [ 8.422439658102929, 49.58338538136254 ], [ 8.41477424844919, 49.595052064716768 ] ] ] } },
{ "type": "Feature", "properties": { "NUTS_ID": "DE716", "name": "Darmstadt-Dieburg" }, "geometry": { "type": "Polygon", "coordinates": [ [ [ 8.559269808439186, 49.728792107473119 ], [ 8.537217723884137, 49.871069446193829 ], [ 8.620113620300375, 49.965484121527368 ], [ 8.674500168252321, 49.951452459889175 ], [ 8.633092203344967, 49.93740965207185 ], [ 8.597430574962306, 49.865887550814172 ], [ 8.64362621953876, 49.801518220177634 ], [ 8.739536498465791, 49.895871914647742 ], [ 8.725707279062053, 49.954208026736076 ], [ 9.016088341569994, 49.991340567762677 ], [ 9.050080247452131, 49.866315128501462 ], [ 9.036080437214002, 49.846503937936212 ], [ 8.797329011114364, 49.738294014584199 ], [ 8.559269808439186, 49.728792107473119 ] ] ] } },
{ "type": "Feature", "properties": { "NUTS_ID": "DE717", "name": "Groß-Gerau" }, "geometry": { "type": "Polygon", "coordinates": [ [ [ 8.400055243702491, 49.803675119927945 ], [ 8.343030652908496, 49.940506081293741 ], [ 8.288245053685083, 49.99513411889081 ], [ 8.330640040605431, 50.000538969117308 ], [ 8.520360669295741, 50.061476636543631 ], [ 8.591320888923024, 50.017692095175008 ], [ 8.620113620300375, 49.965484121527368 ], [ 8.537217723884137, 49.871069446193829 ], [ 8.559269808439186, 49.728792107473119 ], [ 8.448365101770923, 49.73366160338086 ], [ 8.400055243702491, 49.803675119927945 ] ] ] } },
{ "type": "Feature", "properties": { "NUTS_ID": "DE718", "name": "Hochtaunuskreis" }, "geometry": { "type": "Polygon", "coordinates": [ [ [ 8.514139387403223, 50.399351366191325 ], [ 8.711375840570689, 50.22625751861699 ], [ 8.590239100955303, 50.1595445262911 ], [ 8.354010846675527, 50.201516050285392 ], [ 8.354557234844982, 50.294229859033663 ], [ 8.344604182323145, 50.348820680237893 ], [ 8.467214976487803, 50.415048348652768 ], [ 8.514139387403223, 50.399351366191325 ] ] ] } },
{ "type": "Feature", "properties": { "NUTS_ID": "DE719", "name": "Main-Kinzig-Kreis" }, "geometry": { "type": "Polygon", "coordinates": [ [ [ 9.479112920595432, 50.44068537183017 ], [ 9.732914479431534, 50.356149403219781 ], [ 9.62315099356435, 50.229040142603132 ], [ 9.539038081179031, 50.221966117616986 ], [ 9.500834948469963, 50.11373983206569 ], [ 9.404984498471856, 50.087734453299717 ], [ 9.254054796050626, 50.141910516887719 ], [ 8.990559953313126, 50.067119140344452 ], [ 8.81796488350378, 50.133509370660434 ], [ 8.780646707490344, 50.136734368814992 ], [ 8.789864875584092, 50.17604847474275 ], [ 8.869439658631061, 50.268233607598361 ], [ 9.162880429064193, 50.262515391877031 ], [ 9.286735022514129, 50.437297997087576 ], [ 9.479112920595432, 50.44068537183017 ] ] ] } },
{ "type": "Feature", "properties": { "NUTS_ID": "DE71A", "name": "Main-Taunus-Kreis" }, "geometry": { "type": "Polygon", "coordinates": [ [ [ 8.590239100955303, 50.1595445262911 ], [ 8.520360669295741, 50.061476636543631 ], [ 8.330640040605431, 50.000538969117308 ], [ 8.327266819349367, 50.14573145799779 ], [ 8.354010846675527, 50.201516050285392 ], [ 8.590239100955303, 50.1595445262911 ] ] ] } },
{ "type": "Feature", "properties": { "NUTS_ID": "DE71B", "name": "Odenwaldkreis" }, "geometry": { "type": "Polygon", "coordinates": [ [ [ 8.797329011114364, 49.738294014584199 ], [ 9.036080437214002, 49.846503937936212 ], [ 9.127169741581309, 49.742134535521494 ], [ 9.10300593211735, 49.577456107681883 ], [ 9.082780236457308, 49.52639086814181 ], [ 8.931880216597014, 49.470637093590582 ], [ 8.797329011114364, 49.738294014584199 ] ] ] } },
{ "type": "Feature", "properties": { "NUTS_ID": "DE71C", "name": "Offenbach, Landkreis" }, "geometry": { "type": "Polygon", "coordinates": [ [ [ 8.591320888923024, 50.017692095175008 ], [ 8.717834103359099, 50.062405979093107 ], [ 8.796890071094541, 50.070873663939977 ], [ 8.81796488350378, 50.133509370660434 ], [ 8.990559953313126, 50.067119140344452 ], [ 9.016088341569994, 49.991340567762677 ], [ 8.725707279062053, 49.954208026736076 ], [ 8.674500168252321, 49.951452459889175 ], [ 8.620113620300375, 49.965484121527368 ], [ 8.591320888923024, 50.017692095175008 ] ] ] } },
{ "type": "Feature", "properties": { "NUTS_ID": "DE71D", "name": "Rheingau-Taunus-Kreis" }, "geometry": { "type": "Polygon", "coordinates": [ [ [ 8.354010846675527, 50.201516050285392 ], [ 8.327266819349367, 50.14573145799779 ], [ 8.148227288941431, 50.110761223066554 ], [ 8.175135316767664, 50.034255556780423 ], [ 7.919991325642174, 49.977382914790695 ], [ 7.773996882006886, 50.066539837792867 ], [ 8.121913464116785, 50.277225120062013 ], [ 8.354557234844982, 50.294229859033663 ], [ 8.354010846675527, 50.201516050285392 ] ] ] } },
{ "type": "Feature", "properties": { "NUTS_ID": "DE71E", "name": "Wetteraukreis" }, "geometry": { "type": "Polygon", "coordinates": [ [ [ 8.571434089030951, 50.417056084406468 ], [ 8.66798629458788, 50.477887617988976 ], [ 8.910155255089329, 50.437178200586601 ], [ 9.04229308757712, 50.498249082712697 ], [ 9.286735022514129, 50.437297997087576 ], [ 9.162880429064193, 50.262515391877031 ], [ 8.869439658631061, 50.268233607598361 ], [ 8.789864875584092, 50.17604847474275 ], [ 8.711375840570689, 50.22625751861699 ], [ 8.514139387403223, 50.399351366191325 ], [ 8.571434089030951, 50.417056084406468 ] ] ] } },
{ "type": "Feature", "properties": { "NUTS_ID": "DE721", "name": "Gießen, Landkreis" }, "geometry": { "type": "Polygon", "coordinates": [ [ [ 8.918371854391445, 50.705606022771427 ], [ 9.083449945448431, 50.565136193643291 ], [ 9.04229308757712, 50.498249082712697 ], [ 8.910155255089329, 50.437178200586601 ], [ 8.66798629458788, 50.477887617988976 ], [ 8.571434089030951, 50.417056084406468 ], [ 8.573193204459407, 50.699259071766377 ], [ 8.918371854391445, 50.705606022771427 ] ] ] } },
{ "type": "Feature", "properties": { "NUTS_ID": "DE722", "name": "Lahn-Dill-Kreis" }, "geometry": { "type": "Polygon", "coordinates": [ [ [ 8.355496183441447, 50.862000849061765 ], [ 8.573193204459407, 50.699259071766377 ], [ 8.571434089030951, 50.417056084406468 ], [ 8.514139387403223, 50.399351366191325 ], [ 8.467214976487803, 50.415048348652768 ], [ 8.151592202012255, 50.599371064628222 ], [ 8.125776635498893, 50.685813921945417 ], [ 8.173119520836199, 50.816438579497238 ], [ 8.355496183441447, 50.862000849061765 ] ] ] } },
{ "type": "Feature", "properties": { "NUTS_ID": "DE723", "name": "Limburg-Weilburg" }, "geometry": { "type": "Polygon", "coordinates": [ [ [ 8.467214976487803, 50.415048348652768 ], [ 8.344604182323145, 50.348820680237893 ], [ 8.354557234844982, 50.294229859033663 ], [ 8.121913464116785, 50.277225120062013 ], [ 7.971559469715294, 50.406220430723351 ], [ 8.012892796587247, 50.527817093324472 ], [ 8.151592202012255, 50.599371064628222 ], [ 8.467214976487803, 50.415048348652768 ] ] ] } },
{ "type": "Feature", "properties": { "NUTS_ID": "DE724", "name": "Marburg-Biedenkopf" }, "geometry": { "type": "Polygon", "coordinates": [ [ [ 8.974599839650104, 50.938304091178317 ], [ 9.148868532661814, 50.836645043353542 ], [ 8.918371854391445, 50.705606022771427 ], [ 8.573193204459407, 50.699259071766377 ], [ 8.355496183441447, 50.862000849061765 ], [ 8.477892011593559, 50.969047345245251 ], [ 8.974599839650104, 50.938304091178317 ] ] ] } },
{ "type": "Feature", "properties": { "NUTS_ID": "DE725", "name": "Vogelsbergkreis" }, "geometry": { "type": "Polygon", "coordinates": [ [ [ 9.441055073319017, 50.795644453141215 ], [ 9.611464591132046, 50.735476551490819 ], [ 9.600575290308843, 50.631895785015438 ], [ 9.471703155652087, 50.560048116656915 ], [ 9.479112920595432, 50.44068537183017 ], [ 9.286735022514129, 50.437297997087576 ], [ 9.04229308757712, 50.498249082712697 ], [ 9.083449945448431, 50.565136193643291 ], [ 8.918371854391445, 50.705606022771427 ], [ 9.148868532661814, 50.836645043353542 ], [ 9.441055073319017, 50.795644453141215 ] ] ] } },
{ "type": "Feature", "properties": { "NUTS_ID": "DE731", "name": "Kassel, Kreisfreie Stadt" }, "geometry": { "type": "Polygon", "coordinates": [ [ [ 9.386362722645719, 51.306260129614969 ], [ 9.494116207504387, 51.353870624480194 ], [ 9.567861592296623, 51.2981041661928 ], [ 9.491474657768054, 51.260569760524007 ], [ 9.386362722645719, 51.306260129614969 ] ] ] } },
{ "type": "Feature", "properties": { "NUTS_ID": "DE732", "name": "Fulda" }, "geometry": { "type": "Polygon", "coordinates": [ [ [ 10.05632452730803, 50.668076477674298 ], [ 10.041338322650201, 50.516469643388334 ], [ 9.935654763816132, 50.419606484001669 ], [ 9.779706997647798, 50.411333597356496 ], [ 9.732914479431534, 50.356149403219781 ], [ 9.479112920595432, 50.44068537183017 ], [ 9.471703155652087, 50.560048116656915 ], [ 9.600575290308843, 50.631895785015438 ], [ 9.611464591132046, 50.735476551490819 ], [ 9.779327764159357, 50.791372033421283 ], [ 9.926176385857406, 50.767389842730942 ], [ 9.901707055272027, 50.654547681879123 ], [ 10.05632452730803, 50.668076477674298 ] ] ] } },
{ "type": "Feature", "properties": { "NUTS_ID": "DE733", "name": "Hersfeld-Rotenburg" }, "geometry": { "type": "Polygon", "coordinates": [ [ [ 10.021558490126456, 50.992949559736829 ], [ 10.036715255645056, 50.867081304120553 ], [ 9.926176385857406, 50.767389842730942 ], [ 9.779327764159357, 50.791372033421283 ], [ 9.611464591132046, 50.735476551490819 ], [ 9.441055073319017, 50.795644453141215 ], [ 9.613390452382081, 51.02624210105671 ], [ 9.777532974424094, 51.08315852548953 ], [ 10.021558490126456, 50.992949559736829 ] ] ] } },
{ "type": "Feature", "properties": { "NUTS_ID": "DE734", "name": "Kassel, Landkreis" }, "geometry": { "type": "Polygon", "coordinates": [ [ [ 9.647755419442788, 51.552510934529359 ], [ 9.587293155428776, 51.369776455916011 ], [ 9.731606173312505, 51.295590929308446 ], [ 9.635957640450723, 51.183098078790792 ], [ 9.310640163419057, 51.240592981598674 ], [ 9.189525467426037, 51.170418101918585 ], [ 9.115396606372427, 51.282730209515066 ], [ 9.155410701582074, 51.442675088921931 ], [ 9.440457243412732, 51.650394051447115 ], [ 9.608874173980865, 51.62479168122875 ], [ 9.647755419442788, 51.552510934529359 ] ], [ [ 9.386362722645719, 51.306260129614969 ], [ 9.491474657768054, 51.260569760524007 ], [ 9.567861592296623, 51.2981041661928 ], [ 9.494116207504387, 51.353870624480194 ], [ 9.386362722645719, 51.306260129614969 ] ] ] } },
{ "type": "Feature", "properties": { "NUTS_ID": "DE735", "name": "Schwalm-Eder-Kreis" }, "geometry": { "type": "Polygon", "coordinates": [ [ [ 9.635957640450723, 51.183098078790792 ], [ 9.777532974424094, 51.08315852548953 ], [ 9.613390452382081, 51.02624210105671 ], [ 9.441055073319017, 50.795644453141215 ], [ 9.148868532661814, 50.836645043353542 ], [ 8.974599839650104, 50.938304091178317 ], [ 9.183188995160464, 51.095899431183163 ], [ 9.189525467426037, 51.170418101918585 ], [ 9.310640163419057, 51.240592981598674 ], [ 9.635957640450723, 51.183098078790792 ] ] ] } },
{ "type": "Feature", "properties": { "NUTS_ID": "DE736", "name": "Waldeck-Frankenberg" }, "geometry": { "type": "Polygon", "coordinates": [ [ [ 9.155410701582074, 51.442675088921931 ], [ 9.115396606372427, 51.282730209515066 ], [ 9.189525467426037, 51.170418101918585 ], [ 9.183188995160464, 51.095899431183163 ], [ 8.974599839650104, 50.938304091178317 ], [ 8.477892011593559, 50.969047345245251 ], [ 8.549085222316721, 51.101868018296223 ], [ 8.663463059806007, 51.108658622407482 ], [ 8.739979570371267, 51.18349364083403 ], [ 8.713734559993465, 51.256133275229516 ], [ 8.5925093885447, 51.299034043284941 ], [ 8.709272426637682, 51.371839990235152 ], [ 8.915504493706026, 51.395792551893393 ], [ 8.917593288042349, 51.481442836939607 ], [ 8.970815081260376, 51.506655553961785 ], [ 9.155410701582074, 51.442675088921931 ] ] ] } },
{ "type": "Feature", "properties": { "NUTS_ID": "DE737", "name": "Werra-Meißner-Kreis" }, "geometry": { "type": "Polygon", "coordinates": [ [ [ 9.928338962902815, 51.375299091038457 ], [ 9.968192635808263, 51.305189927923188 ], [ 10.206942225573236, 51.19064892481903 ], [ 10.210012784792154, 51.144082949816024 ], [ 10.179671200690546, 51.013111035765547 ], [ 10.021558490126456, 50.992949559736829 ], [ 9.777532974424094, 51.08315852548953 ], [ 9.635957640450723, 51.183098078790792 ], [ 9.731606173312505, 51.295590929308446 ], [ 9.798823686226617, 51.384459042358351 ], [ 9.928338962902815, 51.375299091038457 ] ] ] } },
{ "type": "Feature", "properties": { "NUTS_ID": "DE803", "name": "Rostock, Kreisfreie Stadt" }, "geometry": { "type": "Polygon", "coordinates": [ [ [ 12.207709100121731, 54.244026625218616 ], [ 12.256237657511697, 54.238696455639875 ], [ 12.283412677444559, 54.199403611423499 ], [ 12.207709099240518, 54.180633602545221 ], [ 12.176158521670914, 54.077983241696138 ], [ 12.115940624480269, 54.058848675971092 ], [ 11.998484409524306, 54.174969968399004 ], [ 12.11402611718775, 54.175226467111294 ], [ 12.207709100121731, 54.244026625218616 ] ] ] } },
{ "type": "Feature", "properties": { "NUTS_ID": "DE804", "name": "Schwerin, Kreisfreie Stadt" }, "geometry": { "type": "Polygon", "coordinates": [ [ [ 11.449474691465404, 53.680675468829151 ], [ 11.496420989536231, 53.622714061103814 ], [ 11.437195707301775, 53.549851616397568 ], [ 11.386767724324732, 53.557758152579247 ], [ 11.301565957675292, 53.652426406632841 ], [ 11.449474691465404, 53.680675468829151 ] ] ] } },
{ "type": "Feature", "properties": { "NUTS_ID": "DE80J", "name": "Mecklenburgische Seenplatte" }, "geometry": { "type": "Polygon", "coordinates": [ [ [ 13.710065696620831, 53.479062642063724 ], [ 13.413668872318286, 53.27001846749539 ], [ 13.241403438630863, 53.232401022405028 ], [ 12.984683149670758, 53.164985543811866 ], [ 12.331751405690655, 53.31801087963818 ], [ 12.305616194601079, 53.567699622780431 ], [ 12.448720280238769, 53.658250484845489 ], [ 12.610994259094747, 53.656479286510638 ], [ 12.628408371270876, 53.745597306369348 ], [ 12.741902213534042, 53.831766339054475 ], [ 12.808646936921281, 54.004937407715715 ], [ 12.986923639111899, 54.00379439042937 ], [ 13.170859228517251, 53.923709436541046 ], [ 13.215333189240051, 53.836542767702952 ], [ 13.366353409704413, 53.833033264939566 ], [ 13.487095809138811, 53.745597307076636 ], [ 13.717128859828259, 53.678641316490918 ], [ 13.710065696620831, 53.479062642063724 ] ] ] } },
{ "type": "Feature", "properties": { "NUTS_ID": "DE80K", "name": "Landkreis Rostock" }, "geometry": { "type": "Polygon", "coordinates": [ [ [ 12.285530692751063, 54.274952044180317 ], [ 12.409413023585131, 54.117052487166347 ], [ 12.808646936921281, 54.004937407715715 ], [ 12.741902213534042, 53.831766339054475 ], [ 12.628408371270876, 53.745597306369348 ], [ 12.610994259094747, 53.656479286510638 ], [ 12.448720280238769, 53.658250484845489 ], [ 12.305616194601079, 53.567699622780431 ], [ 11.867941793874992, 53.745597306474295 ], [ 11.797349821471778, 53.770782612931491 ], [ 11.786246092511192, 53.949489078727304 ], [ 11.561778331697131, 54.028088626490501 ], [ 11.66891737737005, 54.141307455719833 ], [ 11.998484409524306, 54.174969968399004 ], [ 12.115940624480269, 54.058848675971092 ], [ 12.176158521670914, 54.077983241696138 ], [ 12.207709099240518, 54.180633602545221 ], [ 12.283412677444559, 54.199403611423499 ], [ 12.256237657511697, 54.238696455639875 ], [ 12.207709100121731, 54.244026625218616 ], [ 12.285530692751063, 54.274952044180317 ] ] ] } },
{ "type": "Feature", "properties": { "NUTS_ID": "DE80L", "name": "Vorpommern-Rügen" }, "geometry": { "type": "Polygon", "coordinates": [ [ [ 13.319396029478922, 54.193505923139298 ], [ 13.216105677492113, 54.050334889638904 ], [ 12.986923639111899, 54.00379439042937 ], [ 12.808646936921281, 54.004937407715715 ], [ 12.409413023585131, 54.117052487166347 ], [ 12.285530692751063, 54.274952044180317 ], [ 12.57214032273064, 54.43643825860601 ], [ 12.797828100873758, 54.37802449740871 ], [ 12.993830697325414, 54.398175652676905 ], [ 13.132205211758802, 54.299154735199281 ], [ 13.298339489626903, 54.599617165392274 ], [ 13.460018500368871, 54.515652335761828 ], [ 13.510036191734146, 54.5695938119921 ], [ 13.638711762691097, 54.567454205048492 ], [ 13.556807945741499, 54.449116892105458 ], [ 13.597303518498812, 54.351246082823863 ], [ 13.319396029478922, 54.193505923139298 ] ] ] } },
{ "type": "Feature", "properties": { "NUTS_ID": "DE80M", "name": "Nordwestmecklenburg" }, "geometry": { "type": "Polygon", "coordinates": [ [ [ 11.561778331697131, 54.028088626490501 ], [ 11.786246092511192, 53.949489078727304 ], [ 11.797349821471778, 53.770782612931491 ], [ 11.698190025597452, 53.792786968733481 ], [ 11.497723911138143, 53.745597306341828 ], [ 11.449474691465404, 53.680675468829151 ], [ 11.301565957675292, 53.652426406632841 ], [ 11.175208316123289, 53.576946485396462 ], [ 10.951918315267266, 53.64762249369754 ], [ 10.76296457850734, 53.81115294468345 ], [ 10.903661396334659, 53.956821954673117 ], [ 11.138352294104525, 54.002399511953456 ], [ 11.36620853495787, 53.964807995010418 ], [ 11.452733107747694, 53.898137029144323 ], [ 11.561778331697131, 54.028088626490501 ] ] ] } },
{ "type": "Feature", "properties": { "NUTS_ID": "DE80N", "name": "Vorpommern-Greifswald" }, "geometry": { "type": "Polygon", "coordinates": [ [ [ 14.226302139564433, 53.928652851752311 ], [ 14.213077566133476, 53.866479428798783 ], [ 14.05410405167836, 53.831487723530749 ], [ 14.03043474543694, 53.798617704264949 ], [ 14.094329155777192, 53.755042025796747 ], [ 14.266031279687869, 53.745597306385882 ], [ 14.268869316645684, 53.697923228028905 ], [ 14.412156848565401, 53.329636080550713 ], [ 14.1755529697136, 53.266282872019879 ], [ 14.204571784523964, 53.428217498843679 ], [ 13.710065696620831, 53.479062642063724 ], [ 13.717128859828259, 53.678641316490918 ], [ 13.487095809138811, 53.745597307076636 ], [ 13.366353409704413, 53.833033264939566 ], [ 13.215333189240051, 53.836542767702952 ], [ 13.170859228517251, 53.923709436541046 ], [ 12.986923639111899, 54.00379439042937 ], [ 13.216105677492113, 54.050334889638904 ], [ 13.319396029478922, 54.193505923139298 ], [ 13.474790973729466, 54.11216250987826 ], [ 13.736964447498206, 54.137530178389319 ], [ 13.82125408795959, 54.150270839180351 ], [ 13.975293182064304, 53.984343091423938 ], [ 14.096144704486573, 53.997802880661034 ], [ 14.226302139564433, 53.928652851752311 ] ] ] } },
{ "type": "Feature", "properties": { "NUTS_ID": "DE80O", "name": "Ludwigslust-Parchim" }, "geometry": { "type": "Polygon", "coordinates": [ [ [ 12.305616194601079, 53.567699622780431 ], [ 12.331751405690655, 53.31801087963818 ], [ 12.325101358421419, 53.321301578060449 ], [ 12.098946049299927, 53.353022218511654 ], [ 11.785738804847826, 53.233237176294267 ], [ 11.602809397974962, 53.225891628193047 ], [ 11.508824272584576, 53.134813428753844 ], [ 11.265732116646721, 53.121977958916027 ], [ 11.171861319764782, 53.156644065402631 ], [ 10.970632808517371, 53.331123119230028 ], [ 10.810076885438194, 53.313691445059419 ], [ 10.595046769555481, 53.363927617466999 ], [ 10.642202668711599, 53.442165477866439 ], [ 10.810076885383303, 53.515570477677798 ], [ 10.838545584663029, 53.557127972457344 ], [ 10.907649858748972, 53.577464306075093 ], [ 10.951918315267266, 53.64762249369754 ], [ 11.175208316123289, 53.576946485396462 ], [ 11.301565957675292, 53.652426406632841 ], [ 11.386767724324732, 53.557758152579247 ], [ 11.437195707301775, 53.549851616397568 ], [ 11.496420989536231, 53.622714061103814 ], [ 11.449474691465404, 53.680675468829151 ], [ 11.497723911138143, 53.745597306341828 ], [ 11.698190025597452, 53.792786968733481 ], [ 11.797349821471778, 53.770782612931491 ], [ 11.867941793874992, 53.745597306474295 ], [ 12.305616194601079, 53.567699622780431 ] ] ] } },
{ "type": "Feature", "properties": { "NUTS_ID": "DE911", "name": "Braunschweig, Kreisfreie Stadt" }, "geometry": { "type": "Polygon", "coordinates": [ [ [ 10.609443634080284, 52.344196037427558 ], [ 10.642989537316319, 52.295424084032682 ], [ 10.506503001426442, 52.186992432501718 ], [ 10.430204010699411, 52.221531540133007 ], [ 10.424066888808117, 52.330227437474605 ], [ 10.609443634080284, 52.344196037427558 ] ] ] } },
{ "type": "Feature", "properties": { "NUTS_ID": "DE912", "name": "Salzgitter, Kreisfreie Stadt" }, "geometry": { "type": "Polygon", "coordinates": [ [ [ 10.430204010699411, 52.221531540133007 ], [ 10.506503001426442, 52.186992432501718 ], [ 10.449894002376578, 52.12317009637141 ], [ 10.46920530237597, 52.045730464758066 ], [ 10.286168935392066, 52.033828425433413 ], [ 10.316501483334884, 52.064981862560003 ], [ 10.234004896143286, 52.170196025999587 ], [ 10.257476091316828, 52.183022984826344 ], [ 10.430204010699411, 52.221531540133007 ] ] ] } },
{ "type": "Feature", "properties": { "NUTS_ID": "DE913", "name": "Wolfsburg, Kreisfreie Stadt" }, "geometry": { "type": "Polygon", "coordinates": [ [ [ 10.89057106808192, 52.460119424361821 ], [ 10.87062464735461, 52.361564921656267 ], [ 10.810076884665255, 52.346296280173121 ], [ 10.670487720700631, 52.379333905023813 ], [ 10.674503907855154, 52.43805733802791 ], [ 10.810076884875286, 52.486745121093087 ], [ 10.89057106808192, 52.460119424361821 ] ] ] } }
]
}
