{
"type": "FeatureCollection",
"name": "TR",
"crs": { "type": "name", "properties": { "name": "urn:ogc:def:crs:OGC:1.3:CRS84" } },
"features": [
{ "type": "Feature", "properties": { "NUTS_ID": "TR100", "name": "İstanbul" }, "geometry": { "type": "MultiPolygon", "coordinates": [ [ [ [ 29.918184399845202, 41.141545495202564 ], [ 29.708696127819799, 41.002030886011617 ], [ 29.52473685188113, 41.008936146825043 ], [ 29.340029700476762, 40.810687194382162 ], [ 29.316334809043074, 40.822422938544136 ], [ 29.134271279920362, 40.912596427143789 ], [ 29.118270379003654, 40.856445348403362 ], [ 29.05178525439473, 40.868489693089629 ], [ 29.016271103215402, 40.915201433502148 ], [ 29.044203166403598, 40.957099526431357 ], [ 29.100500029966856, 41.078582232434414 ], [ 29.165197837550174, 41.218193292361498 ], [ 29.171584893386822, 41.231975885205721 ], [ 29.180177052941438, 41.250516862676065 ], [ 29.388731791324936, 41.214585663863645 ], [ 29.889809249322919, 41.14545996386822 ], [ 29.918184399845202, 41.141545495202564 ] ] ], [ [ [ 28.863345754826646, 41.074728502887801 ], [ 28.823593662408108, 40.98197362136019 ], [ 28.725189211179057, 40.977143334874214 ], [ 28.653872396341626, 40.973642673445326 ], [ 28.245730546318896, 41.061328428443659 ], [ 28.237118747293902, 41.060324645712328 ], [ 28.095944640827902, 41.043869526765903 ], [ 28.013433399950973, 41.034252094930075 ], [ 27.983752916016744, 41.122694733344282 ], [ 28.078416193947799, 41.320981562549591 ], [ 28.09256329560468, 41.504150222544958 ], [ 28.154180948032611, 41.578334893439589 ], [ 28.155456000559621, 41.579869994154727 ], [ 28.166643028408451, 41.571860432610151 ], [ 28.25218255013284, 41.5106168141848 ], [ 28.704686808672292, 41.334397013339995 ], [ 28.771180198398593, 41.320981562896954 ], [ 28.821487775947492, 41.312314238724859 ], [ 28.955288732366618, 41.289262118898691 ], [ 28.944436138928445, 41.263939398121977 ], [ 28.863345754826646, 41.074728502887801 ] ] ] ] } },
{ "type": "Feature", "properties": { "NUTS_ID": "TR211", "name": "Tekirdağ" }, "geometry": { "type": "Polygon", "coordinates": [ [ [ 26.941098836394861, 41.320981562846988 ], [ 27.197214116990363, 41.336838276119636 ], [ 27.461765820636362, 41.239708898056641 ], [ 27.700037293975075, 41.458789534482825 ], [ 28.007252825852312, 41.590506935010254 ], [ 28.143905500561058, 41.5906348956307 ], [ 28.147609596814029, 41.587182730002638 ], [ 28.155456000559621, 41.579869994154727 ], [ 28.154180948032611, 41.578334893439589 ], [ 28.09256329560468, 41.504150222544958 ], [ 28.078416193947799, 41.320981562549591 ], [ 27.983752916016744, 41.122694733344282 ], [ 28.013433399950973, 41.034252094930075 ], [ 27.995609914672603, 41.019442415974694 ], [ 27.938109643166101, 40.971664975451631 ], [ 27.926234221554985, 40.973290236943619 ], [ 27.90100523043294, 40.976743058803244 ], [ 27.73947953115422, 40.998849347384251 ], [ 27.696357009984464, 41.004751064580077 ], [ 27.648544541564924, 40.986733384663509 ], [ 27.499068324649578, 40.930404675624636 ], [ 27.478697020588704, 40.922727939992285 ], [ 27.320419298872622, 40.733548786643354 ], [ 27.294049187668456, 40.702030293534726 ], [ 27.289274095050658, 40.699229445864617 ], [ 27.255978289353116, 40.67969967275824 ], [ 27.148059988798273, 40.616399807810545 ], [ 27.010704033277872, 40.571858408430217 ], [ 26.907087999801444, 40.538258095004501 ], [ 27.026116980743645, 40.739044422150805 ], [ 26.804900000132349, 40.7265999949527 ], [ 26.737932706738174, 40.922727940791113 ], [ 26.728168125749399, 41.056938033220554 ], [ 26.927983186244028, 41.171462932592142 ], [ 26.941098836394861, 41.320981562846988 ] ] ] } },
{ "type": "Feature", "properties": { "NUTS_ID": "TR212", "name": "Edirne" }, "geometry": { "type": "Polygon", "coordinates": [ [ [ 26.535237781907643, 41.839129340234493 ], [ 26.571714957621669, 41.892917920035906 ], [ 26.599206467431589, 41.933456398976404 ], [ 26.869606544776325, 41.985027926157471 ], [ 26.965586800139128, 41.996477895497449 ], [ 26.964122920813203, 41.557044547403052 ], [ 26.902513185552561, 41.426586199372849 ], [ 26.941098836394861, 41.320981562846988 ], [ 26.927983186244028, 41.171462932592142 ], [ 26.728168125749399, 41.056938033220554 ], [ 26.737932706738174, 40.922727940791113 ], [ 26.804900000132349, 40.7265999949527 ], [ 26.748566345603237, 40.702720501917739 ], [ 26.725542800732963, 40.642532194082264 ], [ 26.133978078753049, 40.620163815571701 ], [ 26.092338536374886, 40.618589331251407 ], [ 26.061448732439398, 40.699051112408199 ], [ 26.054078376541899, 40.718249419475335 ], [ 26.285172986326657, 40.922727940077749 ], [ 26.288535288562937, 40.927118216680299 ], [ 26.333781629661921, 40.961942486611775 ], [ 26.334789696429326, 40.987514210683429 ], [ 26.350606372315859, 41.008166597646593 ], [ 26.339184432649098, 41.098996001359708 ], [ 26.344537185183068, 41.234779871750909 ], [ 26.403414362127549, 41.268972548431449 ], [ 26.601997496752141, 41.36440733702365 ], [ 26.620665619897206, 41.371842865566371 ], [ 26.620446180880791, 41.37327337787282 ], [ 26.622647477080957, 41.374331273930061 ], [ 26.612053498398637, 41.427984734494807 ], [ 26.58829830550129, 41.582843296951019 ], [ 26.5806111432364, 41.587225291419628 ], [ 26.577652020074375, 41.6022118391815 ], [ 26.399281721903257, 41.690590410034432 ], [ 26.358149499877854, 41.714037444537261 ], [ 26.365953833974292, 41.798659381607173 ], [ 26.515874176236572, 41.833481026060852 ], [ 26.534236951431634, 41.83765353517682 ], [ 26.534311466102071, 41.837763412191116 ], [ 26.534864199333779, 41.837891794404506 ], [ 26.535237781907643, 41.839129340234493 ] ] ] } },
{ "type": "Feature", "properties": { "NUTS_ID": "TR213", "name": "Kırklareli" }, "geometry": { "type": "Polygon", "coordinates": [ [ [ 26.965586800139128, 41.996477895497449 ], [ 27.071260364473485, 42.070786118886005 ], [ 27.209236883182022, 42.087598276096209 ], [ 27.257118022796771, 42.087361774344068 ], [ 27.40970321499718, 42.016483379851337 ], [ 27.428727858033831, 42.004578787773511 ], [ 27.555240724983303, 41.925413882215501 ], [ 27.78830728818313, 41.951975537829881 ], [ 27.859835932487826, 41.960975463109342 ], [ 27.991547048355017, 41.963846629234475 ], [ 28.005065825630282, 41.872576692605918 ], [ 28.016756389701651, 41.793649659727421 ], [ 28.109158363161576, 41.646114494939717 ], [ 28.143905500561058, 41.5906348956307 ], [ 28.007252825852312, 41.590506935010254 ], [ 27.700037293975075, 41.458789534482825 ], [ 27.461765820636362, 41.239708898056641 ], [ 27.197214116990363, 41.336838276119636 ], [ 26.941098836394861, 41.320981562846988 ], [ 26.902513185552561, 41.426586199372849 ], [ 26.964122920813203, 41.557044547403052 ], [ 26.965586800139128, 41.996477895497449 ] ] ] } },
{ "type": "Feature", "properties": { "NUTS_ID": "TR221", "name": "Balıkesir" }, "geometry": { "type": "MultiPolygon", "coordinates": [ [ [ [ 28.699080928950334, 39.761096355122788 ], [ 28.814376709218507, 39.639934166449258 ], [ 28.997554299372634, 39.598725493793673 ], [ 28.925570656483721, 39.399092392613717 ], [ 28.651981936422665, 39.26895374446849 ], [ 28.632463600050762, 39.168168593988504 ], [ 28.224542949621959, 39.088398776537701 ], [ 28.082828437286729, 39.143454278862379 ], [ 27.903320160672845, 39.344038768642456 ], [ 27.400002100313412, 39.371016293348781 ], [ 27.094487632928551, 39.356702689882511 ], [ 26.768631299483424, 39.166691293929574 ], [ 26.766636155969117, 39.168809208047264 ], [ 26.719772318248975, 39.218556795892191 ], [ 26.61676947388646, 39.327897886733879 ], [ 26.77146276483014, 39.382510510155797 ], [ 26.886845369859337, 39.512448749878054 ], [ 26.867102711012777, 39.515894734397371 ], [ 26.753293575910487, 39.535759565199825 ], [ 26.65868120005667, 39.552273694190553 ], [ 26.685254940400647, 39.668216585493873 ], [ 26.804412467540885, 39.757374381353465 ], [ 26.980289200613836, 39.775320226339296 ], [ 27.270742825666431, 39.686794974189802 ], [ 27.450948833904473, 39.770081657941425 ], [ 27.515064056820659, 39.934621950799134 ], [ 27.412357087731166, 40.157983125800392 ], [ 27.516926300308203, 40.303403494239681 ], [ 27.53607603359486, 40.308511359792654 ], [ 27.745053733285314, 40.364252595995794 ], [ 27.635924855886138, 40.468894744461743 ], [ 27.667359926916919, 40.501565777754188 ], [ 27.744341553171772, 40.498722263664149 ], [ 27.860156089501714, 40.494444355271561 ], [ 27.903101673226473, 40.492858049107667 ], [ 27.909453776410523, 40.487571327140913 ], [ 27.96611755190051, 40.44041124813856 ], [ 28.015871234137446, 40.399002295705088 ], [ 28.179000899347908, 40.397348494290824 ], [ 28.178591464249752, 40.395047781156116 ], [ 28.135517767518301, 40.153006435962617 ], [ 28.26289249894058, 39.94333734692831 ], [ 28.506131111422121, 39.772561533259221 ], [ 28.699080928950334, 39.761096355122788 ] ] ], [ [ [ 27.609931092060506, 40.559296703352196 ], [ 27.450577243246713, 40.456544810040754 ], [ 27.527598674268216, 40.650565727060425 ], [ 27.575842608329697, 40.648577665480374 ], [ 27.700461091125568, 40.643442321250703 ], [ 27.758895624808019, 40.641034320259294 ], [ 27.609931092060506, 40.559296703352196 ] ] ] ] } },
{ "type": "Feature", "properties": { "NUTS_ID": "TR222", "name": "Çanakkale" }, "geometry": { "type": "MultiPolygon", "coordinates": [ [ [ [ 27.27698920542165, 40.405985969512074 ], [ 27.512220454253843, 40.305415427039812 ], [ 27.516926300308203, 40.303403494239681 ], [ 27.412357087731166, 40.157983125800392 ], [ 27.515064056820659, 39.934621950799134 ], [ 27.450948833904473, 39.770081657941425 ], [ 27.270742825666431, 39.686794974189802 ], [ 26.980289200613836, 39.775320226339296 ], [ 26.804412467540885, 39.757374381353465 ], [ 26.685254940400647, 39.668216585493873 ], [ 26.65868120005667, 39.552273694190553 ], [ 26.60629207350134, 39.547308178680524 ], [ 26.118007099686331, 39.501027837499187 ], [ 26.120983983988321, 39.524937967186112 ], [ 26.170421341649618, 39.922015480681011 ], [ 26.170551249964788, 39.923058892549186 ], [ 26.170641222671584, 39.923164651897828 ], [ 26.210726261496816, 39.970282683342809 ], [ 26.242465268734122, 40.003069488381691 ], [ 26.385119900493038, 40.102358465322112 ], [ 26.717330848588642, 40.383132192536195 ], [ 26.838275693242377, 40.422307999179537 ], [ 26.824764062062361, 40.399540633880697 ], [ 26.962233786797636, 40.408375106985034 ], [ 27.231001665807064, 40.42564743897092 ], [ 27.27698920542165, 40.405985969512074 ] ] ], [ [ [ 26.254577010810237, 40.071055616549479 ], [ 26.22935053460689, 40.068098321549321 ], [ 26.209447420068425, 40.081680297218604 ], [ 26.210682835842288, 40.08752967174793 ], [ 26.217709638426484, 40.120799753665544 ], [ 26.258325591109866, 40.313105736941111 ], [ 26.267895419135364, 40.317857630914794 ], [ 26.581279169452035, 40.473468187314261 ], [ 26.773602530108178, 40.568966262596248 ], [ 26.725745787861776, 40.642221476793559 ], [ 26.725542800732963, 40.642532194082264 ], [ 26.748566345603237, 40.702720501917739 ], [ 26.804900000132349, 40.7265999949527 ], [ 27.026116980743645, 40.739044422150805 ], [ 26.907087999801444, 40.538258095004501 ], [ 26.897092247543267, 40.521415054165615 ], [ 26.895875980167382, 40.519365619088212 ], [ 26.751558424482958, 40.451935369474668 ], [ 26.693739733501015, 40.444491293565825 ], [ 26.628296197381733, 40.358654188613777 ], [ 26.489475908509032, 40.264096098066489 ], [ 26.361110171422244, 40.202941195050194 ], [ 26.254577010810237, 40.071055616549479 ] ] ], [ [ [ 26.102611774668453, 39.787222774542741 ], [ 26.054841319343875, 39.774134250997363 ], [ 25.965404845433476, 39.823630985305869 ], [ 25.929349150473008, 39.843585251124978 ], [ 26.063156998788021, 39.85735224504144 ], [ 26.071160262312006, 39.858175671810095 ], [ 26.072075657927485, 39.858269852979539 ], [ 26.073550214538418, 39.855589987396023 ], [ 26.109406589860139, 39.790424446746933 ], [ 26.110047299313209, 39.789260018304311 ], [ 26.102611774668453, 39.787222774542741 ] ] ], [ [ [ 25.840740792162176, 40.103120587751995 ], [ 25.773221616974698, 40.090189795660372 ], [ 25.658651419571488, 40.141235547589346 ], [ 25.896866990721655, 40.242138734230359 ], [ 26.044098988163586, 40.142066302812573 ], [ 25.918198585042497, 40.11795475361297 ], [ 25.840740792162176, 40.103120587751995 ] ] ] ] } },
{ "type": "Feature", "properties": { "NUTS_ID": "TR310", "name": "İzmir" }, "geometry": { "type": "Polygon", "coordinates": [ [ [ 26.768631299483424, 39.166691293929574 ], [ 27.094487632928551, 39.356702689882511 ], [ 27.400002100313412, 39.371016293348781 ], [ 27.506217322565117, 39.061370760480777 ], [ 27.438953545042189, 38.957757116187082 ], [ 27.265103713001739, 38.910570644664467 ], [ 27.142341757849749, 38.805669241037421 ], [ 27.249405823844175, 38.591306200296174 ], [ 27.640012667860386, 38.4749845076553 ], [ 27.795929768007177, 38.341967047250229 ], [ 27.945459912452222, 38.39726566047797 ], [ 28.143585056768735, 38.368410714561705 ], [ 28.462306927306493, 38.238569375789993 ], [ 28.485067699924532, 38.122594892515657 ], [ 28.003064610199274, 37.992366948955137 ], [ 27.552213815965718, 37.993571264723137 ], [ 27.407622681205837, 37.845409213876898 ], [ 27.271596400710067, 37.92200229286653 ], [ 27.211772468931056, 37.943487209514899 ], [ 26.878653008871762, 38.063122337268048 ], [ 26.759706882392383, 38.167560902484091 ], [ 26.741174953942959, 38.183832537250304 ], [ 26.658185419899922, 38.162365927902293 ], [ 26.565758204932568, 38.138458107542071 ], [ 26.273544031432404, 38.276799487590274 ], [ 26.293242658147403, 38.337260161011621 ], [ 26.435469327231381, 38.400346851829696 ], [ 26.369187293837573, 38.602808909270117 ], [ 26.409346886261336, 38.655609338960161 ], [ 26.528983141653665, 38.61620441153233 ], [ 26.555058833043557, 38.563309014313347 ], [ 26.622982872626494, 38.425522867850738 ], [ 26.643256540569482, 38.443502327311954 ], [ 26.675738388738097, 38.472308463799024 ], [ 26.717084989990973, 38.508976199544293 ], [ 26.74918227260293, 38.456493191168661 ], [ 26.776457159108581, 38.411895391431692 ], [ 26.798974522840286, 38.375076729343661 ], [ 27.020459982952595, 38.416912724965123 ], [ 26.843137253230061, 38.575534924063831 ], [ 26.732000808452923, 38.674950871393904 ], [ 26.978610891859887, 38.880678022910907 ], [ 26.987076077672711, 38.887739852837917 ], [ 26.91205583740091, 38.919935678356367 ], [ 26.8264448753735, 38.956676637640854 ], [ 26.833310758694584, 39.011615692705035 ], [ 26.841833886138851, 39.079815602103672 ], [ 26.768631299483424, 39.166691293929574 ] ] ] } },
{ "type": "Feature", "properties": { "NUTS_ID": "TR321", "name": "Aydın" }, "geometry": { "type": "Polygon", "coordinates": [ [ [ 27.271596400710067, 37.92200229286653 ], [ 27.407622681205837, 37.845409213876898 ], [ 27.552213815965718, 37.993571264723137 ], [ 28.003064610199274, 37.992366948955137 ], [ 28.485067699924532, 38.122594892515657 ], [ 28.638958500314573, 38.090556293626904 ], [ 28.796687088276951, 37.97459263246661 ], [ 28.75998287270097, 37.871112791074729 ], [ 28.819852277422282, 37.735430197331702 ], [ 28.613762100739635, 37.486116692559811 ], [ 28.262461196779579, 37.55400607548912 ], [ 28.089356046442351, 37.457538289006621 ], [ 27.538058177728889, 37.52435902060607 ], [ 27.395675787342746, 37.368584419650432 ], [ 27.382676999947986, 37.354362992379087 ], [ 27.250855648659758, 37.373648422816665 ], [ 27.24965360628692, 37.376809727973153 ], [ 27.202234810857675, 37.501518560050094 ], [ 27.171216979235322, 37.583093755511719 ], [ 27.169833628338409, 37.586731893555324 ], [ 27.155325606420888, 37.595940628868 ], [ 27.061383922628888, 37.655568610263977 ], [ 27.197708018644082, 37.7332851669779 ], [ 27.21993006516885, 37.745953660564183 ], [ 27.239712737025449, 37.813361430403901 ], [ 27.259677377764827, 37.881389239702621 ], [ 27.271596400710067, 37.92200229286653 ] ] ] } },
{ "type": "Feature", "properties": { "NUTS_ID": "TR322", "name": "Denizli" }, "geometry": { "type": "Polygon", "coordinates": [ [ [ 28.638958500314573, 38.090556293626904 ], [ 28.867326411403848, 38.231330731819881 ], [ 29.56995939582276, 38.28443914526099 ], [ 29.658910751252851, 38.426466295352981 ], [ 29.814262299608707, 38.474085693475303 ], [ 29.960876988865635, 38.406982221586851 ], [ 30.08016293422893, 38.231330732353797 ], [ 29.897835478453882, 38.146090439283284 ], [ 29.690397672519666, 37.92556865864853 ], [ 29.751267214226317, 37.835991095131163 ], [ 29.897052300730738, 37.777487893066471 ], [ 29.576439403506885, 37.604123344183598 ], [ 29.505953158264322, 37.506217405594782 ], [ 29.612148869770035, 37.351342676158758 ], [ 29.480608517792511, 37.229645493771997 ], [ 29.345158399747184, 36.926141592281915 ], [ 29.153192590434738, 36.92104104436806 ], [ 29.064958828643956, 37.048417483639398 ], [ 28.81904598245065, 37.183303301630843 ], [ 28.613762100739635, 37.486116692559811 ], [ 28.819852277422282, 37.735430197331702 ], [ 28.75998287270097, 37.871112791074729 ], [ 28.796687088276951, 37.97459263246661 ], [ 28.638958500314573, 38.090556293626904 ] ] ] } },
{ "type": "Feature", "properties": { "NUTS_ID": "TR323", "name": "Muğla" }, "geometry": { "type": "Polygon", "coordinates": [ [ [ 27.382676999947986, 37.354362992379087 ], [ 27.395675787342746, 37.368584419650432 ], [ 27.538058177728889, 37.52435902060607 ], [ 28.089356046442351, 37.457538289006621 ], [ 28.262461196779579, 37.55400607548912 ], [ 28.613762100739635, 37.486116692559811 ], [ 28.81904598245065, 37.183303301630843 ], [ 29.064958828643956, 37.048417483639398 ], [ 29.153192590434738, 36.92104104436806 ], [ 29.345158399747184, 36.926141592281915 ], [ 29.417425005091175, 36.821277562700011 ], [ 29.595567403733309, 36.944470727758599 ], [ 29.758543299740023, 36.963357092369066 ], [ 29.723402215421832, 36.814724024345168 ], [ 29.656414152304848, 36.636169707183306 ], [ 29.529608478099217, 36.567000770923833 ], [ 29.48545826173261, 36.475459117509075 ], [ 29.349702444887527, 36.446921529859104 ], [ 29.267176031273028, 36.302030166114342 ], [ 29.262308124467094, 36.293483598387851 ], [ 29.247215671444906, 36.315024647388789 ], [ 29.06900876825086, 36.569374522438487 ], [ 29.008651019858181, 36.655521498034879 ], [ 28.820753223607074, 36.659489584434681 ], [ 28.790631294586294, 36.674242917968563 ], [ 28.779418551058235, 36.679734775808853 ], [ 28.544819403881913, 36.794638420146562 ], [ 28.30965718447635, 36.780148374351612 ], [ 28.056427719343549, 36.620181026905911 ], [ 27.91667003132045, 36.740299856318835 ], [ 27.666916101301688, 36.713713804270924 ], [ 27.472876190613722, 36.693058452368689 ], [ 27.460182340916553, 36.691707204938318 ], [ 27.46496521676578, 36.696151068851904 ], [ 27.52588425933757, 36.752752143651534 ], [ 27.588932661668405, 36.762794439728907 ], [ 27.781199701891438, 36.793418567483457 ], [ 27.867498474804449, 36.807164161466126 ], [ 27.948977553528735, 36.820142079465683 ], [ 28.056326484889404, 36.937649551410551 ], [ 27.307909640651474, 36.992356083974869 ], [ 27.309073269206046, 37.011235609457913 ], [ 27.314716553766811, 37.102796231623437 ], [ 27.315450950392478, 37.11471159940475 ], [ 27.320716735926151, 37.117728190899811 ], [ 27.329058460131204, 37.122506884530729 ], [ 27.500608957256823, 37.220782405887817 ], [ 27.382676999947986, 37.354362992379087 ] ] ] } },
{ "type": "Feature", "properties": { "NUTS_ID": "TR331", "name": "Manisa" }, "geometry": { "type": "Polygon", "coordinates": [ [ [ 28.632463600050762, 39.168168593988504 ], [ 28.654262094730125, 39.09886813682472 ], [ 28.890823023655809, 39.060681737260921 ], [ 28.920652234855609, 38.977700177680127 ], [ 28.996855968259979, 38.878655731025312 ], [ 29.135626400068897, 38.865414493603211 ], [ 28.837122298802797, 38.617272838040819 ], [ 28.775823233225037, 38.367398547303374 ], [ 28.867326411403848, 38.231330731819881 ], [ 28.638958500314573, 38.090556293626904 ], [ 28.485067699924532, 38.122594892515657 ], [ 28.462306927306493, 38.238569375789993 ], [ 28.143585056768735, 38.368410714561705 ], [ 27.945459912452222, 38.39726566047797 ], [ 27.795929768007177, 38.341967047250229 ], [ 27.640012667860386, 38.4749845076553 ], [ 27.249405823844175, 38.591306200296174 ], [ 27.142341757849749, 38.805669241037421 ], [ 27.265103713001739, 38.910570644664467 ], [ 27.438953545042189, 38.957757116187082 ], [ 27.506217322565117, 39.061370760480777 ], [ 27.400002100313412, 39.371016293348781 ], [ 27.903320160672845, 39.344038768642456 ], [ 28.082828437286729, 39.143454278862379 ], [ 28.224542949621959, 39.088398776537701 ], [ 28.632463600050762, 39.168168593988504 ] ] ] } },
{ "type": "Feature", "properties": { "NUTS_ID": "TR332", "name": "Afyonkarahisar" }, "geometry": { "type": "Polygon", "coordinates": [ [ [ 30.464212099638861, 39.213687993289717 ], [ 30.53204607776329, 39.167267114513905 ], [ 30.757263843697185, 39.052737139410652 ], [ 30.900409103502643, 39.116951710770266 ], [ 30.919242682045407, 39.189386803551869 ], [ 31.149376062074897, 39.257597444395941 ], [ 31.592484699829807, 39.043311193866195 ], [ 31.669807666665701, 38.9777001769801 ], [ 31.601004757119242, 38.927228360126342 ], [ 31.579879303310005, 38.627293488989245 ], [ 31.237699400607308, 38.383408793304035 ], [ 31.18441854575633, 38.467246247162265 ], [ 31.052120195302344, 38.497637986909211 ], [ 30.761958129505434, 38.298468517314774 ], [ 30.726091098396697, 38.271433367192003 ], [ 30.632565212305451, 38.231330732078135 ], [ 30.45853148746567, 38.17597590585445 ], [ 30.185481312001791, 37.95218767081262 ], [ 30.092553200149784, 37.799240193447083 ], [ 29.897052300730738, 37.777487893066471 ], [ 29.751267214226317, 37.835991095131163 ], [ 29.690397672519666, 37.92556865864853 ], [ 29.897835478453882, 38.146090439283284 ], [ 30.08016293422893, 38.231330732353797 ], [ 29.960876988865635, 38.406982221586851 ], [ 29.814262299608707, 38.474085693475303 ], [ 30.01730990011589, 38.816086494253703 ], [ 30.239200615093036, 38.977700177424033 ], [ 30.293622038310158, 39.126157056635478 ], [ 30.464212099638861, 39.213687993289717 ] ] ] } },
{ "type": "Feature", "properties": { "NUTS_ID": "TR333", "name": "Kütahya" }, "geometry": { "type": "Polygon", "coordinates": [ [ [ 28.997554299372634, 39.598725493793673 ], [ 29.185739757133511, 39.611627468369861 ], [ 29.278082561369928, 39.754670746561025 ], [ 29.523875817788973, 39.866211531379271 ], [ 29.760495700070393, 39.867820594208432 ], [ 29.73002629976363, 39.754670746280489 ], [ 29.79573278980283, 39.713227380381504 ], [ 30.03158339957097, 39.664790294197239 ], [ 30.20965979765861, 39.666167960019614 ], [ 30.464212099638861, 39.213687993289717 ], [ 30.293622038310158, 39.126157056635478 ], [ 30.239200615093036, 38.977700177424033 ], [ 30.01730990011589, 38.816086494253703 ], [ 29.892514141442366, 38.897776043454726 ], [ 29.669357896567902, 38.929893472800757 ], [ 29.269528486972249, 38.80408861263362 ], [ 29.135626400068897, 38.865414493603211 ], [ 28.996855968259979, 38.878655731025312 ], [ 28.920652234855609, 38.977700177680127 ], [ 28.890823023655809, 39.060681737260921 ], [ 28.654262094730125, 39.09886813682472 ], [ 28.632463600050762, 39.168168593988504 ], [ 28.651981936422665, 39.26895374446849 ], [ 28.925570656483721, 39.399092392613717 ], [ 28.997554299372634, 39.598725493793673 ] ] ] } },
{ "type": "Feature", "properties": { "NUTS_ID": "TR334", "name": "Uşak" }, "geometry": { "type": "Polygon", "coordinates": [ [ [ 30.01730990011589, 38.816086494253703 ], [ 29.814262299608707, 38.474085693475303 ], [ 29.658910751252851, 38.426466295352981 ], [ 29.56995939582276, 38.28443914526099 ], [ 28.867326411403848, 38.231330731819881 ], [ 28.775823233225037, 38.367398547303374 ], [ 28.837122298802797, 38.617272838040819 ], [ 29.135626400068897, 38.865414493603211 ], [ 29.269528486972249, 38.80408861263362 ], [ 29.669357896567902, 38.929893472800757 ], [ 29.892514141442366, 38.897776043454726 ], [ 30.01730990011589, 38.816086494253703 ] ] ] } },
{ "type": "Feature", "properties": { "NUTS_ID": "TR411", "name": "Bursa" }, "geometry": { "type": "Polygon", "coordinates": [ [ [ 29.011211899507433, 40.470322994326033 ], [ 29.069258776471852, 40.56577180391772 ], [ 29.481804700100881, 40.56397219543657 ], [ 29.76466986480273, 40.595753756963362 ], [ 29.905029067996409, 40.530661716098344 ], [ 29.821988878492913, 40.373850309326919 ], [ 29.830627526242754, 40.265959696560898 ], [ 29.731358070736736, 40.145408493237731 ], [ 29.760495700070393, 39.867820594208432 ], [ 29.523875817788973, 39.866211531379271 ], [ 29.278082561369928, 39.754670746561025 ], [ 29.185739757133511, 39.611627468369861 ], [ 28.997554299372634, 39.598725493793673 ], [ 28.814376709218507, 39.639934166449258 ], [ 28.699080928950334, 39.761096355122788 ], [ 28.506131111422121, 39.772561533259221 ], [ 28.26289249894058, 39.94333734692831 ], [ 28.135517767518301, 40.153006435962617 ], [ 28.178591464249752, 40.395047781156116 ], [ 28.179000899347908, 40.397348494290824 ], [ 28.796783478363608, 40.369751129113666 ], [ 28.970523750257232, 40.36198986481196 ], [ 29.103417646578258, 40.425157475204031 ], [ 29.011211899507433, 40.470322994326033 ] ] ] } },
{ "type": "Feature", "properties": { "NUTS_ID": "TR412", "name": "Eskişehir" }, "geometry": { "type": "Polygon", "coordinates": [ [ [ 30.03158339957097, 39.664790294197239 ], [ 30.006557181281529, 39.742335580381145 ], [ 30.02941937200416, 39.777228165171117 ], [ 30.118458310770365, 39.835261398092548 ], [ 30.285200613609288, 39.867110696533281 ], [ 30.547055368351007, 40.111145816059789 ], [ 30.662445300653019, 40.167711194859258 ], [ 30.699152186597182, 40.173739198447592 ], [ 30.821262260773036, 40.139301774905626 ], [ 30.83610380062423, 40.097871094332582 ], [ 31.008499342291753, 40.040026421342517 ], [ 31.696286476830199, 39.995181159872025 ], [ 31.821839449526152, 39.8636719273563 ], [ 31.788124837557906, 39.73821871880299 ], [ 31.905379526193208, 39.63712691088682 ], [ 31.981651988012242, 39.464728558070064 ], [ 31.970314991098203, 39.313691937364347 ], [ 31.843528699385296, 39.142243293540417 ], [ 31.592484699829807, 39.043311193866195 ], [ 31.149376062074897, 39.257597444395941 ], [ 30.919242682045407, 39.189386803551869 ], [ 30.900409103502643, 39.116951710770266 ], [ 30.757263843697185, 39.052737139410652 ], [ 30.53204607776329, 39.167267114513905 ], [ 30.464212099638861, 39.213687993289717 ], [ 30.20965979765861, 39.666167960019614 ], [ 30.03158339957097, 39.664790294197239 ] ] ] } },
{ "type": "Feature", "properties": { "NUTS_ID": "TR413", "name": "Bilecik" }, "geometry": { "type": "Polygon", "coordinates": [ [ [ 29.966981500612121, 40.551365994934933 ], [ 30.156833038467699, 40.383767541446048 ], [ 30.401032863751571, 40.376950497563556 ], [ 30.58804819989756, 40.286089395205359 ], [ 30.662445300653019, 40.167711194859258 ], [ 30.547055368351007, 40.111145816059789 ], [ 30.285200613609288, 39.867110696533281 ], [ 30.118458310770365, 39.835261398092548 ], [ 30.02941937200416, 39.777228165171117 ], [ 30.006557181281529, 39.742335580381145 ], [ 30.03158339957097, 39.664790294197239 ], [ 29.79573278980283, 39.713227380381504 ], [ 29.73002629976363, 39.754670746280489 ], [ 29.760495700070393, 39.867820594208432 ], [ 29.731358070736736, 40.145408493237731 ], [ 29.830627526242754, 40.265959696560898 ], [ 29.821988878492913, 40.373850309326919 ], [ 29.905029067996409, 40.530661716098344 ], [ 29.966981500612121, 40.551365994934933 ] ] ] } },
{ "type": "Feature", "properties": { "NUTS_ID": "TR421", "name": "Kocaeli" }, "geometry": { "type": "Polygon", "coordinates": [ [ [ 29.340029700476762, 40.810687194382162 ], [ 29.52473685188113, 41.008936146825043 ], [ 29.708696127819799, 41.002030886011617 ], [ 29.918184399845202, 41.141545495202564 ], [ 29.957195226297049, 41.138782037340775 ], [ 30.367141799501589, 41.179198594696246 ], [ 30.247271499175202, 41.074310136041397 ], [ 30.282101006569249, 40.926524541728561 ], [ 30.250836290043864, 40.726520745311227 ], [ 29.966981500612121, 40.551365994934933 ], [ 29.905029067996409, 40.530661716098344 ], [ 29.76466986480273, 40.595753756963362 ], [ 29.481804700100881, 40.56397219543657 ], [ 29.558303700232063, 40.686601194198893 ], [ 29.555437847959006, 40.74692487070088 ], [ 29.555311478106358, 40.749584836407159 ], [ 29.398993811456766, 40.793951703894571 ], [ 29.340029700476762, 40.810687194382162 ] ] ] } },
{ "type": "Feature", "properties": { "NUTS_ID": "TR422", "name": "Sakarya" }, "geometry": { "type": "Polygon", "coordinates": [ [ [ 30.96753309940517, 41.074813494253043 ], [ 30.954811137277165, 40.99220147917643 ], [ 30.836911870415207, 40.912402321880705 ], [ 30.918635400149874, 40.6599217942316 ], [ 30.875604314235098, 40.530661715990618 ], [ 30.612309812285563, 40.477170685856308 ], [ 30.58804819989756, 40.286089395205359 ], [ 30.401032863751571, 40.376950497563556 ], [ 30.156833038467699, 40.383767541446048 ], [ 29.966981500612121, 40.551365994934933 ], [ 30.250836290043864, 40.726520745311227 ], [ 30.282101006569249, 40.926524541728561 ], [ 30.247271499175202, 41.074310136041397 ], [ 30.367141799501589, 41.179198594696246 ], [ 30.532046077053309, 41.140394413767616 ], [ 30.96753309940517, 41.074813494253043 ] ] ] } },
{ "type": "Feature", "properties": { "NUTS_ID": "TR423", "name": "Düzce" }, "geometry": { "type": "Polygon", "coordinates": [ [ [ 31.292983099947914, 41.115762195209776 ], [ 31.35935461544603, 41.024963058518516 ], [ 31.8536455997784, 41.008299694442599 ], [ 31.662091491297165, 40.949741121767907 ], [ 31.322566265639683, 40.646462774503441 ], [ 30.918635400149874, 40.6599217942316 ], [ 30.836911870415207, 40.912402321880705 ], [ 30.954811137277165, 40.99220147917643 ], [ 30.96753309940517, 41.074813494253043 ], [ 30.9687543020597, 41.074967148151281 ], [ 31.279358811619588, 41.114047962658695 ], [ 31.292983099947914, 41.115762195209776 ] ] ] } },
{ "type": "Feature", "properties": { "NUTS_ID": "TR424", "name": "Bolu" }, "geometry": { "type": "Polygon", "coordinates": [ [ [ 31.98093280049936, 41.046331895107826 ], [ 32.273452787273044, 41.030461969079397 ], [ 32.36502844915514, 40.944814226881213 ], [ 32.362249385705262, 40.86880921122367 ], [ 32.591552900049798, 40.819448795025004 ], [ 32.565278899961498, 40.742835194615012 ], [ 32.399639406976888, 40.569228202695101 ], [ 32.1248495057892, 40.523875419695685 ], [ 31.934730323009358, 40.35545014923742 ], [ 31.48643647071702, 40.292116943174094 ], [ 31.141641703712018, 40.344251089443851 ], [ 30.83610380062423, 40.097871094332582 ], [ 30.821262260773036, 40.139301774905626 ], [ 30.699152186597182, 40.173739198447592 ], [ 30.662445300653019, 40.167711194859258 ], [ 30.58804819989756, 40.286089395205359 ], [ 30.612309812285563, 40.477170685856308 ], [ 30.875604314235098, 40.530661715990618 ], [ 30.918635400149874, 40.6599217942316 ], [ 31.322566265639683, 40.646462774503441 ], [ 31.662091491297165, 40.949741121767907 ], [ 31.8536455997784, 41.008299694442599 ], [ 31.98093280049936, 41.046331895107826 ] ] ] } },
{ "type": "Feature", "properties": { "NUTS_ID": "TR425", "name": "Yalova" }, "geometry": { "type": "Polygon", "coordinates": [ [ [ 29.558303700232063, 40.686601194198893 ], [ 29.481804700100881, 40.56397219543657 ], [ 29.069258776471852, 40.56577180391772 ], [ 29.011211899507433, 40.470322994326033 ], [ 28.964828134469201, 40.484874915986659 ], [ 28.806667604599856, 40.534494421388345 ], [ 29.036957344581431, 40.645020184969667 ], [ 29.473367458670587, 40.717401702821647 ], [ 29.536865214523512, 40.694375452087819 ], [ 29.558303700232063, 40.686601194198893 ] ] ] } },
{ "type": "Feature", "properties": { "NUTS_ID": "TR510", "name": "Ankara" }, "geometry": { "type": "Polygon", "coordinates": [ [ [ 31.843528699385296, 39.142243293540417 ], [ 31.970314991098203, 39.313691937364347 ], [ 31.981651988012242, 39.464728558070064 ], [ 31.905379526193208, 39.63712691088682 ], [ 31.788124837557906, 39.73821871880299 ], [ 31.821839449526152, 39.8636719273563 ], [ 31.696286476830199, 39.995181159872025 ], [ 31.008499342291753, 40.040026421342517 ], [ 30.83610380062423, 40.097871094332582 ], [ 31.141641703712018, 40.344251089443851 ], [ 31.48643647071702, 40.292116943174094 ], [ 31.934730323009358, 40.35545014923742 ], [ 32.1248495057892, 40.523875419695685 ], [ 32.399639406976888, 40.569228202695101 ], [ 32.565278899961498, 40.742835194615012 ], [ 32.86273510453379, 40.644711122017625 ], [ 32.904466192390061, 40.585153402355665 ], [ 32.881276561601183, 40.530661716301772 ], [ 32.942915701194728, 40.530661715674533 ], [ 32.987185659507062, 40.530661716126666 ], [ 33.264120433950382, 40.344466954337022 ], [ 33.384088587731291, 40.386292843855806 ], [ 33.648236199982804, 40.294708194340785 ], [ 33.606503960485341, 40.118893501845811 ], [ 33.329215112241315, 39.907496749717382 ], [ 33.284589972091553, 39.740773201023671 ], [ 33.21970762635484, 39.681528922840911 ], [ 33.311132495448732, 39.635316861678255 ], [ 33.42178339971796, 39.39654049371822 ], [ 33.567631205789908, 39.208388788028799 ], [ 33.885227300097597, 39.0278781934921 ], [ 33.742329294659534, 38.964644959498393 ], [ 33.772307270678319, 38.853259534978037 ], [ 33.708382371738004, 38.749570367775817 ], [ 33.323685100137396, 38.661883693357055 ], [ 33.378847352460653, 38.994457181574568 ], [ 33.178236951348829, 39.150077746536304 ], [ 33.148991335284585, 39.258657494065154 ], [ 32.845250104393102, 39.243261327646458 ], [ 32.743777138343845, 39.116628715196917 ], [ 32.449085480237905, 38.969305497508941 ], [ 32.229886619626647, 39.01591960616134 ], [ 32.049607573705039, 38.968496033748892 ], [ 31.843528699385296, 39.142243293540417 ] ] ] } },
{ "type": "Feature", "properties": { "NUTS_ID": "TR521", "name": "Konya" }, "geometry": { "type": "Polygon", "coordinates": [ [ [ 31.319438399927694, 37.410707392718557 ], [ 31.34399001497431, 37.506217405412279 ], [ 31.297487988281688, 37.638806087842894 ], [ 31.434020809194841, 37.733349860422031 ], [ 31.527587860543786, 38.070053140610135 ], [ 31.497428254747827, 38.166337674306028 ], [ 31.358788179469013, 38.22099816065446 ], [ 31.237699400607308, 38.383408793304035 ], [ 31.579879303310005, 38.627293488989245 ], [ 31.601004757119242, 38.927228360126342 ], [ 31.669807666665701, 38.9777001769801 ], [ 31.592484699829807, 39.043311193866195 ], [ 31.843528699385296, 39.142243293540417 ], [ 32.049607573705039, 38.968496033748892 ], [ 32.229886619626647, 39.01591960616134 ], [ 32.449085480237905, 38.969305497508941 ], [ 32.743777138343845, 39.116628715196917 ], [ 32.845250104393102, 39.243261327646458 ], [ 33.148991335284585, 39.258657494065154 ], [ 33.178236951348829, 39.150077746536304 ], [ 33.378847352460653, 38.994457181574568 ], [ 33.323685100137396, 38.661883693357055 ], [ 33.191662240199946, 38.288074020349761 ], [ 33.33316035982272, 38.058017930476161 ], [ 33.463230363515052, 37.990659410964788 ], [ 33.645685259506159, 38.09038363186896 ], [ 33.935107730565711, 38.118954812131328 ], [ 34.060697300224014, 38.061362992804938 ], [ 34.003505871331008, 37.974528076580462 ], [ 34.127676604262184, 37.940811247067579 ], [ 34.351941309039766, 37.748912884960347 ], [ 34.306465689761581, 37.506217405607813 ], [ 34.436517000199821, 37.331424192355506 ], [ 34.259190300664358, 37.246714092996378 ], [ 34.038620390534398, 37.407726777631339 ], [ 33.685595757007881, 37.520335936753327 ], [ 33.346507676470928, 37.482147896317279 ], [ 33.159088079252918, 37.523872979956444 ], [ 32.851641050130304, 37.327991905002285 ], [ 32.772565200901127, 36.90193886776499 ], [ 32.537047060640717, 36.81615283124718 ], [ 32.523197426289265, 36.767066170117708 ], [ 32.424122176909172, 36.742611950470611 ], [ 32.355871936052395, 36.775947739921236 ], [ 32.303479165794336, 36.887604083560625 ], [ 31.992265805663571, 37.085646966304388 ], [ 31.787595613268962, 37.376074718812831 ], [ 31.482420601214617, 37.279791871043166 ], [ 31.319438399927694, 37.410707392718557 ] ] ] } },
{ "type": "Feature", "properties": { "NUTS_ID": "TR522", "name": "Karaman" }, "geometry": { "type": "Polygon", "coordinates": [ [ [ 32.523197426289265, 36.767066170117708 ], [ 32.537047060640717, 36.81615283124718 ], [ 32.772565200901127, 36.90193886776499 ], [ 32.851641050130304, 37.327991905002285 ], [ 33.159088079252918, 37.523872979956444 ], [ 33.346507676470928, 37.482147896317279 ], [ 33.685595757007881, 37.520335936753327 ], [ 34.038620390534398, 37.407726777631339 ], [ 34.259190300664358, 37.246714092996378 ], [ 33.887805329242624, 37.030627969042015 ], [ 32.988057884205489, 36.84994015347327 ], [ 32.978261331654352, 36.736769631750427 ], [ 33.145116188790865, 36.577507487778753 ], [ 32.979490741983987, 36.455180907302271 ], [ 32.55850000018561, 36.516699992069306 ], [ 32.496543459881821, 36.642181445765836 ], [ 32.523197426289265, 36.767066170117708 ] ] ] } },
{ "type": "Feature", "properties": { "NUTS_ID": "TR611", "name": "Antalya" }, "geometry": { "type": "Polygon", "coordinates": [ [ [ 29.262308124467094, 36.293483598387851 ], [ 29.267176031273028, 36.302030166114342 ], [ 29.349702444887527, 36.446921529859104 ], [ 29.48545826173261, 36.475459117509075 ], [ 29.529608478099217, 36.567000770923833 ], [ 29.656414152304848, 36.636169707183306 ], [ 29.723402215421832, 36.814724024345168 ], [ 29.758543299740023, 36.963357092369066 ], [ 29.843144642897975, 37.027570518491721 ], [ 29.851625385531758, 37.127248316747071 ], [ 30.195565664905317, 37.366975199160073 ], [ 30.443632991828771, 37.242327944753178 ], [ 30.76195812887196, 37.233986688321657 ], [ 30.987602300104097, 37.344015892632633 ], [ 31.319438399927694, 37.410707392718557 ], [ 31.482420601214617, 37.279791871043166 ], [ 31.787595613268962, 37.376074718812831 ], [ 31.992265805663571, 37.085646966304388 ], [ 32.303479165794336, 36.887604083560625 ], [ 32.355871936052395, 36.775947739921236 ], [ 32.424122176909172, 36.742611950470611 ], [ 32.523197426289265, 36.767066170117708 ], [ 32.496543459881821, 36.642181445765836 ], [ 32.55850000018561, 36.516699992069306 ], [ 32.614834885130321, 36.339830277583722 ], [ 32.562369100077639, 36.100726592241905 ], [ 32.327987907141541, 36.218260937020744 ], [ 32.244888350084693, 36.300021127814233 ], [ 32.006636531373054, 36.534432900348818 ], [ 31.404329315910271, 36.769114228478848 ], [ 31.030365478584795, 36.849228481797489 ], [ 30.605946158098, 36.80432844264341 ], [ 30.601190871770392, 36.803825372811204 ], [ 30.419121123673065, 36.263485030628274 ], [ 30.415186671274213, 36.251808501288686 ], [ 30.194981929387129, 36.295670483333161 ], [ 29.720709894203662, 36.143265116681896 ], [ 29.713730927134304, 36.145552127664814 ], [ 29.600379674816907, 36.182697387820859 ], [ 29.262308124467094, 36.293483598387851 ] ] ] } },
{ "type": "Feature", "properties": { "NUTS_ID": "TR612", "name": "Isparta" }, "geometry": { "type": "Polygon", "coordinates": [ [ [ 30.987602300104097, 37.344015892632633 ], [ 30.848120829715324, 37.432048090269568 ], [ 30.810385970334959, 37.506217405829673 ], [ 30.770255346154631, 37.56924285400968 ], [ 30.761958129510681, 37.611034632664129 ], [ 30.708932810434153, 37.668631613824033 ], [ 30.492266911167718, 37.697657024599671 ], [ 30.386205521326268, 37.829640181613577 ], [ 30.092553200149784, 37.799240193447083 ], [ 30.185481312001791, 37.95218767081262 ], [ 30.45853148746567, 38.17597590585445 ], [ 30.632565212305451, 38.231330732078135 ], [ 30.726091098396697, 38.271433367192003 ], [ 30.761958129505434, 38.298468517314774 ], [ 31.052120195302344, 38.497637986909211 ], [ 31.18441854575633, 38.467246247162265 ], [ 31.237699400607308, 38.383408793304035 ], [ 31.358788179469013, 38.22099816065446 ], [ 31.497428254747827, 38.166337674306028 ], [ 31.527587860543786, 38.070053140610135 ], [ 31.434020809194841, 37.733349860422031 ], [ 31.297487988281688, 37.638806087842894 ], [ 31.34399001497431, 37.506217405412279 ], [ 31.319438399927694, 37.410707392718557 ], [ 30.987602300104097, 37.344015892632633 ] ] ] } },
{ "type": "Feature", "properties": { "NUTS_ID": "TR613", "name": "Burdur" }, "geometry": { "type": "Polygon", "coordinates": [ [ [ 29.345158399747184, 36.926141592281915 ], [ 29.480608517792511, 37.229645493771997 ], [ 29.612148869770035, 37.351342676158758 ], [ 29.505953158264322, 37.506217405594782 ], [ 29.576439403506885, 37.604123344183598 ], [ 29.897052300730738, 37.777487893066471 ], [ 30.092553200149784, 37.799240193447083 ], [ 30.386205521326268, 37.829640181613577 ], [ 30.492266911167718, 37.697657024599671 ], [ 30.708932810434153, 37.668631613824033 ], [ 30.761958129510681, 37.611034632664129 ], [ 30.770255346154631, 37.56924285400968 ], [ 30.810385970334959, 37.506217405829673 ], [ 30.848120829715324, 37.432048090269568 ], [ 30.987602300104097, 37.344015892632633 ], [ 30.76195812887196, 37.233986688321657 ], [ 30.443632991828771, 37.242327944753178 ], [ 30.195565664905317, 37.366975199160073 ], [ 29.851625385531758, 37.127248316747071 ], [ 29.843144642897975, 37.027570518491721 ], [ 29.758543299740023, 36.963357092369066 ], [ 29.595567403733309, 36.944470727758599 ], [ 29.417425005091175, 36.821277562700011 ], [ 29.345158399747184, 36.926141592281915 ] ] ] } },
{ "type": "Feature", "properties": { "NUTS_ID": "TR621", "name": "Adana" }, "geometry": { "type": "Polygon", "coordinates": [ [ [ 34.911460899401582, 36.728668992226496 ], [ 34.921011890047687, 36.73360713550678 ], [ 35.101209267942011, 36.82677449015776 ], [ 35.114548008063949, 36.966170119514032 ], [ 34.774791800156834, 37.420858692867782 ], [ 34.917042674834278, 37.670174646269331 ], [ 35.311107799255979, 37.717551393240143 ], [ 35.497757339720046, 37.726884738317608 ], [ 35.588249464091618, 37.818046957716987 ], [ 35.599882701510438, 37.944880522324979 ], [ 35.952024194747871, 38.118937980310882 ], [ 36.024046933608311, 38.252175665304229 ], [ 36.207341500965086, 38.384316461829187 ], [ 36.346242309945765, 38.380156374242276 ], [ 36.40957840068355, 38.262879393569165 ], [ 36.232423619233927, 37.99221835451587 ], [ 36.281530246278152, 37.887911268070283 ], [ 36.260667000044869, 37.749779692431254 ], [ 36.148904254638047, 37.722051858651731 ], [ 36.000943486774574, 37.586505927380031 ], [ 35.921959137617861, 37.419440888794476 ], [ 35.902554313829206, 37.236754628095419 ], [ 36.075203893729537, 37.178061142992412 ], [ 36.057564299439278, 37.008210892760069 ], [ 36.007040801011563, 36.930638192303434 ], [ 35.967629193477372, 36.901566995316259 ], [ 35.805281165004779, 36.781814165920778 ], [ 35.680182672205461, 36.748975353974402 ], [ 35.654492064244337, 36.742231474879368 ], [ 35.648211566225363, 36.705674075506288 ], [ 35.633022662863794, 36.617262809509114 ], [ 35.573472496899043, 36.604448390120801 ], [ 35.36323378252748, 36.559207761729489 ], [ 35.341158311921284, 36.554457409166851 ], [ 35.264924183947223, 36.586283789887588 ], [ 34.911460899401582, 36.728668992226496 ] ] ] } },
{ "type": "Feature", "properties": { "NUTS_ID": "TR622", "name": "Mersin" }, "geometry": { "type": "Polygon", "coordinates": [ [ [ 32.562369100077639, 36.100726592241905 ], [ 32.614834885130321, 36.339830277583722 ], [ 32.55850000018561, 36.516699992069306 ], [ 32.979490741983987, 36.455180907302271 ], [ 33.145116188790865, 36.577507487778753 ], [ 32.978261331654352, 36.736769631750427 ], [ 32.988057884205489, 36.84994015347327 ], [ 33.887805329242624, 37.030627969042015 ], [ 34.259190300664358, 37.246714092996378 ], [ 34.436517000199821, 37.331424192355506 ], [ 34.774791800156834, 37.420858692867782 ], [ 35.114548008063949, 36.966170119514032 ], [ 35.101209267942011, 36.82677449015776 ], [ 34.921011890047687, 36.73360713550678 ], [ 34.911460899401582, 36.728668992226496 ], [ 34.820712328958066, 36.774035354689758 ], [ 34.562653974641172, 36.760038120189627 ], [ 34.258631233852689, 36.55961128453017 ], [ 34.233645025304305, 36.543139139646762 ], [ 33.991987881390131, 36.291788099830931 ], [ 33.982245117324105, 36.281654512755566 ], [ 33.861722402550377, 36.280478199829922 ], [ 33.834582524890763, 36.262664271079203 ], [ 33.706421589105652, 36.178542678508876 ], [ 33.432339169364752, 36.138091906857632 ], [ 32.92101028851404, 36.062626840373838 ], [ 32.775030935449003, 36.041082307840888 ], [ 32.562369100077639, 36.100726592241905 ] ] ] } },
{ "type": "Feature", "properties": { "NUTS_ID": "TR631", "name": "Hatay" }, "geometry": { "type": "Polygon", "coordinates": [ [ [ 36.611755048550769, 36.396137642307579 ], [ 36.641596686108393, 36.320490663872441 ], [ 36.655324036353122, 36.285692553072671 ], [ 36.661599814820619, 36.269783785938152 ], [ 36.653902478760294, 36.26765934927414 ], [ 36.415853093903607, 36.20195859173382 ], [ 36.415310304635952, 36.200514414419239 ], [ 36.381399204333619, 36.110288435047693 ], [ 36.346220585028156, 36.016690013952363 ], [ 36.308884865323733, 35.98760159889509 ], [ 36.209376841534343, 35.910074479381521 ], [ 36.164061504160294, 35.819273657696243 ], [ 35.917354294016846, 35.928388494862027 ], [ 35.916953159591614, 35.928496376362148 ], [ 35.95787584189182, 36.028243644869235 ], [ 35.958771246785282, 36.039916276259106 ], [ 35.815003942308145, 36.304949140903524 ], [ 35.817482806486346, 36.307138290050737 ], [ 36.188843806878388, 36.635096636549541 ], [ 36.186865688324325, 36.653378783927337 ], [ 36.173185550956724, 36.779813234573993 ], [ 36.170698689046333, 36.802797292001109 ], [ 36.163506472133747, 36.808415471761592 ], [ 36.097441842594854, 36.860021671869539 ], [ 36.007040801011563, 36.930638192303434 ], [ 36.057564299439278, 37.008210892760069 ], [ 36.442823899316998, 36.933099692607755 ], [ 36.658974700003583, 36.829740677391896 ], [ 36.665194500196215, 36.826766492479898 ], [ 36.566728694482002, 36.510277081576874 ], [ 36.611755048550769, 36.396137642307579 ] ] ] } },
{ "type": "Feature", "properties": { "NUTS_ID": "TR632", "name": "Kahramanmaraş" }, "geometry": { "type": "Polygon", "coordinates": [ [ [ 36.40957840068355, 38.262879393569165 ], [ 36.538029202459263, 38.281328189429544 ], [ 36.780425600883433, 38.53708529302051 ], [ 36.951830666961797, 38.586275957560161 ], [ 37.316865900209535, 38.578047493407617 ], [ 37.29910196257412, 38.457565136190695 ], [ 37.637899798157285, 38.318336327196938 ], [ 37.734409898592112, 38.222564095514606 ], [ 37.716188016468863, 38.132173413018137 ], [ 37.596032786513703, 38.042672133256389 ], [ 37.615754499006833, 37.94416629276779 ], [ 37.523443473275528, 37.858232034146155 ], [ 37.446506086754646, 37.629767074722288 ], [ 37.477675482724152, 37.576007936784613 ], [ 37.573621541472136, 37.580674501004992 ], [ 37.603770399732035, 37.483457192407634 ], [ 37.526171341488229, 37.419440888142304 ], [ 37.04363514001701, 37.201058479999205 ], [ 36.905705874996961, 37.30796022041811 ], [ 36.693138099423798, 37.216176092230441 ], [ 36.544051085038333, 37.42242776356192 ], [ 36.36879983342677, 37.361525362761036 ], [ 36.278252365588202, 37.388539417053536 ], [ 36.260667000044869, 37.749779692431254 ], [ 36.281530246278152, 37.887911268070283 ], [ 36.232423619233927, 37.99221835451587 ], [ 36.40957840068355, 38.262879393569165 ] ] ] } },
{ "type": "Feature", "properties": { "NUTS_ID": "TR633", "name": "Osmaniye" }, "geometry": { "type": "Polygon", "coordinates": [ [ [ 36.260667000044869, 37.749779692431254 ], [ 36.278252365588202, 37.388539417053536 ], [ 36.36879983342677, 37.361525362761036 ], [ 36.544051085038333, 37.42242776356192 ], [ 36.693138099423798, 37.216176092230441 ], [ 36.442823899316998, 36.933099692607755 ], [ 36.057564299439278, 37.008210892760069 ], [ 36.075203893729537, 37.178061142992412 ], [ 35.902554313829206, 37.236754628095419 ], [ 35.921959137617861, 37.419440888794476 ], [ 36.000943486774574, 37.586505927380031 ], [ 36.148904254638047, 37.722051858651731 ], [ 36.260667000044869, 37.749779692431254 ] ] ] } },
{ "type": "Feature", "properties": { "NUTS_ID": "TR711", "name": "Kırıkkale" }, "geometry": { "type": "Polygon", "coordinates": [ [ [ 33.648236199982804, 40.294708194340785 ], [ 33.740789067274342, 40.324001911432141 ], [ 33.959427999699834, 40.250475694936014 ], [ 34.207803699354898, 39.971997594294798 ], [ 34.087370426704553, 39.882940606557021 ], [ 34.114437000024104, 39.792377694323363 ], [ 34.067407123280532, 39.787381458730231 ], [ 33.997006857480017, 39.740773200298065 ], [ 33.74037477997738, 39.49076744264665 ], [ 33.42178339971796, 39.39654049371822 ], [ 33.311132495448732, 39.635316861678255 ], [ 33.21970762635484, 39.681528922840911 ], [ 33.284589972091553, 39.740773201023671 ], [ 33.329215112241315, 39.907496749717382 ], [ 33.606503960485341, 40.118893501845811 ], [ 33.648236199982804, 40.294708194340785 ] ] ] } },
{ "type": "Feature", "properties": { "NUTS_ID": "TR712", "name": "Aksaray" }, "geometry": { "type": "Polygon", "coordinates": [ [ [ 33.323685100137396, 38.661883693357055 ], [ 33.708382371738004, 38.749570367775817 ], [ 33.772307270678319, 38.853259534978037 ], [ 33.742329294659534, 38.964644959498393 ], [ 33.885227300097597, 39.0278781934921 ], [ 33.959573704544916, 39.033838534141054 ], [ 33.971235864693966, 38.977700176842042 ], [ 34.137191907479284, 38.844974235319043 ], [ 34.241214899576782, 38.832493893693567 ], [ 34.263022163819528, 38.631856223594617 ], [ 34.404212985506945, 38.551978244833549 ], [ 34.500613200297813, 38.386597893617093 ], [ 34.286926575447637, 38.136463976802467 ], [ 34.060697300224014, 38.061362992804938 ], [ 33.935107730565711, 38.118954812131328 ], [ 33.645685259506159, 38.09038363186896 ], [ 33.463230363515052, 37.990659410964788 ], [ 33.33316035982272, 38.058017930476161 ], [ 33.191662240199946, 38.288074020349761 ], [ 33.323685100137396, 38.661883693357055 ] ] ] } },
{ "type": "Feature", "properties": { "NUTS_ID": "TR713", "name": "Niğde" }, "geometry": { "type": "Polygon", "coordinates": [ [ [ 34.436517000199821, 37.331424192355506 ], [ 34.306465689761581, 37.506217405607813 ], [ 34.351941309039766, 37.748912884960347 ], [ 34.127676604262184, 37.940811247067579 ], [ 34.003505871331008, 37.974528076580462 ], [ 34.060697300224014, 38.061362992804938 ], [ 34.286926575447637, 38.136463976802467 ], [ 34.500613200297813, 38.386597893617093 ], [ 34.611160377440569, 38.302946453865935 ], [ 34.878123600751209, 38.366633293645378 ], [ 35.047381189869604, 38.191758741201348 ], [ 35.219284751558902, 38.129084749058947 ], [ 35.170874068336644, 37.813582349166147 ], [ 35.264924183242051, 37.758447987066475 ], [ 35.311107799255979, 37.717551393240143 ], [ 34.917042674834278, 37.670174646269331 ], [ 34.774791800156834, 37.420858692867782 ], [ 34.436517000199821, 37.331424192355506 ] ] ] } },
{ "type": "Feature", "properties": { "NUTS_ID": "TR714", "name": "Nevşehir" }, "geometry": { "type": "Polygon", "coordinates": [ [ [ 34.500613200297813, 38.386597893617093 ], [ 34.404212985506945, 38.551978244833549 ], [ 34.263022163819528, 38.631856223594617 ], [ 34.241214899576782, 38.832493893693567 ], [ 34.364567039633322, 38.876564662065448 ], [ 34.441948897295696, 38.977700177674883 ], [ 34.594402659273271, 39.038909050265637 ], [ 34.569261093976493, 39.11958942396334 ], [ 34.683455444047908, 39.269323103108583 ], [ 34.629494057859951, 39.325705463726521 ], [ 34.67149790047791, 39.383646394318966 ], [ 34.778790511228863, 39.315665193994164 ], [ 34.905148457540484, 39.324547210223258 ], [ 35.044061700521645, 39.033689993801033 ], [ 35.045781977894059, 38.977700176858377 ], [ 34.988551361223536, 38.808452437457881 ], [ 35.078544598317343, 38.727799043511943 ], [ 35.145348046906939, 38.499299287514141 ], [ 34.896575547544771, 38.429707685550731 ], [ 34.878123600751209, 38.366633293645378 ], [ 34.611160377440569, 38.302946453865935 ], [ 34.500613200297813, 38.386597893617093 ] ] ] } },
{ "type": "Feature", "properties": { "NUTS_ID": "TR715", "name": "Kırşehir" }, "geometry": { "type": "Polygon", "coordinates": [ [ [ 33.42178339971796, 39.39654049371822 ], [ 33.74037477997738, 39.49076744264665 ], [ 33.997006857480017, 39.740773200298065 ], [ 34.067407123280532, 39.787381458730231 ], [ 34.114437000024104, 39.792377694323363 ], [ 34.229666871030155, 39.740773200790684 ], [ 34.418202941362409, 39.672539962002666 ], [ 34.521485194281212, 39.463062034328935 ], [ 34.67149790047791, 39.383646394318966 ], [ 34.629494057859951, 39.325705463726521 ], [ 34.683455444047908, 39.269323103108583 ], [ 34.569261093976493, 39.11958942396334 ], [ 34.594402659273271, 39.038909050265637 ], [ 34.441948897295696, 38.977700177674883 ], [ 34.364567039633322, 38.876564662065448 ], [ 34.241214899576782, 38.832493893693567 ], [ 34.137191907479284, 38.844974235319043 ], [ 33.971235864693966, 38.977700176842042 ], [ 33.959573704544916, 39.033838534141054 ], [ 33.885227300097597, 39.0278781934921 ], [ 33.567631205789908, 39.208388788028799 ], [ 33.42178339971796, 39.39654049371822 ] ] ] } },
{ "type": "Feature", "properties": { "NUTS_ID": "TR721", "name": "Kayseri" }, "geometry": { "type": "Polygon", "coordinates": [ [ [ 35.311107799255979, 37.717551393240143 ], [ 35.264924183242051, 37.758447987066475 ], [ 35.170874068336644, 37.813582349166147 ], [ 35.219284751558902, 38.129084749058947 ], [ 35.047381189869604, 38.191758741201348 ], [ 34.878123600751209, 38.366633293645378 ], [ 34.896575547544771, 38.429707685550731 ], [ 35.145348046906939, 38.499299287514141 ], [ 35.078544598317343, 38.727799043511943 ], [ 34.988551361223536, 38.808452437457881 ], [ 35.045781977894059, 38.977700176858377 ], [ 35.044061700521645, 39.033689993801033 ], [ 35.264924184076314, 38.996566566096028 ], [ 35.416902477460198, 39.056583891064136 ], [ 35.474051140509914, 39.169367445165037 ], [ 35.856485000070357, 39.32232639331832 ], [ 36.085744738704626, 39.100515489357093 ], [ 36.473186054847659, 39.084471920362525 ], [ 36.708384980687384, 39.168568689897072 ], [ 36.846465266583195, 39.096249889617184 ], [ 36.926909997976921, 38.977700177520973 ], [ 36.753130205515788, 38.744491548944943 ], [ 36.780425600883433, 38.53708529302051 ], [ 36.538029202459263, 38.281328189429544 ], [ 36.40957840068355, 38.262879393569165 ], [ 36.346242309945765, 38.380156374242276 ], [ 36.207341500965086, 38.384316461829187 ], [ 36.024046933608311, 38.252175665304229 ], [ 35.952024194747871, 38.118937980310882 ], [ 35.599882701510438, 37.944880522324979 ], [ 35.588249464091618, 37.818046957716987 ], [ 35.497757339720046, 37.726884738317608 ], [ 35.311107799255979, 37.717551393240143 ] ] ] } },
{ "type": "Feature", "properties": { "NUTS_ID": "TR722", "name": "Sivas" }, "geometry": { "type": "MultiPolygon", "coordinates": [ [ [ [ 38.152512774196616, 40.37798764334083 ], [ 38.213839778727198, 40.222950232516766 ], [ 38.772239899584832, 40.067078994446128 ], [ 38.561794447763177, 39.951157218375144 ], [ 38.390517494372205, 39.938513273077596 ], [ 38.427830002763891, 39.823583124965815 ], [ 38.34297486149832, 39.687996664021888 ], [ 38.298751479146155, 39.511301478716547 ], [ 38.40165779305115, 39.402825164597786 ], [ 38.339838036529514, 39.340604913122988 ], [ 38.315334300690054, 39.146337193325159 ], [ 37.813874389005896, 39.080787194207794 ], [ 37.726258989409899, 38.992420851456366 ], [ 37.530323240447196, 39.009546590285844 ], [ 37.516574171414923, 38.773891541639514 ], [ 37.316865900209535, 38.578047493407617 ], [ 36.951830666961797, 38.586275957560161 ], [ 36.780425600883433, 38.53708529302051 ], [ 36.753130205515788, 38.744491548944943 ], [ 36.926909997976921, 38.977700177520973 ], [ 36.846465266583195, 39.096249889617184 ], [ 36.708384980687384, 39.168568689897072 ], [ 36.473186054847659, 39.084471920362525 ], [ 36.085744738704626, 39.100515489357093 ], [ 35.856485000070357, 39.32232639331832 ], [ 35.893543445861496, 39.477824943635881 ], [ 36.113863533956852, 39.559160445942737 ], [ 36.145340088527625, 39.669199178838511 ], [ 36.073158224989896, 39.786546989303709 ], [ 36.098928400551607, 39.866006594649896 ], [ 36.301116422495163, 39.966528430103189 ], [ 36.570645920277592, 39.981721576112484 ], [ 36.814503261915867, 40.196615057378722 ], [ 37.409114115642964, 40.191612534200978 ], [ 37.550351254770199, 40.29237484972932 ], [ 37.578134499699097, 40.390358094612012 ], [ 37.868439742062442, 40.361578227045364 ], [ 37.978659889466606, 40.486678367532456 ], [ 38.100070800020042, 40.520324194313616 ], [ 38.173289643535966, 40.4943571383305 ], [ 38.152512774196616, 40.37798764334083 ] ] ], [ [ [ 35.988035099807654, 39.923330294590116 ], [ 36.084508799273486, 39.862119594161477 ], [ 36.04432662826418, 39.865076498076988 ], [ 36.004463297722808, 39.886433329261401 ], [ 35.988035099807654, 39.923330294590116 ] ] ] ] } },
{ "type": "Feature", "properties": { "NUTS_ID": "TR723", "name": "Yozgat" }, "geometry": { "type": "Polygon", "coordinates": [ [ [ 35.044061700521645, 39.033689993801033 ], [ 34.905148457540484, 39.324547210223258 ], [ 34.778790511228863, 39.315665193994164 ], [ 34.67149790047791, 39.383646394318966 ], [ 34.521485194281212, 39.463062034328935 ], [ 34.418202941362409, 39.672539962002666 ], [ 34.229666871030155, 39.740773200790684 ], [ 34.114437000024104, 39.792377694323363 ], [ 34.087370426704553, 39.882940606557021 ], [ 34.207803699354898, 39.971997594294798 ], [ 35.121353424211662, 40.020391009519834 ], [ 35.180023866101259, 40.075418681782033 ], [ 35.157665455793754, 40.200177332796571 ], [ 35.264924183083359, 40.211155681408869 ], [ 35.339951900688014, 40.255078594345804 ], [ 35.445113099562406, 40.250806494605705 ], [ 35.565837934973665, 40.10946449554838 ], [ 35.934427417769115, 40.081112151855542 ], [ 35.988035099807654, 39.923330294590116 ], [ 36.004463297722808, 39.886433329261401 ], [ 36.04432662826418, 39.865076498076988 ], [ 36.084508799273486, 39.862119594161477 ], [ 36.098928400551607, 39.866006594649896 ], [ 36.073158224989896, 39.786546989303709 ], [ 36.145340088527625, 39.669199178838511 ], [ 36.113863533956852, 39.559160445942737 ], [ 35.893543445861496, 39.477824943635881 ], [ 35.856485000070357, 39.32232639331832 ], [ 35.474051140509914, 39.169367445165037 ], [ 35.416902477460198, 39.056583891064136 ], [ 35.264924184076314, 38.996566566096028 ], [ 35.044061700521645, 39.033689993801033 ] ] ] } },
{ "type": "Feature", "properties": { "NUTS_ID": "TR811", "name": "Zonguldak" }, "geometry": { "type": "Polygon", "coordinates": [ [ [ 32.095106000539246, 41.589559994888283 ], [ 32.219213997205635, 41.497969563673799 ], [ 32.284129900360703, 41.320336294936155 ], [ 31.98093280049936, 41.046331895107826 ], [ 31.8536455997784, 41.008299694442599 ], [ 31.35935461544603, 41.024963058518516 ], [ 31.292983099947914, 41.115762195209776 ], [ 31.293118355014851, 41.11596611053217 ], [ 31.431314134090183, 41.324316436050943 ], [ 31.890481832403061, 41.507794542140601 ], [ 32.095106000539246, 41.589559994888283 ] ] ] } },
{ "type": "Feature", "properties": { "NUTS_ID": "TR812", "name": "Karabük" }, "geometry": { "type": "Polygon", "coordinates": [ [ [ 33.093770000041516, 41.058528594404393 ], [ 32.591552900049798, 40.819448795025004 ], [ 32.362249385705262, 40.86880921122367 ], [ 32.36502844915514, 40.944814226881213 ], [ 32.273452787273044, 41.030461969079397 ], [ 31.98093280049936, 41.046331895107826 ], [ 32.284129900360703, 41.320336294936155 ], [ 32.630708341714517, 41.337990331570957 ], [ 32.681990102645671, 41.492746959836886 ], [ 32.874833299688561, 41.575563995258271 ], [ 33.045369409721637, 41.558086988055877 ], [ 33.124376198199528, 41.402411640767113 ], [ 33.076079815104222, 41.324316436508781 ], [ 32.937697745872654, 41.213519519929626 ], [ 33.093770000041516, 41.058528594404393 ] ] ] } },
{ "type": "Feature", "properties": { "NUTS_ID": "TR813", "name": "Bartın" }, "geometry": { "type": "Polygon", "coordinates": [ [ [ 32.757759300044796, 41.848597895473979 ], [ 32.918571480709048, 41.71068385770711 ], [ 32.874833299688561, 41.575563995258271 ], [ 32.681990102645671, 41.492746959836886 ], [ 32.630708341714517, 41.337990331570957 ], [ 32.284129900360703, 41.320336294936155 ], [ 32.219213997205635, 41.497969563673799 ], [ 32.095106000539246, 41.589559994888283 ], [ 32.417115204039717, 41.752808079552246 ], [ 32.521087627573117, 41.805518681853549 ], [ 32.69969165925896, 41.838028365491468 ], [ 32.757759300044796, 41.848597895473979 ] ] ] } },
{ "type": "Feature", "properties": { "NUTS_ID": "TR821", "name": "Kastamonu" }, "geometry": { "type": "Polygon", "coordinates": [ [ [ 34.228225999869814, 41.954658994677651 ], [ 34.301663022057838, 41.759038265070913 ], [ 34.538933967198957, 41.717510196011936 ], [ 34.595147012975175, 41.633384933656075 ], [ 34.459054403976978, 41.496620803546357 ], [ 34.483326400026357, 41.350921295059614 ], [ 34.254992086845533, 41.172599803285237 ], [ 34.315386996274874, 40.968316405977497 ], [ 34.078371700157035, 40.81333609450823 ], [ 33.824608674347807, 40.874687090944569 ], [ 33.784304924861388, 40.937467315944822 ], [ 33.811141232359113, 41.072729330474822 ], [ 33.466658240337715, 41.049189763552292 ], [ 33.375186023265869, 40.984852409218611 ], [ 33.093770000041516, 41.058528594404393 ], [ 32.937697745872654, 41.213519519929626 ], [ 33.076079815104222, 41.324316436508781 ], [ 33.124376198199528, 41.402411640767113 ], [ 33.045369409721637, 41.558086988055877 ], [ 32.874833299688561, 41.575563995258271 ], [ 32.918571480709048, 41.71068385770711 ], [ 32.757759300044796, 41.848597895473979 ], [ 33.346049766266994, 42.006481801031597 ], [ 33.357040146492849, 42.009431371203121 ], [ 34.153280880412964, 41.959370874177075 ], [ 34.228225999869814, 41.954658994677651 ] ] ] } },
{ "type": "Feature", "properties": { "NUTS_ID": "TR822", "name": "Çankırı" }, "geometry": { "type": "Polygon", "coordinates": [ [ [ 34.078371700157035, 40.81333609450823 ], [ 34.125292479294515, 40.530661715905964 ], [ 34.135469685789552, 40.364668439179304 ], [ 33.959427999699834, 40.250475694936014 ], [ 33.740789067274342, 40.324001911432141 ], [ 33.648236199982804, 40.294708194340785 ], [ 33.384088587731291, 40.386292843855806 ], [ 33.264120433950382, 40.344466954337022 ], [ 32.987185659507062, 40.530661716126666 ], [ 32.942915701194728, 40.530661715674533 ], [ 32.881276561601183, 40.530661716301772 ], [ 32.904466192390061, 40.585153402355665 ], [ 32.86273510453379, 40.644711122017625 ], [ 32.565278899961498, 40.742835194615012 ], [ 32.591552900049798, 40.819448795025004 ], [ 33.093770000041516, 41.058528594404393 ], [ 33.375186023265869, 40.984852409218611 ], [ 33.466658240337715, 41.049189763552292 ], [ 33.811141232359113, 41.072729330474822 ], [ 33.784304924861388, 40.937467315944822 ], [ 33.824608674347807, 40.874687090944569 ], [ 34.078371700157035, 40.81333609450823 ] ] ] } },
{ "type": "Feature", "properties": { "NUTS_ID": "TR823", "name": "Sinop" }, "geometry": { "type": "Polygon", "coordinates": [ [ [ 35.412108399629027, 41.684156995393934 ], [ 35.409704050467866, 41.679793899021789 ], [ 35.346739036892558, 41.565533318151232 ], [ 35.438725239212395, 41.36884507687644 ], [ 35.395727965319836, 41.288711786815689 ], [ 35.253338225585118, 41.255191997551535 ], [ 35.106704855022862, 41.342200804752835 ], [ 34.878664701049949, 41.256924394981191 ], [ 34.770569292865744, 41.235256911068952 ], [ 34.483326400026357, 41.350921295059614 ], [ 34.459054403976978, 41.496620803546357 ], [ 34.595147012975175, 41.633384933656075 ], [ 34.538933967198957, 41.717510196011936 ], [ 34.301663022057838, 41.759038265070913 ], [ 34.228225999869814, 41.954658994677651 ], [ 34.244840796896526, 41.954970199836147 ], [ 34.754484220299219, 41.964516110239614 ], [ 34.843388925288892, 41.999147610551908 ], [ 35.009484513203589, 42.063847668348345 ], [ 35.030906574641286, 42.072192312946598 ], [ 35.142027478799655, 42.028218969885629 ], [ 35.124680941781271, 41.909081369643978 ], [ 35.124132829065225, 41.905316874649664 ], [ 35.155523336105574, 41.867644640942267 ], [ 35.235813741007824, 41.771286881121569 ], [ 35.412108399629027, 41.684156995393934 ] ] ] } },
{ "type": "Feature", "properties": { "NUTS_ID": "TR831", "name": "Samsun" }, "geometry": { "type": "Polygon", "coordinates": [ [ [ 37.169871700360922, 41.147588694448444 ], [ 37.163919380341653, 41.145002141285289 ], [ 36.98960067692451, 41.069252748427061 ], [ 36.892026825869586, 40.948752592812752 ], [ 36.682410000143435, 40.886851994698453 ], [ 36.425057599981727, 40.865537795281853 ], [ 36.254728947102485, 40.977472821507178 ], [ 36.039754674799383, 40.835748649200802 ], [ 35.727078328467563, 40.867911965704018 ], [ 35.264924183009668, 41.035911684888106 ], [ 35.081430399144729, 41.075952295025914 ], [ 34.996909791921446, 41.095035885494895 ], [ 34.878664701049949, 41.256924394981191 ], [ 35.106704855022862, 41.342200804752835 ], [ 35.253338225585118, 41.255191997551535 ], [ 35.395727965319836, 41.288711786815689 ], [ 35.438725239212395, 41.36884507687644 ], [ 35.346739036892558, 41.565533318151232 ], [ 35.409704050467866, 41.679793899021789 ], [ 35.412108399629027, 41.684156995393934 ], [ 35.594047094078526, 41.649801300713207 ], [ 35.628330025313218, 41.643327615106386 ], [ 35.897780276374959, 41.702049230939927 ], [ 35.981905559050823, 41.72038275512876 ], [ 35.986372051369479, 41.71728871456385 ], [ 36.012136741336271, 41.6994409339231 ], [ 36.095381051767667, 41.641775722615243 ], [ 36.097889558814096, 41.635773429375945 ], [ 36.099383034225063, 41.632199880580444 ], [ 36.19151770039511, 41.411742372566898 ], [ 36.196008911059053, 41.400995916654949 ], [ 36.240319826997826, 41.376323528835535 ], [ 36.44104378852095, 41.264560109692738 ], [ 36.472300672490569, 41.247156226819087 ], [ 36.497043841445226, 41.263528086262042 ], [ 36.633423039762071, 41.353766368757185 ], [ 36.636592845525101, 41.353674822668403 ], [ 36.714637481950525, 41.351420824458721 ], [ 36.80850406071071, 41.34870987547481 ], [ 36.817321024613136, 41.343802745186871 ], [ 36.950715405536151, 41.269561356449756 ], [ 37.169871700360922, 41.147588694448444 ] ] ] } },
{ "type": "Feature", "properties": { "NUTS_ID": "TR832", "name": "Tokat" }, "geometry": { "type": "Polygon", "coordinates": [ [ [ 37.578134499699097, 40.390358094612012 ], [ 37.550351254770199, 40.29237484972932 ], [ 37.409114115642964, 40.191612534200978 ], [ 36.814503261915867, 40.196615057378722 ], [ 36.570645920277592, 39.981721576112484 ], [ 36.301116422495163, 39.966528430103189 ], [ 36.098928400551607, 39.866006594649896 ], [ 36.084508799273486, 39.862119594161477 ], [ 35.988035099807654, 39.923330294590116 ], [ 35.934427417769115, 40.081112151855542 ], [ 35.565837934973665, 40.10946449554838 ], [ 35.445113099562406, 40.250806494605705 ], [ 35.879082232555234, 40.466925989068947 ], [ 36.222782039721515, 40.509518924704622 ], [ 36.43418592990367, 40.762722490571285 ], [ 36.425057599981727, 40.865537795281853 ], [ 36.682410000143435, 40.886851994698453 ], [ 36.850875525361417, 40.735596537572832 ], [ 37.14337724504086, 40.713572431473864 ], [ 37.53188629027526, 40.531047307256671 ], [ 37.578134499699097, 40.390358094612012 ] ] ] } },
{ "type": "Feature", "properties": { "NUTS_ID": "TR833", "name": "Çorum" }, "geometry": { "type": "Polygon", "coordinates": [ [ [ 35.081430399144729, 41.075952295025914 ], [ 34.999557635207601, 40.776288505152557 ], [ 35.264924183995028, 40.702924255324533 ], [ 35.508321078439508, 40.555905213349781 ], [ 35.356154785190292, 40.377987642429311 ], [ 35.387840147941169, 40.317728325860102 ], [ 35.339951900688014, 40.255078594345804 ], [ 35.264924183083359, 40.211155681408869 ], [ 35.157665455793754, 40.200177332796571 ], [ 35.180023866101259, 40.075418681782033 ], [ 35.121353424211662, 40.020391009519834 ], [ 34.207803699354898, 39.971997594294798 ], [ 33.959427999699834, 40.250475694936014 ], [ 34.135469685789552, 40.364668439179304 ], [ 34.125292479294515, 40.530661715905964 ], [ 34.078371700157035, 40.81333609450823 ], [ 34.315386996274874, 40.968316405977497 ], [ 34.254992086845533, 41.172599803285237 ], [ 34.483326400026357, 41.350921295059614 ], [ 34.770569292865744, 41.235256911068952 ], [ 34.878664701049949, 41.256924394981191 ], [ 34.996909791921446, 41.095035885494895 ], [ 35.081430399144729, 41.075952295025914 ] ] ] } },
{ "type": "Feature", "properties": { "NUTS_ID": "TR834", "name": "Amasya" }, "geometry": { "type": "Polygon", "coordinates": [ [ [ 36.425057599981727, 40.865537795281853 ], [ 36.43418592990367, 40.762722490571285 ], [ 36.222782039721515, 40.509518924704622 ], [ 35.879082232555234, 40.466925989068947 ], [ 35.445113099562406, 40.250806494605705 ], [ 35.339951900688014, 40.255078594345804 ], [ 35.387840147941169, 40.317728325860102 ], [ 35.356154785190292, 40.377987642429311 ], [ 35.508321078439508, 40.555905213349781 ], [ 35.264924183995028, 40.702924255324533 ], [ 34.999557635207601, 40.776288505152557 ], [ 35.081430399144729, 41.075952295025914 ], [ 35.264924183009668, 41.035911684888106 ], [ 35.727078328467563, 40.867911965704018 ], [ 36.039754674799383, 40.835748649200802 ], [ 36.254728947102485, 40.977472821507178 ], [ 36.425057599981727, 40.865537795281853 ] ] ] } },
{ "type": "Feature", "properties": { "NUTS_ID": "TR901", "name": "Trabzon" }, "geometry": { "type": "Polygon", "coordinates": [ [ [ 40.329799100485012, 40.988393694944726 ], [ 40.329903136236879, 40.988294988569002 ], [ 40.451900355601516, 40.872547906766819 ], [ 40.476246400558423, 40.528454994668436 ], [ 40.103325500183239, 40.541464795271416 ], [ 40.035299674261729, 40.610850916584518 ], [ 39.900556750428429, 40.606072327890026 ], [ 39.822838746491108, 40.715766647147305 ], [ 39.552663319602026, 40.617513166148008 ], [ 39.137371899852816, 40.77636449509928 ], [ 39.177140515613345, 41.038303237264529 ], [ 39.215137062638043, 41.069252748715648 ], [ 39.344636078770542, 41.069252748498911 ], [ 39.387795124804448, 41.089506607519311 ], [ 39.421552706009905, 41.10534850771181 ], [ 39.484191793738432, 41.091547197527021 ], [ 39.4962251418048, 41.082791427845969 ], [ 39.5148318060535, 41.069252748279794 ], [ 39.795404089585382, 41.006716210609191 ], [ 40.016683960576771, 40.957395312079306 ], [ 40.144216585673838, 40.923439806369828 ], [ 40.328287714987702, 40.987883526639109 ], [ 40.329021558390707, 40.988070442613839 ], [ 40.329799100485012, 40.988393694944726 ] ] ] } },
{ "type": "Feature", "properties": { "NUTS_ID": "TR902", "name": "Ordu" }, "geometry": { "type": "Polygon", "coordinates": [ [ [ 38.11604279999213, 40.957979594898028 ], [ 38.115955196166411, 40.957834532414374 ], [ 37.973023154386304, 40.721155143565547 ], [ 38.100070800020042, 40.520324194313616 ], [ 37.978659889466606, 40.486678367532456 ], [ 37.868439742062442, 40.361578227045364 ], [ 37.578134499699097, 40.390358094612012 ], [ 37.53188629027526, 40.531047307256671 ], [ 37.14337724504086, 40.713572431473864 ], [ 36.850875525361417, 40.735596537572832 ], [ 36.682410000143435, 40.886851994698453 ], [ 36.892026825869586, 40.948752592812752 ], [ 36.98960067692451, 41.069252748427061 ], [ 37.163919380341653, 41.145002141285289 ], [ 37.169871700360922, 41.147588694448444 ], [ 37.491444325079918, 41.070897924248797 ], [ 37.736314773841841, 41.110000007369329 ], [ 37.742258998937999, 41.105828191552064 ], [ 37.794164509787194, 41.069399512094733 ], [ 37.901019559431099, 40.994405774621043 ], [ 38.11604279999213, 40.957979594898028 ] ] ] } },
{ "type": "Feature", "properties": { "NUTS_ID": "TR903", "name": "Giresun" }, "geometry": { "type": "Polygon", "coordinates": [ [ [ 39.215137062638043, 41.069252748715648 ], [ 39.177140515613345, 41.038303237264529 ], [ 39.137371899852816, 40.77636449509928 ], [ 39.016416972983514, 40.790960031620976 ], [ 38.938447666038194, 40.61950559763509 ], [ 38.788449185897385, 40.544386525804896 ], [ 39.046701128536746, 40.386622051771802 ], [ 38.907949294258927, 40.198759901152755 ], [ 38.953936600343305, 40.058893094381162 ], [ 38.772239899584832, 40.067078994446128 ], [ 38.213839778727198, 40.222950232516766 ], [ 38.152512774196616, 40.37798764334083 ], [ 38.173289643535966, 40.4943571383305 ], [ 38.100070800020042, 40.520324194313616 ], [ 37.973023154386304, 40.721155143565547 ], [ 38.115955196166411, 40.957834532414374 ], [ 38.11604279999213, 40.957979594898028 ], [ 38.152074215613702, 40.953693889772865 ], [ 38.467882081324788, 40.916130579560679 ], [ 38.471625623300959, 40.917060885031638 ], [ 38.853624018196221, 41.011991090794709 ], [ 39.162983475270813, 41.074886246127555 ], [ 39.176413016779129, 41.07343562101029 ], [ 39.215137062638043, 41.069252748715648 ] ] ] } },
{ "type": "Feature", "properties": { "NUTS_ID": "TR904", "name": "Rize" }, "geometry": { "type": "Polygon", "coordinates": [ [ [ 41.244423412046231, 41.326622680632816 ], [ 41.246210800002899, 41.323529194363886 ], [ 41.362735785211406, 41.134941751608935 ], [ 41.278249803845085, 40.99440106283302 ], [ 41.129331499758912, 40.825677894589106 ], [ 40.885366098640532, 40.717258831855005 ], [ 40.833313926832233, 40.588899421788767 ], [ 40.57388650004409, 40.555455095379074 ], [ 40.476246400558423, 40.528454994668436 ], [ 40.451900355601516, 40.872547906766819 ], [ 40.329903136236879, 40.988294988569002 ], [ 40.329799100485012, 40.988393694944726 ], [ 40.449230597281662, 41.018688767918128 ], [ 40.679128354284167, 41.077245799022087 ], [ 40.790677579211945, 41.125691527326232 ], [ 41.244423412046231, 41.326622680632816 ] ] ] } },
{ "type": "Feature", "properties": { "NUTS_ID": "TR905", "name": "Artvin" }, "geometry": { "type": "Polygon", "coordinates": [ [ [ 41.547134447240545, 41.520382071177437 ], [ 41.615185887624833, 41.502247885471398 ], [ 41.935510699191902, 41.500693385136849 ], [ 42.16160909880999, 41.499596154757036 ], [ 42.520234000411541, 41.436705995495245 ], [ 42.573825094344691, 41.286324179156168 ], [ 42.376490953454308, 41.079596343044379 ], [ 42.376126246389148, 40.99440106298271 ], [ 42.338856300059803, 40.932053595456203 ], [ 42.022827656396856, 40.978154651053089 ], [ 41.893329265488362, 40.925756795217012 ], [ 41.78338360529817, 40.693366991861218 ], [ 41.604738625570363, 40.693656632159453 ], [ 41.363217538105928, 40.575562075193467 ], [ 41.304665285797419, 40.644859368913274 ], [ 41.348578430662272, 40.729722226655518 ], [ 41.129331499758912, 40.825677894589106 ], [ 41.278249803845085, 40.99440106283302 ], [ 41.362735785211406, 41.134941751608935 ], [ 41.246210800002899, 41.323529194363886 ], [ 41.244423412046231, 41.326622680632816 ], [ 41.251899950705031, 41.329933497887467 ], [ 41.547134447240545, 41.520382071177437 ] ] ] } },
{ "type": "Feature", "properties": { "NUTS_ID": "TR906", "name": "Gümüşhane" }, "geometry": { "type": "Polygon", "coordinates": [ [ [ 40.103325500183239, 40.541464795271416 ], [ 40.016683959887423, 40.496883767427477 ], [ 39.920096263925686, 40.464945933837562 ], [ 39.853827010686111, 40.377987643068181 ], [ 39.83492767386177, 40.208064364460895 ], [ 39.668791851217087, 40.088049456393669 ], [ 39.797840499539156, 39.927154294935747 ], [ 39.399453814963366, 39.872456929859027 ], [ 38.953936600343305, 40.058893094381162 ], [ 38.907949294258927, 40.198759901152755 ], [ 39.046701128536746, 40.386622051771802 ], [ 38.788449185897385, 40.544386525804896 ], [ 38.938447666038194, 40.61950559763509 ], [ 39.016416972983514, 40.790960031620976 ], [ 39.137371899852816, 40.77636449509928 ], [ 39.552663319602026, 40.617513166148008 ], [ 39.822838746491108, 40.715766647147305 ], [ 39.900556750428429, 40.606072327890026 ], [ 40.035299674261729, 40.610850916584518 ], [ 40.103325500183239, 40.541464795271416 ] ] ] } },
{ "type": "Feature", "properties": { "NUTS_ID": "TRA11", "name": "Erzurum" }, "geometry": { "type": "Polygon", "coordinates": [ [ [ 42.338856300059803, 40.932053595456203 ], [ 42.367337230276334, 40.810689842514996 ], [ 42.571560116638246, 40.756194882545238 ], [ 42.60237650005849, 40.629166694552914 ], [ 42.416538202436172, 40.398846604346097 ], [ 42.137570434570392, 40.293864937095037 ], [ 42.368056378365054, 40.150410321034826 ], [ 42.556682200550945, 39.934635894774296 ], [ 42.298137768504326, 39.841784526803806 ], [ 42.498682459527664, 39.656253072492177 ], [ 42.419589700166924, 39.534664194032722 ], [ 42.221590494518971, 39.427812689877527 ], [ 42.176519676581115, 39.307768919608691 ], [ 41.743609531442232, 39.168593654024789 ], [ 41.635193249635073, 39.169492173259385 ], [ 41.584710599895701, 39.265166866843735 ], [ 41.426955177099039, 39.344137874087096 ], [ 41.167556799903878, 39.37249039447039 ], [ 40.989691340186319, 39.464754310433115 ], [ 40.665118539334898, 39.423885195743985 ], [ 40.596312022127734, 39.45933605284764 ], [ 40.634004799495735, 39.527560994086159 ], [ 40.682054004103215, 39.55943825447806 ], [ 40.639852190344946, 39.679912449323943 ], [ 40.498515163138265, 39.88382539930155 ], [ 40.274684309617541, 39.947355874535447 ], [ 40.295259300794946, 40.032279794617708 ], [ 40.444306089963817, 40.007799465391763 ], [ 40.650495439761698, 40.136931175707907 ], [ 40.507627888265212, 40.300242233082727 ], [ 40.584462579189207, 40.377987643010258 ], [ 40.57388650004409, 40.555455095379074 ], [ 40.833313926832233, 40.588899421788767 ], [ 40.885366098640532, 40.717258831855005 ], [ 41.129331499758912, 40.825677894589106 ], [ 41.348578430662272, 40.729722226655518 ], [ 41.304665285797419, 40.644859368913274 ], [ 41.363217538105928, 40.575562075193467 ], [ 41.604738625570363, 40.693656632159453 ], [ 41.78338360529817, 40.693366991861218 ], [ 41.893329265488362, 40.925756795217012 ], [ 42.022827656396856, 40.978154651053089 ], [ 42.338856300059803, 40.932053595456203 ] ] ] } },
{ "type": "Feature", "properties": { "NUTS_ID": "TRA12", "name": "Erzincan" }, "geometry": { "type": "Polygon", "coordinates": [ [ [ 38.953936600343305, 40.058893094381162 ], [ 39.399453814963366, 39.872456929859027 ], [ 39.797840499539156, 39.927154294935747 ], [ 40.016683959948992, 40.06994306075233 ], [ 40.295259300794946, 40.032279794617708 ], [ 40.274684309617541, 39.947355874535447 ], [ 40.498515163138265, 39.88382539930155 ], [ 40.639852190344946, 39.679912449323943 ], [ 40.682054004103215, 39.55943825447806 ], [ 40.634004799495735, 39.527560994086159 ], [ 40.403829400132715, 39.565020693967796 ], [ 40.016683960492621, 39.566650027869038 ], [ 39.825983833040503, 39.602127820320888 ], [ 39.775235863941617, 39.522048538085095 ], [ 39.602741537613106, 39.455909584508014 ], [ 39.475430395590664, 39.501899639033056 ], [ 39.102062148947759, 39.453667030743894 ], [ 38.990284758392058, 39.344307218541687 ], [ 38.824211015945529, 39.2939526402075 ], [ 38.874181437532187, 39.244397531326754 ], [ 38.755114551611818, 39.166539604393471 ], [ 38.765599999750123, 39.012399993991792 ], [ 38.678024199347561, 39.04203669371946 ], [ 38.315334300690054, 39.146337193325159 ], [ 38.339838036529514, 39.340604913122988 ], [ 38.40165779305115, 39.402825164597786 ], [ 38.298751479146155, 39.511301478716547 ], [ 38.34297486149832, 39.687996664021888 ], [ 38.427830002763891, 39.823583124965815 ], [ 38.390517494372205, 39.938513273077596 ], [ 38.561794447763177, 39.951157218375144 ], [ 38.772239899584832, 40.067078994446128 ], [ 38.953936600343305, 40.058893094381162 ] ] ] } },
{ "type": "Feature", "properties": { "NUTS_ID": "TRA13", "name": "Bayburt" }, "geometry": { "type": "Polygon", "coordinates": [ [ [ 40.57388650004409, 40.555455095379074 ], [ 40.584462579189207, 40.377987643010258 ], [ 40.507627888265212, 40.300242233082727 ], [ 40.650495439761698, 40.136931175707907 ], [ 40.444306089963817, 40.007799465391763 ], [ 40.295259300794946, 40.032279794617708 ], [ 40.016683959948992, 40.06994306075233 ], [ 39.797840499539156, 39.927154294935747 ], [ 39.668791851217087, 40.088049456393669 ], [ 39.83492767386177, 40.208064364460895 ], [ 39.853827010686111, 40.377987643068181 ], [ 39.920096263925686, 40.464945933837562 ], [ 40.016683959887423, 40.496883767427477 ], [ 40.103325500183239, 40.541464795271416 ], [ 40.476246400558423, 40.528454994668436 ], [ 40.57388650004409, 40.555455095379074 ] ] ] } },
{ "type": "Feature", "properties": { "NUTS_ID": "TRA21", "name": "Ağrı" }, "geometry": { "type": "Polygon", "coordinates": [ [ [ 44.037700899714658, 39.361264294487569 ], [ 43.688604599153919, 39.202872413331278 ], [ 43.452584618771375, 39.344579153613381 ], [ 43.278411591689704, 39.352174077754675 ], [ 43.00076830048463, 39.018821793689021 ], [ 42.873798262773128, 38.936735811192115 ], [ 42.694639799379182, 38.957624593732262 ], [ 42.670314030004505, 39.224832828598757 ], [ 42.419589700166924, 39.534664194032722 ], [ 42.498682459527664, 39.656253072492177 ], [ 42.298137768504326, 39.841784526803806 ], [ 42.556682200550945, 39.934635894774296 ], [ 43.284272299513738, 40.002300794430624 ], [ 43.361783637055169, 39.97123446719754 ], [ 43.444730660412048, 39.791261695283211 ], [ 43.544968804693042, 39.825130627065413 ], [ 44.467197399873335, 39.684101893680804 ], [ 44.416302667043922, 39.475018701867569 ], [ 44.401380852835352, 39.413717652868002 ], [ 44.29211417902232, 39.41125244699991 ], [ 44.101320179248319, 39.406947871208935 ], [ 44.037700899714658, 39.361264294487569 ] ] ] } },
{ "type": "Feature", "properties": { "NUTS_ID": "TRA22", "name": "Kars" }, "geometry": { "type": "Polygon", "coordinates": [ [ [ 42.556682200550945, 39.934635894774296 ], [ 42.368056378365054, 40.150410321034826 ], [ 42.137570434570392, 40.293864937095037 ], [ 42.416538202436172, 40.398846604346097 ], [ 42.60237650005849, 40.629166694552914 ], [ 42.829299314451092, 40.729061282013824 ], [ 42.894556414996813, 40.855611071169712 ], [ 43.028494399071953, 40.949497223312463 ], [ 43.219570275064946, 40.994401062641941 ], [ 43.355825401283042, 41.080093087666 ], [ 43.468256599844338, 41.033277495146471 ], [ 43.557882967402278, 40.994401062345744 ], [ 43.656627404298625, 40.928930566745272 ], [ 43.661574324242842, 40.925650611695232 ], [ 43.67399389148477, 40.892560378133403 ], [ 43.7331143018448, 40.735042149263485 ], [ 43.74148222624612, 40.712746962135384 ], [ 43.669314717813869, 40.609842135048609 ], [ 43.571990923465165, 40.471066548256722 ], [ 43.60591358073102, 40.377987642515976 ], [ 43.684182342454108, 40.219854402501859 ], [ 43.69679585144074, 40.194370225848068 ], [ 43.693680370730441, 40.190277500020805 ], [ 43.64873679957639, 40.131236293886829 ], [ 43.395713272803633, 40.11562123958894 ], [ 43.284272299513738, 40.002300794430624 ], [ 42.556682200550945, 39.934635894774296 ] ] ] } },
{ "type": "Feature", "properties": { "NUTS_ID": "TRA23", "name": "Iğdır" }, "geometry": { "type": "Polygon", "coordinates": [ [ [ 44.467197399873335, 39.684101893680804 ], [ 43.544968804693042, 39.825130627065413 ], [ 43.444730660412048, 39.791261695283211 ], [ 43.361783637055169, 39.97123446719754 ], [ 43.284272299513738, 40.002300794430624 ], [ 43.395713272803633, 40.11562123958894 ], [ 43.64873679957639, 40.131236293886829 ], [ 43.913554001308221, 40.022881402342193 ], [ 43.918213849945047, 40.023167501876671 ], [ 44.257959172151772, 40.044026754042463 ], [ 44.324025174493478, 40.023369662097728 ], [ 44.344675935233241, 40.016912715309346 ], [ 44.392940917577789, 40.001821531658386 ], [ 44.582254603628598, 39.845405375710698 ], [ 44.763730662511911, 39.714398342948435 ], [ 44.780031909423641, 39.681996343973218 ], [ 44.796395485185791, 39.668476309238827 ], [ 44.783671147223018, 39.674762629899107 ], [ 44.744975486741126, 39.693879798547677 ], [ 44.603812207373771, 39.763619976101985 ], [ 44.496480506701609, 39.701146433590985 ], [ 44.467197399873335, 39.684101893680804 ] ] ] } },
{ "type": "Feature", "properties": { "NUTS_ID": "TRA24", "name": "Ardahan" }, "geometry": { "type": "Polygon", "coordinates": [ [ [ 43.434196517173838, 41.158651408266778 ], [ 43.468256599844338, 41.033277495146471 ], [ 43.355825401283042, 41.080093087666 ], [ 43.219570275064946, 40.994401062641941 ], [ 43.028494399071953, 40.949497223312463 ], [ 42.894556414996813, 40.855611071169712 ], [ 42.829299314451092, 40.729061282013824 ], [ 42.60237650005849, 40.629166694552914 ], [ 42.571560116638246, 40.756194882545238 ], [ 42.367337230276334, 40.810689842514996 ], [ 42.338856300059803, 40.932053595456203 ], [ 42.376126246389148, 40.99440106298271 ], [ 42.376490953454308, 41.079596343044379 ], [ 42.573825094344691, 41.286324179156168 ], [ 42.520234000411541, 41.436705995495245 ], [ 42.588694670206159, 41.538916800912936 ], [ 42.611938704376293, 41.573619811378542 ], [ 42.614138569171359, 41.573744698376338 ], [ 42.790674529308582, 41.583766693375296 ], [ 42.811041467067291, 41.584922929868661 ], [ 42.825762744424054, 41.509698214796835 ], [ 42.826402290562953, 41.506430178574462 ], [ 42.827643783262324, 41.50572748934993 ], [ 43.189307181261142, 41.301024851170872 ], [ 43.233160027749911, 41.200535708629495 ], [ 43.237951487429775, 41.189556043431608 ], [ 43.416186804735382, 41.17468360643435 ], [ 43.430157785052636, 41.173517830629606 ], [ 43.434196517173838, 41.158651408266778 ] ] ] } },
{ "type": "Feature", "properties": { "NUTS_ID": "TRB11", "name": "Malatya" }, "geometry": { "type": "Polygon", "coordinates": [ [ [ 37.316865900209535, 38.578047493407617 ], [ 37.516574171414923, 38.773891541639514 ], [ 37.530323240447196, 39.009546590285844 ], [ 37.726258989409899, 38.992420851456366 ], [ 37.813874389005896, 39.080787194207794 ], [ 38.315334300690054, 39.146337193325159 ], [ 38.678024199347561, 39.04203669371946 ], [ 38.59992601519096, 38.97770017701415 ], [ 38.637319363238596, 38.796846615849795 ], [ 38.476441300139598, 38.729899437764708 ], [ 38.374276358903138, 38.621823064121472 ], [ 38.37992929086181, 38.543158404542886 ], [ 39.151425199604944, 38.299252193674228 ], [ 39.126717800388903, 38.186737092837561 ], [ 39.016021768590079, 38.081466559475331 ], [ 38.802570885218763, 38.017929948570078 ], [ 38.487973050830391, 38.155839921196765 ], [ 38.360690875255315, 38.105636165625363 ], [ 38.244031770362831, 38.160183541298871 ], [ 38.144883227019029, 38.089511193087134 ], [ 38.146926017311991, 37.979402008319603 ], [ 38.051891925333202, 37.904447690297275 ], [ 37.615754499006833, 37.94416629276779 ], [ 37.596032786513703, 38.042672133256389 ], [ 37.716188016468863, 38.132173413018137 ], [ 37.734409898592112, 38.222564095514606 ], [ 37.637899798157285, 38.318336327196938 ], [ 37.29910196257412, 38.457565136190695 ], [ 37.316865900209535, 38.578047493407617 ] ] ] } },
{ "type": "Feature", "properties": { "NUTS_ID": "TRB12", "name": "Elazığ" }, "geometry": { "type": "Polygon", "coordinates": [ [ [ 38.678024199347561, 39.04203669371946 ], [ 38.765599999750123, 39.012399993991792 ], [ 38.791657595964423, 38.977700177033718 ], [ 38.775755810708191, 38.890740363921289 ], [ 39.18655775561502, 38.870464158140116 ], [ 39.459241058998195, 38.772105078444469 ], [ 39.79782920247623, 38.836548064565974 ], [ 39.88495963420452, 38.977700176706492 ], [ 39.934552700226867, 39.10099719401736 ], [ 40.240082968650604, 39.142830679455166 ], [ 40.217870029352653, 38.911644082477757 ], [ 40.312159424589346, 38.786355501693784 ], [ 40.183406867750556, 38.621610825325732 ], [ 40.293559600301805, 38.476700693399785 ], [ 40.104564901654761, 38.463753810147047 ], [ 39.543040383618127, 38.258223810739217 ], [ 39.314975698086656, 38.337963451603827 ], [ 39.151425199604944, 38.299252193674228 ], [ 38.37992929086181, 38.543158404542886 ], [ 38.374276358903138, 38.621823064121472 ], [ 38.476441300139598, 38.729899437764708 ], [ 38.637319363238596, 38.796846615849795 ], [ 38.59992601519096, 38.97770017701415 ], [ 38.678024199347561, 39.04203669371946 ] ] ] } },
{ "type": "Feature", "properties": { "NUTS_ID": "TRB13", "name": "Bingöl" }, "geometry": { "type": "Polygon", "coordinates": [ [ [ 41.167556799903878, 39.37249039447039 ], [ 41.142793632091255, 39.24381458112947 ], [ 41.247362218821259, 39.086877800261171 ], [ 41.17712425971893, 38.97770017766085 ], [ 41.116092034747162, 38.867801941716593 ], [ 41.139181499751331, 38.714584093439768 ], [ 40.826148824526172, 38.578418200772617 ], [ 40.473303534947028, 38.603428111705675 ], [ 40.293559600301805, 38.476700693399785 ], [ 40.183406867750556, 38.621610825325732 ], [ 40.312159424589346, 38.786355501693784 ], [ 40.217870029352653, 38.911644082477757 ], [ 40.240082968650604, 39.142830679455166 ], [ 39.934552700226867, 39.10099719401736 ], [ 39.952774442307252, 39.185024377521799 ], [ 40.01668396058863, 39.255265849555606 ], [ 40.237895647979428, 39.381006062345058 ], [ 40.403829400132715, 39.565020693967796 ], [ 40.634004799495735, 39.527560994086159 ], [ 40.596312022127734, 39.45933605284764 ], [ 40.665118539334898, 39.423885195743985 ], [ 40.989691340186319, 39.464754310433115 ], [ 41.167556799903878, 39.37249039447039 ] ] ] } },
{ "type": "Feature", "properties": { "NUTS_ID": "TRB14", "name": "Tunceli" }, "geometry": { "type": "Polygon", "coordinates": [ [ [ 40.403829400132715, 39.565020693967796 ], [ 40.237895647979428, 39.381006062345058 ], [ 40.01668396058863, 39.255265849555606 ], [ 39.952774442307252, 39.185024377521799 ], [ 39.934552700226867, 39.10099719401736 ], [ 39.88495963420452, 38.977700176706492 ], [ 39.79782920247623, 38.836548064565974 ], [ 39.459241058998195, 38.772105078444469 ], [ 39.18655775561502, 38.870464158140116 ], [ 38.775755810708191, 38.890740363921289 ], [ 38.791657595964423, 38.977700177033718 ], [ 38.765599999750123, 39.012399993991792 ], [ 38.755114551611818, 39.166539604393471 ], [ 38.874181437532187, 39.244397531326754 ], [ 38.824211015945529, 39.2939526402075 ], [ 38.990284758392058, 39.344307218541687 ], [ 39.102062148947759, 39.453667030743894 ], [ 39.475430395590664, 39.501899639033056 ], [ 39.602741537613106, 39.455909584508014 ], [ 39.775235863941617, 39.522048538085095 ], [ 39.825983833040503, 39.602127820320888 ], [ 40.016683960492621, 39.566650027869038 ], [ 40.403829400132715, 39.565020693967796 ] ] ] } },
{ "type": "Feature", "properties": { "NUTS_ID": "TRB21", "name": "Van" }, "geometry": { "type": "Polygon", "coordinates": [ [ [ 44.421571199595746, 37.80437079291999 ], [ 44.160447801199801, 37.726335231220567 ], [ 44.025254581955217, 37.797678160072174 ], [ 43.499191399979324, 37.741787092552883 ], [ 42.88452180050907, 37.766890292528373 ], [ 42.683963500552224, 38.030354892758929 ], [ 42.702861963134744, 38.290781148592792 ], [ 42.793809368446631, 38.482922455076064 ], [ 43.150344943806125, 38.841856581908296 ], [ 43.00076830048463, 39.018821793689021 ], [ 43.278411591689704, 39.352174077754675 ], [ 43.452584618771375, 39.344579153613381 ], [ 43.688604599153919, 39.202872413331278 ], [ 44.037700899714658, 39.361264294487569 ], [ 44.196200491358411, 39.132181022922872 ], [ 44.203825640162449, 39.121160210348606 ], [ 44.187488015521666, 38.977700176866314 ], [ 44.233310966772692, 38.905273920955075 ], [ 44.28968975311313, 38.816163455136973 ], [ 44.294037541058287, 38.809291484682362 ], [ 44.290972218621704, 38.797796956986673 ], [ 44.265046280509608, 38.700578335676639 ], [ 44.315702506859701, 38.443628428567408 ], [ 44.321833708288558, 38.41252836644933 ], [ 44.325585118269736, 38.39349962190898 ], [ 44.419985029008132, 38.362205463078027 ], [ 44.492700249379318, 38.338099912882981 ], [ 44.404110868077602, 38.205561293555242 ], [ 44.275286554349314, 37.983745485195776 ], [ 44.235353861645308, 37.914987481171984 ], [ 44.421571199595746, 37.80437079291999 ] ] ] } },
{ "type": "Feature", "properties": { "NUTS_ID": "TRB22", "name": "Muş" }, "geometry": { "type": "Polygon", "coordinates": [ [ [ 42.694639799379182, 38.957624593732262 ], [ 42.38086607438499, 38.927979944069193 ], [ 42.152735099610751, 38.856637982799242 ], [ 42.090638432346459, 38.718701099125333 ], [ 41.904818906890611, 38.577723584519568 ], [ 41.647719071174137, 38.613606910560556 ], [ 41.487179999892433, 38.542119993226812 ], [ 41.366581299909562, 38.483290093443514 ], [ 41.139181499751331, 38.714584093439768 ], [ 41.116092034747162, 38.867801941716593 ], [ 41.17712425971893, 38.97770017766085 ], [ 41.247362218821259, 39.086877800261171 ], [ 41.142793632091255, 39.24381458112947 ], [ 41.167556799903878, 39.37249039447039 ], [ 41.426955177099039, 39.344137874087096 ], [ 41.584710599895701, 39.265166866843735 ], [ 41.635193249635073, 39.169492173259385 ], [ 41.743609531442232, 39.168593654024789 ], [ 42.176519676581115, 39.307768919608691 ], [ 42.221590494518971, 39.427812689877527 ], [ 42.419589700166924, 39.534664194032722 ], [ 42.670314030004505, 39.224832828598757 ], [ 42.694639799379182, 38.957624593732262 ] ] ] } },
{ "type": "Feature", "properties": { "NUTS_ID": "TRB23", "name": "Bitlis" }, "geometry": { "type": "Polygon", "coordinates": [ [ [ 42.683963500552224, 38.030354892758929 ], [ 42.516694896806314, 38.003709570392211 ], [ 42.215175216085932, 38.220959082615664 ], [ 41.954786841389257, 38.17058561509343 ], [ 41.646979999718049, 38.260659993357315 ], [ 41.6169348960197, 38.493488436617326 ], [ 41.487179999892433, 38.542119993226812 ], [ 41.647719071174137, 38.613606910560556 ], [ 41.904818906890611, 38.577723584519568 ], [ 42.090638432346459, 38.718701099125333 ], [ 42.152735099610751, 38.856637982799242 ], [ 42.38086607438499, 38.927979944069193 ], [ 42.694639799379182, 38.957624593732262 ], [ 42.873798262773128, 38.936735811192115 ], [ 43.00076830048463, 39.018821793689021 ], [ 43.150344943806125, 38.841856581908296 ], [ 42.793809368446631, 38.482922455076064 ], [ 42.702861963134744, 38.290781148592792 ], [ 42.683963500552224, 38.030354892758929 ] ] ] } },
{ "type": "Feature", "properties": { "NUTS_ID": "TRB24", "name": "Hakkari" }, "geometry": { "type": "Polygon", "coordinates": [ [ [ 43.331350799509117, 37.327084292890142 ], [ 43.334823432998064, 37.419440888577896 ], [ 43.330730141301764, 37.526021611739502 ], [ 43.45025343153528, 37.606414545644114 ], [ 43.499191399979324, 37.741787092552883 ], [ 44.025254581955217, 37.797678160072174 ], [ 44.160447801199801, 37.726335231220567 ], [ 44.421571199595746, 37.80437079291999 ], [ 44.533361017030288, 37.756677032997075 ], [ 44.608539333759495, 37.72460312134244 ], [ 44.632484115831602, 37.446300012456611 ], [ 44.79866909749088, 37.307688297074016 ], [ 44.783723257273046, 37.154146672554177 ], [ 44.64522378466242, 37.158100146587998 ], [ 44.58098871251488, 37.146560864187073 ], [ 44.557851018386046, 37.14240437466281 ], [ 44.498376858698471, 37.107674897220988 ], [ 44.286862708407725, 36.984162835732732 ], [ 44.208820205381862, 37.070337047261084 ], [ 44.216036010053685, 37.14240437477519 ], [ 44.226566002958485, 37.166505256418702 ], [ 44.257274631000257, 37.236790683156777 ], [ 44.108242683090808, 37.320265379373986 ], [ 44.083627454756986, 37.310008849288465 ], [ 44.067446683666923, 37.303266739724627 ], [ 43.892250914677, 37.230267191291169 ], [ 43.838578255755145, 37.229934287125076 ], [ 43.745740496900829, 37.229358461852321 ], [ 43.65829537693002, 37.22881608395349 ], [ 43.627279985826654, 37.238138236045792 ], [ 43.331350799509117, 37.327084292890142 ] ] ] } },
{ "type": "Feature", "properties": { "NUTS_ID": "TRC11", "name": "Gaziantep" }, "geometry": { "type": "Polygon", "coordinates": [ [ [ 36.442823899316998, 36.933099692607755 ], [ 36.693138099423798, 37.216176092230441 ], [ 36.905705874996961, 37.30796022041811 ], [ 37.04363514001701, 37.201058479999205 ], [ 37.526171341488229, 37.419440888142304 ], [ 37.603770399732035, 37.483457192407634 ], [ 37.727934715091344, 37.516487152812829 ], [ 38.080959800337823, 37.447907892743942 ], [ 37.966913961277577, 37.419440888650428 ], [ 37.846662327889256, 37.206712681042383 ], [ 38.021603933769221, 36.83758090577161 ], [ 38.025035599837558, 36.83033999265524 ], [ 37.923645992910721, 36.807522763221307 ], [ 37.700299017820655, 36.757259632553271 ], [ 37.572743099688076, 36.705810792201156 ], [ 37.43582924640436, 36.807247513777192 ], [ 37.346417031769235, 36.758704384393909 ], [ 37.281302361761043, 36.856184243915891 ], [ 37.107775814671001, 36.909385479866167 ], [ 37.003482913042809, 37.013813623483344 ], [ 36.712360600092531, 36.826751891693512 ], [ 36.707260511789038, 36.826753470539785 ], [ 36.665194500196215, 36.826766492479898 ], [ 36.658974700003583, 36.829740677391896 ], [ 36.442823899316998, 36.933099692607755 ] ] ] } },
{ "type": "Feature", "properties": { "NUTS_ID": "TRC12", "name": "Adıyaman" }, "geometry": { "type": "Polygon", "coordinates": [ [ [ 37.615754499006833, 37.94416629276779 ], [ 38.051891925333202, 37.904447690297275 ], [ 38.146926017311991, 37.979402008319603 ], [ 38.144883227019029, 38.089511193087134 ], [ 38.244031770362831, 38.160183541298871 ], [ 38.360690875255315, 38.105636165625363 ], [ 38.487973050830391, 38.155839921196765 ], [ 38.802570885218763, 38.017929948570078 ], [ 39.016021768590079, 38.081466559475331 ], [ 39.126717800388903, 38.186737092837561 ], [ 39.247515951721482, 38.147705426409537 ], [ 39.137529498986183, 38.017954893336707 ], [ 38.847836295180521, 37.687452678023043 ], [ 38.450047804708234, 37.494066985772058 ], [ 38.080959800337823, 37.447907892743942 ], [ 37.727934715091344, 37.516487152812829 ], [ 37.603770399732035, 37.483457192407634 ], [ 37.573621541472136, 37.580674501004992 ], [ 37.477675482724152, 37.576007936784613 ], [ 37.446506086754646, 37.629767074722288 ], [ 37.523443473275528, 37.858232034146155 ], [ 37.615754499006833, 37.94416629276779 ] ] ] } },
{ "type": "Feature", "properties": { "NUTS_ID": "TRC13", "name": "Kilis" }, "geometry": { "type": "Polygon", "coordinates": [ [ [ 37.572743099688076, 36.705810792201156 ], [ 37.521858148517133, 36.67625370490159 ], [ 37.463204906622423, 36.642184319835458 ], [ 37.070605133883348, 36.650962346291301 ], [ 36.98019031858378, 36.760270938550491 ], [ 36.738238700776733, 36.820328404232932 ], [ 36.712360600092531, 36.826751891693512 ], [ 37.003482913042809, 37.013813623483344 ], [ 37.107775814671001, 36.909385479866167 ], [ 37.281302361761043, 36.856184243915891 ], [ 37.346417031769235, 36.758704384393909 ], [ 37.43582924640436, 36.807247513777192 ], [ 37.572743099688076, 36.705810792201156 ] ] ] } },
{ "type": "Feature", "properties": { "NUTS_ID": "TRC21", "name": "Şanlıurfa" }, "geometry": { "type": "Polygon", "coordinates": [ [ [ 38.080959800337823, 37.447907892743942 ], [ 38.450047804708234, 37.494066985772058 ], [ 38.847836295180521, 37.687452678023043 ], [ 39.137529498986183, 38.017954893336707 ], [ 39.654409747183912, 37.816529514152805 ], [ 39.798783187676243, 37.832768533398472 ], [ 39.893009600548332, 37.520924992708608 ], [ 39.945736731436178, 37.419440888546347 ], [ 40.012994012206029, 37.227369195631574 ], [ 40.10456490152108, 37.137736725107189 ], [ 40.141584810297047, 37.097418265576167 ], [ 40.18557500030164, 36.980882252940724 ], [ 40.226170975110044, 36.957263098210831 ], [ 40.233399200361951, 36.911434092009408 ], [ 40.104564902384126, 36.86576429739592 ], [ 39.812522256179633, 36.759723810584589 ], [ 39.433695314683582, 36.703254669448256 ], [ 39.39702085207901, 36.697787858813982 ], [ 39.233862508895925, 36.673466960401065 ], [ 38.905781177865677, 36.701691222732201 ], [ 38.776501212817585, 36.702718474602591 ], [ 38.631850297968292, 36.765357213797067 ], [ 38.593679573805915, 36.78452344658524 ], [ 38.349202063601105, 36.89318825966388 ], [ 38.299426734812052, 36.915312285620836 ], [ 38.101825903726066, 36.854120091268292 ], [ 38.025035599837558, 36.83033999265524 ], [ 38.021603933769221, 36.83758090577161 ], [ 37.846662327889256, 37.206712681042383 ], [ 37.966913961277577, 37.419440888650428 ], [ 38.080959800337823, 37.447907892743942 ] ] ] } },
{ "type": "Feature", "properties": { "NUTS_ID": "TRC22", "name": "Diyarbakır" }, "geometry": { "type": "Polygon", "coordinates": [ [ [ 39.151425199604944, 38.299252193674228 ], [ 39.314975698086656, 38.337963451603827 ], [ 39.543040383618127, 38.258223810739217 ], [ 40.104564901654761, 38.463753810147047 ], [ 40.293559600301805, 38.476700693399785 ], [ 40.473303534947028, 38.603428111705675 ], [ 40.826148824526172, 38.578418200772617 ], [ 41.139181499751331, 38.714584093439768 ], [ 41.366581299909562, 38.483290093443514 ], [ 41.240787088507993, 38.372609005014937 ], [ 41.192553184404176, 38.09603791779282 ], [ 41.005557917888162, 37.823804480064702 ], [ 41.011403000132006, 37.725303993522942 ], [ 40.874637395356295, 37.662213315567882 ], [ 40.656341368238039, 37.717699969564144 ], [ 40.584833531919827, 37.607596965040024 ], [ 40.400715776404134, 37.643454867097546 ], [ 40.330554247988346, 37.52377588477529 ], [ 40.104564902442121, 37.556162143613612 ], [ 39.893009600548332, 37.520924992708608 ], [ 39.798783187676243, 37.832768533398472 ], [ 39.654409747183912, 37.816529514152805 ], [ 39.137529498986183, 38.017954893336707 ], [ 39.247515951721482, 38.147705426409537 ], [ 39.126717800388903, 38.186737092837561 ], [ 39.151425199604944, 38.299252193674228 ] ] ] } },
{ "type": "Feature", "properties": { "NUTS_ID": "TRC31", "name": "Mardin" }, "geometry": { "type": "Polygon", "coordinates": [ [ [ 40.233399200361951, 36.911434092009408 ], [ 40.226170975110044, 36.957263098210831 ], [ 40.18557500030164, 36.980882252940724 ], [ 40.141584810297047, 37.097418265576167 ], [ 40.10456490152108, 37.137736725107189 ], [ 40.012994012206029, 37.227369195631574 ], [ 39.945736731436178, 37.419440888546347 ], [ 39.893009600548332, 37.520924992708608 ], [ 40.104564902442121, 37.556162143613612 ], [ 40.330554247988346, 37.52377588477529 ], [ 40.400715776404134, 37.643454867097546 ], [ 40.584833531919827, 37.607596965040024 ], [ 40.656341368238039, 37.717699969564144 ], [ 40.874637395356295, 37.662213315567882 ], [ 41.011403000132006, 37.725303993522942 ], [ 41.136475430144472, 37.541383186881212 ], [ 41.2246748550169, 37.557800430006282 ], [ 41.463804754135246, 37.513133650460134 ], [ 41.812473799080145, 37.695316992372113 ], [ 41.857706205603741, 37.443565125847947 ], [ 41.632309792582909, 37.415008067462104 ], [ 41.586615382925196, 37.352816166128719 ], [ 41.66456739954544, 37.118311492753392 ], [ 41.25813487482494, 37.07524335718486 ], [ 41.216445482177235, 37.070825688247744 ], [ 40.946685933631365, 37.103758711638655 ], [ 40.782740774605621, 37.123773609493114 ], [ 40.233399200361951, 36.911434092009408 ] ] ] } },
{ "type": "Feature", "properties": { "NUTS_ID": "TRC32", "name": "Batman" }, "geometry": { "type": "Polygon", "coordinates": [ [ [ 41.011403000132006, 37.725303993522942 ], [ 41.005557917888162, 37.823804480064702 ], [ 41.192553184404176, 38.09603791779282 ], [ 41.240787088507993, 38.372609005014937 ], [ 41.366581299909562, 38.483290093443514 ], [ 41.487179999892433, 38.542119993226812 ], [ 41.6169348960197, 38.493488436617326 ], [ 41.646979999718049, 38.260659993357315 ], [ 41.633733607056342, 38.205561293156578 ], [ 41.594192307158949, 38.086320830764606 ], [ 41.387071545442438, 37.960741146830195 ], [ 41.696108489052641, 37.808179315067711 ], [ 41.694957446199524, 37.740744640406561 ], [ 41.812473799080145, 37.695316992372113 ], [ 41.463804754135246, 37.513133650460134 ], [ 41.2246748550169, 37.557800430006282 ], [ 41.136475430144472, 37.541383186881212 ], [ 41.011403000132006, 37.725303993522942 ] ] ] } },
{ "type": "Feature", "properties": { "NUTS_ID": "TRC33", "name": "Şırnak" }, "geometry": { "type": "Polygon", "coordinates": [ [ [ 41.66456739954544, 37.118311492753392 ], [ 41.586615382925196, 37.352816166128719 ], [ 41.632309792582909, 37.415008067462104 ], [ 41.857706205603741, 37.443565125847947 ], [ 41.812473799080145, 37.695316992372113 ], [ 42.239077326226202, 37.597280476866445 ], [ 42.3808660744848, 37.708725018059461 ], [ 42.81071160179981, 37.670687894656574 ], [ 42.88452180050907, 37.766890292528373 ], [ 43.499191399979324, 37.741787092552883 ], [ 43.45025343153528, 37.606414545644114 ], [ 43.330730141301764, 37.526021611739502 ], [ 43.334823432998064, 37.419440888577896 ], [ 43.331350799509117, 37.327084292890142 ], [ 43.272461182637258, 37.330728514158778 ], [ 43.041510799020656, 37.34502024404371 ], [ 42.843139644987886, 37.357295896335188 ], [ 42.807134074804523, 37.359524002582859 ], [ 42.648605437500137, 37.256940711551906 ], [ 42.45735866917515, 37.133185638780759 ], [ 42.454928122086514, 37.131612841061745 ], [ 42.450880374811483, 37.131629289524767 ], [ 42.367658769813481, 37.131967460305262 ], [ 42.348297217653872, 37.15043317042187 ], [ 42.220991521223759, 37.271848542600203 ], [ 42.143678073623128, 37.250515034428552 ], [ 41.66456739954544, 37.118311492753392 ] ] ] } },
{ "type": "Feature", "properties": { "NUTS_ID": "TRC34", "name": "Siirt" }, "geometry": { "type": "Polygon", "coordinates": [ [ [ 41.812473799080145, 37.695316992372113 ], [ 41.694957446199524, 37.740744640406561 ], [ 41.696108489052641, 37.808179315067711 ], [ 41.387071545442438, 37.960741146830195 ], [ 41.594192307158949, 38.086320830764606 ], [ 41.633733607056342, 38.205561293156578 ], [ 41.646979999718049, 38.260659993357315 ], [ 41.954786841389257, 38.17058561509343 ], [ 42.215175216085932, 38.220959082615664 ], [ 42.516694896806314, 38.003709570392211 ], [ 42.683963500552224, 38.030354892758929 ], [ 42.88452180050907, 37.766890292528373 ], [ 42.81071160179981, 37.670687894656574 ], [ 42.3808660744848, 37.708725018059461 ], [ 42.239077326226202, 37.597280476866445 ], [ 41.812473799080145, 37.695316992372113 ] ] ] } }
]
}
