{
"type": "FeatureCollection",
"name": "europe-countries-alt",
"crs": { "type": "name", "properties": { "name": "urn:ogc:def:crs:OGC:1.3:CRS84" } },
"features": [
{ "type": "Feature", "properties": { "id": "AL", "name": "Albania" }, "geometry": { "type": "Polygon", "coordinates": [ [ [ 19.759323357358543, 42.518179896616935 ], [ 19.830933205619505, 42.466384167651441 ], [ 20.076299916480593, 42.555823530729434 ], [ 20.16557679850467, 42.498460991268075 ], [ 20.253741095841757, 42.340175763175701 ], [ 20.480168292413854, 42.251328443930639 ], [ 20.543065801766684, 42.160664943500414 ], [ 20.619650579678524, 41.973906551014785 ], [ 20.594285897901997, 41.877327465695835 ], [ 20.562872105583946, 41.846136605954882 ], [ 20.573575608608255, 41.798247811763851 ], [ 20.525658727354347, 41.720437900711943 ], [ 20.557773818133761, 41.58187049560982 ], [ 20.469837292139871, 41.529720798930029 ], [ 20.560362917349984, 41.408458344608668 ], [ 20.501660206407621, 41.317153905766396 ], [ 20.520858933436237, 41.227640139779894 ], [ 20.581168268258903, 41.155729618000137 ], [ 20.597745022582746, 41.092033495586875 ], [ 20.670625842817678, 41.087351597102483 ], [ 20.732362154110742, 40.911645677600248 ], [ 20.837822960861462, 40.927682925489805 ], [ 20.97766373757997, 40.889660836816972 ], [ 20.972368690333159, 40.772530805702829 ], [ 21.047975354683693, 40.675291411900254 ], [ 21.05606836890853, 40.616695330727453 ], [ 20.948307931376451, 40.476184444787975 ], [ 20.853391678524694, 40.474615069053556 ], [ 20.795661213294476, 40.43378955641505 ], [ 20.778451799528874, 40.348730593551068 ], [ 20.720074881374185, 40.278020629954632 ], [ 20.678734213116709, 40.108305967451422 ], [ 20.612876563311108, 40.079653468487081 ], [ 20.444027073514988, 40.067178532817799 ], [ 20.387999451239828, 40.001582801334649 ], [ 20.324666015552552, 39.985482753009826 ], [ 20.406181028568085, 39.852428877155653 ], [ 20.39130787986635, 39.78848353741315 ], [ 20.302345082595789, 39.812743109891152 ], [ 20.301310058159782, 39.72718132495384 ], [ 20.20421421116345, 39.653019018222416 ], [ 20.008812646770885, 39.691292235121281 ], [ 19.986466166482241, 39.754388086042233 ], [ 20.009376504450962, 39.8456590182453 ], [ 19.923666302592387, 39.905414530396456 ], [ 19.92304834775905, 39.955412629156164 ], [ 19.869816651449565, 40.02545373751235 ], [ 19.477272314513218, 40.216992705639797 ], [ 19.383900007354761, 40.29880624831798 ], [ 19.305165572421153, 40.41986893200869 ], [ 19.361452321763615, 40.415656607019208 ], [ 19.432901343432441, 40.331260597257796 ], [ 19.481759145491221, 40.359650489865885 ], [ 19.48526327510508, 40.439687681509973 ], [ 19.383920552951363, 40.533430813254384 ], [ 19.318751995477239, 40.644980920623901 ], [ 19.367348119391529, 40.730081780148289 ], [ 19.376011144818623, 40.830772026541723 ], [ 19.46638306654528, 40.964796892507223 ], [ 19.442483396144695, 41.000525553447645 ], [ 19.446665476981167, 41.129719526531112 ], [ 19.51779734357654, 41.268655918144326 ], [ 19.431461755934389, 41.322802494652031 ], [ 19.421551776897939, 41.376730768246439 ], [ 19.505075977790806, 41.493245891251412 ], [ 19.472063359403077, 41.569545281138204 ], [ 19.557328146707029, 41.577673841309895 ], [ 19.585563950615253, 41.768508571303734 ], [ 19.520067352642684, 41.840311538166183 ], [ 19.372528224583132, 41.844148059695875 ], [ 19.387165616019772, 42.109753995341237 ], [ 19.292248812529621, 42.182082756977138 ], [ 19.420086848735725, 42.329745320133071 ], [ 19.425430424136362, 42.370686327267165 ], [ 19.484940713966093, 42.408363145106911 ], [ 19.644908107297489, 42.610262493543644 ], [ 19.714121447255152, 42.652434291606006 ], [ 19.763127663388826, 42.610668415648881 ], [ 19.759323357358543, 42.518179896616935 ] ] ] } },
{ "type": "Feature", "properties": { "id": "AT", "name": "Austria" }, "geometry": { "type": "MultiPolygon", "coordinates": [ [ [ [ 10.454438851635778, 47.555797021089816 ], [ 10.44179597155801, 47.577904853144602 ], [ 10.472639952493585, 47.586950470957902 ], [ 10.454438851635778, 47.555797021089816 ] ] ], [ [ [ 10.454438851635778, 47.555797021089816 ], [ 10.552398910449851, 47.537449212038076 ], [ 10.636461009194248, 47.564691993856925 ], [ 10.787068248382361, 47.519623702775391 ], [ 10.88614682644841, 47.536782343487353 ], [ 10.884199357306683, 47.484894687549527 ], [ 10.956619705406661, 47.450446531106103 ], [ 10.991202287432479, 47.396130988429491 ], [ 11.208425368599597, 47.430219023307373 ], [ 11.262121420216499, 47.402434897784133 ], [ 11.332918228165166, 47.444090725032481 ], [ 11.4214276253914, 47.444852034412669 ], [ 11.39618563947659, 47.470426590600908 ], [ 11.410219187499992, 47.495323921579327 ], [ 11.556130970442315, 47.514473012873474 ], [ 11.632883141848806, 47.592446016630838 ], [ 11.828240755797212, 47.58553371979599 ], [ 12.060662220859664, 47.618743550288222 ], [ 12.192909899057922, 47.612112469593328 ], [ 12.173610675355155, 47.698014341563123 ], [ 12.232617719376103, 47.722146967058379 ], [ 12.264205173505488, 47.684686516539422 ], [ 12.338045351637732, 47.697087572212432 ], [ 12.433442076650259, 47.688433405932493 ], [ 12.507845723539843, 47.630902856670609 ], [ 12.575026261662464, 47.632315977224771 ], [ 12.613971417826322, 47.671108181521397 ], [ 12.695795412403363, 47.682222992361773 ], [ 12.787222302018852, 47.628449079900982 ], [ 12.811645739916109, 47.556162974229693 ], [ 12.909674678626123, 47.500469296797178 ], [ 12.999489158514702, 47.475723893820195 ], [ 13.045434976931462, 47.519869265595972 ], [ 13.081564522531796, 47.665771364003476 ], [ 13.045258802109771, 47.707912254452225 ], [ 12.930697713679274, 47.725068904929216 ], [ 12.979810288918429, 47.875260386948959 ], [ 12.875785693534926, 47.962609137997497 ], [ 12.751554921482263, 48.112810406515301 ], [ 12.877516328427859, 48.197746934349453 ], [ 12.944684477400697, 48.206692340995211 ], [ 13.045434976577807, 48.264258085981503 ], [ 13.277321223668309, 48.302472888698432 ], [ 13.401740396621587, 48.371636831033797 ], [ 13.449926300018985, 48.506156828705798 ], [ 13.438430624971964, 48.548895022876657 ], [ 13.513497246600243, 48.590961787287227 ], [ 13.727090617669711, 48.513019653647959 ], [ 13.817692906193132, 48.607162081444301 ], [ 13.796106768557138, 48.713600490987574 ], [ 13.839507129477148, 48.771605025728434 ], [ 14.010656260620488, 48.698123290517351 ], [ 14.042092893516459, 48.661831843553578 ], [ 14.024635015392622, 48.637704584807402 ], [ 14.094495857000137, 48.593477120630972 ], [ 14.331422023467981, 48.559086087927021 ], [ 14.473959610633722, 48.635895346178998 ], [ 14.546209462904278, 48.609285434327489 ], [ 14.616688137680187, 48.620458406567003 ], [ 14.691013826373037, 48.584301926872868 ], [ 14.733222865371992, 48.687638117962273 ], [ 14.817876089352829, 48.772493213919937 ], [ 14.966088990547815, 48.773024872335228 ], [ 14.982326814665527, 48.969395785005673 ], [ 15.009992731422971, 49.013214452822332 ], [ 15.127130987327167, 48.995249303488713 ], [ 15.181395191334458, 48.95353423786937 ], [ 15.361907222039584, 48.979339822491134 ], [ 15.542449603460929, 48.907696908661677 ], [ 15.753633425545445, 48.852178442582527 ], [ 15.834942547491307, 48.869700170488663 ], [ 16.068075433469065, 48.754800724626037 ], [ 16.335853821601049, 48.731016792377332 ], [ 16.403834041694711, 48.744629147374603 ], [ 16.466416523631128, 48.802834936465402 ], [ 16.546796780531352, 48.80627059560797 ], [ 16.65596731053617, 48.777556176381736 ], [ 16.693768514415744, 48.734301548395614 ], [ 16.896612201135785, 48.711750658737969 ], [ 16.940278025624135, 48.617245444121018 ], [ 16.949777879653578, 48.535791855859486 ], [ 16.851042834021701, 48.438639879336186 ], [ 16.854211863572136, 48.355505121213682 ], [ 16.947222764609464, 48.259956643309799 ], [ 16.976202765622823, 48.172244470494327 ], [ 17.066740796888016, 48.118681623342638 ], [ 17.089671067619264, 48.05127545721232 ], [ 17.160797384405882, 48.00665656242419 ], [ 17.108811927578667, 47.975452792933034 ], [ 17.094401671630965, 47.902413623627453 ], [ 17.036340009649074, 47.861377085670107 ], [ 17.068930102507377, 47.72711147798222 ], [ 17.043357295680998, 47.703734507096392 ], [ 16.907157375600072, 47.688974405650228 ], [ 16.860680212266242, 47.709987518860657 ], [ 16.770195735508729, 47.682872462138086 ], [ 16.710520992631803, 47.733327107000079 ], [ 16.604865862642654, 47.75609096564326 ], [ 16.421542384692948, 47.66529808788647 ], [ 16.654899077905, 47.610841569351265 ], [ 16.70275182562392, 47.538746624445075 ], [ 16.646220083977436, 47.446596932575964 ], [ 16.568369366591075, 47.408554385014625 ], [ 16.459203212410003, 47.402648532110447 ], [ 16.433761690702887, 47.352918665367746 ], [ 16.481258188899766, 47.284429454058625 ], [ 16.428982785538622, 47.196017825212181 ], [ 16.519260420591333, 47.134010132187505 ], [ 16.474520838625832, 47.094469598992582 ], [ 16.496869570551812, 47.064224042989657 ], [ 16.480922642550574, 47.005805366618844 ], [ 16.293037030148458, 46.99662018522681 ], [ 16.05839037847813, 46.838670009858312 ], [ 15.996236035495743, 46.835398663563559 ], [ 15.995842941911413, 46.734453496772595 ], [ 16.039503544433131, 46.690901832597277 ], [ 16.038086132591214, 46.656145545076271 ], [ 15.861914518399939, 46.719603380157125 ], [ 15.752443758843631, 46.697968857973805 ], [ 15.674535940130131, 46.702449452151036 ], [ 15.563052528408983, 46.674851367363452 ], [ 15.542442112084439, 46.629951080229034 ], [ 15.520070185457028, 46.621535327881389 ], [ 15.401979531977201, 46.653548404314343 ], [ 15.240906223806963, 46.640926608081834 ], [ 15.160204494336163, 46.657113612713125 ], [ 15.065120556616975, 46.652112654514568 ], [ 14.922071375390194, 46.607933454042978 ], [ 14.884301204818568, 46.611744573765108 ], [ 14.827682159730434, 46.547832067805487 ], [ 14.818605832413349, 46.509383022604496 ], [ 14.728195321420113, 46.49782832870644 ], [ 14.674706775115691, 46.45066036099972 ], [ 14.597461745611696, 46.427532129151004 ], [ 14.565175356464151, 46.372453487596673 ], [ 14.521819115005144, 46.417124293730616 ], [ 14.441961445736901, 46.423780939874014 ], [ 14.434500307154595, 46.442943627270715 ], [ 14.153396347344694, 46.436779160751534 ], [ 14.100073946554918, 46.479787266766891 ], [ 14.006514959554574, 46.48135987206534 ], [ 13.912182511084136, 46.517051599423063 ], [ 13.714185081104839, 46.522703436818034 ], [ 13.504249359530172, 46.56630384612243 ], [ 13.26338929752896, 46.553036849695694 ], [ 13.045434976958477, 46.597021181570845 ], [ 12.731393018169976, 46.634288097736928 ], [ 12.69063519592004, 46.656972038128821 ], [ 12.477924086306549, 46.67983561070659 ], [ 12.294783800778314, 46.787661390042686 ], [ 12.276770098339698, 46.872628020560633 ], [ 12.155546913663956, 46.917692815189113 ], [ 12.130957782514276, 47.006907360603691 ], [ 12.240745396712335, 47.069168359391313 ], [ 12.136013771373326, 47.080667456045099 ], [ 11.741946794644853, 46.979848417739291 ], [ 11.627199511745951, 47.013298837370506 ], [ 11.478015834446371, 47.002260108609434 ], [ 11.412602911379352, 46.97058111506756 ], [ 11.329777139230695, 46.990268397085401 ], [ 11.16428131536764, 46.965722619327387 ], [ 11.008317853410716, 46.769142645972082 ], [ 10.76153774790709, 46.798492943818587 ], [ 10.666884010621352, 46.870487845207741 ], [ 10.469651302255382, 46.854908998200997 ], [ 10.478442064463454, 46.935742532571879 ], [ 10.376084974059889, 46.99467340916042 ], [ 10.312132323372847, 46.932117216622579 ], [ 10.245827587486442, 46.922321076946467 ], [ 10.218667936466513, 46.867725662268398 ], [ 10.087918216686662, 46.849115976260535 ], [ 9.892031602567675, 46.931955016726121 ], [ 9.859735151560237, 47.015128022889449 ], [ 9.607078007215934, 47.060774530370892 ], [ 9.630707947648764, 47.091965073939214 ], [ 9.620580375481051, 47.151645494005862 ], [ 9.573164515590028, 47.187838440270738 ], [ 9.555658633438627, 47.252738838888945 ], [ 9.530749051451899, 47.270581012081259 ], [ 9.654928536835014, 47.386049804820885 ], [ 9.652242598767895, 47.443925347899388 ], [ 9.58071135662963, 47.479505269846449 ], [ 9.558720701645559, 47.54189287460278 ], [ 9.700424058431272, 47.528309631913494 ], [ 9.79099479911585, 47.589969792370127 ], [ 9.854491877678804, 47.536804893480728 ], [ 9.967813722692496, 47.54624055026764 ], [ 9.999526182575735, 47.483017135964808 ], [ 10.084454221753189, 47.446768055729244 ], [ 10.102406752383303, 47.366586232072457 ], [ 10.223510622223015, 47.371973666396727 ], [ 10.178352766884297, 47.270114021788423 ], [ 10.337045216392898, 47.314141280063033 ], [ 10.459572846617341, 47.424118145829695 ], [ 10.454438851635778, 47.555797021089816 ] ] ] ] } },
{ "type": "Feature", "properties": { "id": "BA", "name": "Bosnia and Herzegovina" }, "geometry": { "type": "MultiPolygon", "coordinates": [ [ [ [ 16.923823877091536, 45.265423866300594 ], [ 17.141192856802331, 45.163287926572117 ], [ 17.294403378634957, 45.174536077542299 ], [ 17.505640009485699, 45.113422172655618 ], [ 17.671328710408186, 45.123300751333275 ], [ 17.845413247818595, 45.049966192126668 ], [ 18.001542028827267, 45.1332422198317 ], [ 18.197291263951779, 45.078847556206384 ], [ 18.254390413312777, 45.131481781549482 ], [ 18.417749100577609, 45.105414045980496 ], [ 18.491485843480163, 45.055452968005227 ], [ 18.527138278867191, 45.0614003502115 ], [ 18.529553109873913, 45.088251286210699 ], [ 18.667575541388111, 45.081603024331962 ], [ 18.785681341582027, 44.966247033912097 ], [ 18.773608690424567, 44.906351066405364 ], [ 18.834362312786514, 44.864649831444943 ], [ 19.022069416566858, 44.855353935858737 ], [ 19.168761083850281, 44.913661922463106 ], [ 19.351161595427993, 44.889059352169198 ], [ 19.284605888564148, 44.673020100126301 ], [ 19.135916156406594, 44.511016874346822 ], [ 19.114512172846705, 44.360426772876394 ], [ 19.171289291377445, 44.290074690859299 ], [ 19.322116696564898, 44.263763078714753 ], [ 19.367088419285878, 44.187970562396671 ], [ 19.497113024463275, 44.099052842694618 ], [ 19.606041670032592, 44.059386352738414 ], [ 19.612283786923701, 44.02077974838646 ], [ 19.508225675072222, 43.959022255097416 ], [ 19.395507918185768, 43.962624779710744 ], [ 19.267782780706519, 44.006421471805247 ], [ 19.243977639105001, 43.988589659261038 ], [ 19.382694599579143, 43.814116885295718 ], [ 19.516806831616666, 43.705946771774947 ], [ 19.498534923588505, 43.590130761487117 ], [ 19.271803073853569, 43.597767558574319 ], [ 19.224123169478361, 43.527485998026748 ], [ 19.062388800707648, 43.512122221678638 ], [ 19.005687284446623, 43.545514336350962 ], [ 18.946011134138914, 43.518069373464101 ], [ 19.069837498894895, 43.314364559930723 ], [ 19.000604306565872, 43.261017057596284 ], [ 18.937665512528032, 43.340952665979721 ], [ 18.867171252917505, 43.352117662597088 ], [ 18.713930903317937, 43.267838285758295 ], [ 18.686030865745167, 43.225347630462437 ], [ 18.650909548457651, 43.04578697117806 ], [ 18.543690235083805, 43.018708662243498 ], [ 18.495683250656597, 42.971313454863662 ], [ 18.467476286632522, 42.790961124047975 ], [ 18.551090711573345, 42.712104799143709 ], [ 18.559386708672218, 42.650472836253044 ], [ 18.532603358408185, 42.588316248456806 ], [ 18.438103880178378, 42.555705067591333 ], [ 18.324838319347524, 42.617125877330828 ], [ 18.23894971640939, 42.613036278529911 ], [ 17.893170183044152, 42.81835160781457 ], [ 17.825913890772103, 42.907748827466932 ], [ 17.696044273965494, 42.918284836063165 ], [ 17.649156620915484, 42.888923406143626 ], [ 17.581335080470573, 42.938422932297634 ], [ 17.697108188381165, 42.973067398278744 ], [ 17.670906087204585, 43.03732345223289 ], [ 17.628430011255936, 43.092228320198871 ], [ 17.450725956451741, 43.176943239598806 ], [ 17.282804543891295, 43.346108326950315 ], [ 17.26934796185505, 43.467468762805197 ], [ 17.020395410989693, 43.57275937855978 ], [ 16.544347754571778, 43.974178334828672 ], [ 16.241745153538485, 44.1956310947525 ], [ 16.172855343560887, 44.210380450187699 ], [ 16.20424565042622, 44.22862408092859 ], [ 16.207459425389953, 44.34502039379052 ], [ 16.145724066301224, 44.381487358665609 ], [ 16.158963913247693, 44.411541665846521 ], [ 16.12129495570635, 44.506220843493203 ], [ 16.030186833775335, 44.561598051342671 ], [ 16.036632280391235, 44.643032738462828 ], [ 15.907408816401139, 44.732940423390289 ], [ 15.814445441345105, 44.728606702908166 ], [ 15.750049172023425, 44.796184573499055 ], [ 15.741171167443436, 44.821782287557113 ], [ 15.779688295508743, 44.849162168547892 ], [ 15.73672187905445, 44.935631047919351 ], [ 15.779463060651201, 44.989105924428401 ], [ 15.749578921518511, 45.055452967970254 ], [ 15.781382070128773, 45.107986758077786 ], [ 15.7761662890499, 45.174983949006439 ], [ 15.840033894901905, 45.22453704346276 ], [ 15.999030767681422, 45.216780652663687 ], [ 16.175722815596536, 45.055452968628813 ], [ 16.288761195675868, 44.995689667959937 ], [ 16.344111266297805, 45.006941102114524 ], [ 16.383137045001764, 45.055452968364094 ], [ 16.402125404415113, 45.110539646012079 ], [ 16.542853311250823, 45.226412484452801 ], [ 16.819114016612332, 45.189458592354498 ], [ 16.923823877091536, 45.265423866300594 ] ] ], [ [ [ 19.4680171750631, 43.560664252337737 ], [ 19.425478185240568, 43.532529019665517 ], [ 19.377524233560294, 43.554476935929216 ], [ 19.419947632970974, 43.576738352109302 ], [ 19.4680171750631, 43.560664252337737 ] ] ] ] } },
{ "type": "Feature", "properties": { "id": "BE", "name": "Belgium" }, "geometry": { "type": "Polygon", "coordinates": [ [ [ 4.826369940514803, 51.482072944850849 ], [ 4.841863489187235, 51.424927646107967 ], [ 4.894932292415967, 51.406766480575328 ], [ 5.042739371374243, 51.47943526247883 ], [ 5.102137093267302, 51.428956039428726 ], [ 5.086766662787294, 51.383476256562489 ], [ 5.143646382847844, 51.321462731451092 ], [ 5.228758521547576, 51.307228447329798 ], [ 5.237716347787162, 51.26160036189377 ], [ 5.4983370824328, 51.295824155134163 ], [ 5.547563338337877, 51.268776371081152 ], [ 5.566283615270706, 51.220836498525848 ], [ 5.83770024088088, 51.154439483550576 ], [ 5.728789905525356, 50.922824427932255 ], [ 5.653410537489089, 50.866118856743235 ], [ 5.687622128701352, 50.811923975910311 ], [ 5.682000428534085, 50.757446428273049 ], [ 5.768506376115678, 50.775228071932005 ], [ 6.020999005664916, 50.754295369911581 ], [ 6.255439683955744, 50.622852760199677 ], [ 6.189312372615754, 50.566094054944024 ], [ 6.192200636658699, 50.521055481724687 ], [ 6.315555889448737, 50.497042609453501 ], [ 6.366259926635257, 50.446339306133588 ], [ 6.354845246419987, 50.379207769617835 ], [ 6.405028614468013, 50.323308534883601 ], [ 6.312314131318585, 50.311979024195971 ], [ 6.195338293227735, 50.241408402811608 ], [ 6.137662259454002, 50.129951505348018 ], [ 6.024899633938699, 50.182779390294222 ], [ 5.896343958511147, 50.103507193526724 ], [ 5.825047283498458, 49.979368941622262 ], [ 5.77365174136029, 49.94483085845296 ], [ 5.746363995092075, 49.853614451826076 ], [ 5.758110992321038, 49.802669494155481 ], [ 5.871741174391857, 49.716157466161349 ], [ 5.89900555601185, 49.657432167949075 ], [ 5.860620763554787, 49.573466834213981 ], [ 5.818116879399927, 49.546310570859227 ], [ 5.734526862018468, 49.545770759716632 ], [ 5.470883033327549, 49.49723786819817 ], [ 5.393511244511907, 49.617110893632656 ], [ 5.319927966334522, 49.621288471532324 ], [ 5.289262862461467, 49.680751286485759 ], [ 5.153738464074949, 49.717925986490108 ], [ 4.96943102038776, 49.80182612480246 ], [ 4.86989420937294, 49.806746139112285 ], [ 4.87658813381123, 49.91539173114532 ], [ 4.800959095709073, 49.968628080797068 ], [ 4.871186015965532, 50.139195699116044 ], [ 4.796697108254327, 50.148678157734864 ], [ 4.694369488380456, 50.080973839184033 ], [ 4.679174449372821, 49.997051970065812 ], [ 4.432493778654865, 49.941615969513123 ], [ 4.140853127347617, 49.978760149708634 ], [ 4.151195202724451, 50.032709103576607 ], [ 4.218385799878354, 50.073462497944071 ], [ 4.189597735592254, 50.128170203299753 ], [ 4.138785846506021, 50.141139391658619 ], [ 4.158740879651754, 50.212354560380703 ], [ 4.207815246670179, 50.256937429852847 ], [ 4.137948044012047, 50.268752865649759 ], [ 4.027774357626013, 50.35833050868569 ], [ 3.899589119124842, 50.332753841229319 ], [ 3.764526834547469, 50.347745400826 ], [ 3.705893073275478, 50.320835989377443 ], [ 3.666394965452219, 50.356495098116099 ], [ 3.655510061736411, 50.461735482091576 ], [ 3.615081370699013, 50.490398972127224 ], [ 3.48544952563278, 50.527188483981433 ], [ 3.385572518303989, 50.495024406728774 ], [ 3.303106453593903, 50.52254638794939 ], [ 3.251890458164071, 50.696029194729839 ], [ 3.176995843331754, 50.75616460786275 ], [ 3.098480837603599, 50.779019139741735 ], [ 3.018708738355985, 50.77353301120138 ], [ 2.908034824512136, 50.701705403075692 ], [ 2.796033435229701, 50.731788835188041 ], [ 2.717275913732686, 50.806815882730824 ], [ 2.630896673481568, 50.824213856724491 ], [ 2.60703610939938, 50.912689383504848 ], [ 2.613675197328718, 50.968080645057825 ], [ 2.546088192167626, 51.089388267936542 ], [ 3.193069475261618, 51.353112658142415 ], [ 3.365787354721749, 51.369835450945686 ], [ 3.380737262359116, 51.274259199512933 ], [ 3.500227501613218, 51.247272098912099 ], [ 3.534477800482908, 51.286843261239866 ], [ 3.601412007248781, 51.299858288017354 ], [ 3.774565140767407, 51.258582866115511 ], [ 3.801442050903277, 51.218428194764769 ], [ 3.856339488390994, 51.211056093592049 ], [ 3.977666514133952, 51.225132112569455 ], [ 4.143863416576563, 51.283257087492004 ], [ 4.242041705415236, 51.353961095251051 ], [ 4.243657894604261, 51.374737012055704 ], [ 4.40764969116369, 51.364743568634367 ], [ 4.398592550682517, 51.447181716542062 ], [ 4.490326066776502, 51.4782490299472 ], [ 4.526508649686999, 51.475904362205775 ], [ 4.547796554162781, 51.429261537406248 ], [ 4.669544110541935, 51.426384044795562 ], [ 4.759925819036284, 51.502464611228369 ], [ 4.826369940514803, 51.482072944850849 ] ], [ [ 4.741812710266831, 51.434669454114605 ], [ 4.780171585504637, 51.398026560964887 ], [ 4.822866685693858, 51.41201114393823 ], [ 4.798321309276006, 51.442732692516785 ], [ 4.741812710266831, 51.434669454114605 ] ] ] } },
{ "type": "Feature", "properties": { "id": "BG", "name": "Bulgaria" }, "geometry": { "type": "Polygon", "coordinates": [ [ [ 22.882333618448232, 43.835459492930063 ], [ 22.997170932086586, 43.807867625668692 ], [ 23.4343932367475, 43.849032143297954 ], [ 23.63039276549237, 43.791049821134834 ], [ 23.72987045075223, 43.802908680054479 ], [ 24.112043469078795, 43.69994591813375 ], [ 24.323522460244565, 43.697685880485892 ], [ 24.489289514951093, 43.761106245910902 ], [ 24.599326460626152, 43.749349481068535 ], [ 24.746177342551043, 43.692497688046593 ], [ 24.9917895535757, 43.723591879061345 ], [ 25.386700931239233, 43.624303025810647 ], [ 25.54453953915834, 43.642845489064364 ], [ 25.672200966511038, 43.688148660396756 ], [ 25.748315797467757, 43.695837723171699 ], [ 26.112746577616374, 43.968559535665598 ], [ 26.358182171159669, 44.037160479522399 ], [ 26.783131718601709, 44.084153039992657 ], [ 26.920689398786031, 44.136653163241107 ], [ 27.271340275074547, 44.126335360923363 ], [ 27.294870652579494, 44.080664317703132 ], [ 27.401884428093805, 44.018502396301621 ], [ 27.595680845716704, 44.014900922333297 ], [ 27.651278809340205, 44.038652748236778 ], [ 27.695410010063529, 43.987342921266574 ], [ 27.756214497965015, 43.961778605286284 ], [ 27.922063757279208, 43.998547505086975 ], [ 28.012278191161311, 43.837317889043213 ], [ 28.22649680048627, 43.76247087717806 ], [ 28.448800768534525, 43.733999019074346 ], [ 28.57886540207587, 43.738696446706165 ], [ 28.597632222979104, 43.521500249698931 ], [ 28.474037472500747, 43.377864829690203 ], [ 28.321130313009952, 43.414807732715509 ], [ 28.15631169152255, 43.401777578539985 ], [ 28.098382192458725, 43.375364010927512 ], [ 28.014494012706464, 43.236198789934583 ], [ 27.932068558586547, 43.181269016454031 ], [ 27.882620200345169, 42.838413528446871 ], [ 27.88063758720704, 42.712912205711092 ], [ 27.739528734550348, 42.696288864678472 ], [ 27.615460323387229, 42.571469468091223 ], [ 27.513505525246888, 42.542447523830212 ], [ 27.46144225863598, 42.470414391142356 ], [ 27.510165113549462, 42.439069452364286 ], [ 27.638384577530942, 42.444724417281968 ], [ 27.69835040230857, 42.411636651626829 ], [ 27.712840233089075, 42.370686327682392 ], [ 27.782601617401685, 42.320585315789451 ], [ 27.768558947620651, 42.240635362063031 ], [ 27.958157198065322, 42.08800927008329 ], [ 28.035512349420401, 41.983079536930632 ], [ 27.848334685577125, 41.999460748742663 ], [ 27.807929458501555, 41.953514652060086 ], [ 27.723318988247954, 41.972460612928657 ], [ 27.555803512057661, 41.919564435760627 ], [ 27.27813265595023, 42.09777625641933 ], [ 27.166704327872758, 42.068324346944031 ], [ 27.059650519677362, 42.088337134799396 ], [ 26.949228273419028, 42.000213625204943 ], [ 26.737501718967668, 41.961139358316125 ], [ 26.627420790848419, 41.972212889050283 ], [ 26.561544258820302, 41.926273348333019 ], [ 26.564792286917481, 41.877897396857549 ], [ 26.523218780390298, 41.828940038354808 ], [ 26.362342440568508, 41.807642173220579 ], [ 26.335092142416077, 41.751600512950034 ], [ 26.357879011590075, 41.71110454601785 ], [ 26.172264600901709, 41.743460078423098 ], [ 26.083779390318419, 41.708218833793147 ], [ 26.084233885144506, 41.653226676475079 ], [ 26.168000832344291, 41.557712724052102 ], [ 26.178191213446642, 41.432744205091829 ], [ 26.114450302652351, 41.35907060919611 ], [ 25.906437451680773, 41.307575070550051 ], [ 25.818104498514028, 41.339203067541838 ], [ 25.703363768623742, 41.300975017205758 ], [ 25.569407274512329, 41.312449956989298 ], [ 25.315430533798793, 41.238950820187576 ], [ 25.224698491864249, 41.264630841318855 ], [ 25.179375287305376, 41.310188062277781 ], [ 24.915383732078421, 41.401011173009927 ], [ 24.833296528540441, 41.3956207248563 ], [ 24.783955942217055, 41.36018913989296 ], [ 24.724155972509966, 41.409641246436344 ], [ 24.609555223066298, 41.438020448207197 ], [ 24.524577733783172, 41.561202319981369 ], [ 24.316819046418559, 41.519459665974864 ], [ 24.251890600275434, 41.565843926101422 ], [ 24.18734573570859, 41.526664848891393 ], [ 24.105716200509573, 41.543867342189529 ], [ 24.059744082195312, 41.522112174279947 ], [ 24.049564766535998, 41.457167035881589 ], [ 23.972452204614008, 41.446164736969017 ], [ 23.916767733513062, 41.46997601575373 ], [ 23.753624546535811, 41.40347363677445 ], [ 23.624308285296834, 41.375698383720859 ], [ 23.5086936198472, 41.40328320729472 ], [ 23.345997156419518, 41.374667620614446 ], [ 23.292869405371935, 41.397581135512006 ], [ 23.182807337184997, 41.322700477578188 ], [ 22.927591411164041, 41.338539330316252 ], [ 22.959701809137872, 41.365455194922276 ], [ 22.968327256442915, 41.519835642995851 ], [ 22.95428347179266, 41.631006791277677 ], [ 23.013414726986888, 41.691821891569596 ], [ 23.006274148675335, 41.754288799322168 ], [ 22.901933665951198, 41.877642067681997 ], [ 22.867214076469004, 42.02219965774492 ], [ 22.66119596628241, 42.073034126665199 ], [ 22.510411952468537, 42.155158453196933 ], [ 22.360206291819384, 42.311157164360239 ], [ 22.523658487638581, 42.412076670562428 ], [ 22.552067213984927, 42.481006989225683 ], [ 22.447637917487427, 42.572725770973705 ], [ 22.491183899739898, 42.741078077998601 ], [ 22.442821703155978, 42.825456536578827 ], [ 22.515510739200675, 42.868538577692362 ], [ 22.748399735061533, 42.889787668292826 ], [ 22.794597469867789, 42.980144864150091 ], [ 22.973422213730284, 43.111415424447905 ], [ 23.006209801678111, 43.192878429046175 ], [ 22.91016550715846, 43.22534763052284 ], [ 22.7474537952559, 43.386613169232881 ], [ 22.666975488733261, 43.402747534159275 ], [ 22.528599958613857, 43.486850728563809 ], [ 22.476959793814235, 43.645507345084262 ], [ 22.416337120046876, 43.69447498355477 ], [ 22.365598466424935, 43.810256737919197 ], [ 22.41642638524398, 43.998248639457117 ], [ 22.610748476603622, 44.068167411451761 ], [ 22.622676878329514, 44.172091332900798 ], [ 22.675161314798697, 44.215662905919601 ], [ 23.02588463956366, 44.07890707021528 ], [ 23.03242385252949, 44.043485294330999 ], [ 22.888989530608921, 43.981394610929755 ], [ 22.847624827678988, 43.87514848516421 ], [ 22.882333618448232, 43.835459492930063 ] ] ] } },
{ "type": "Feature", "properties": { "id": "ES", "name": "Spain" }, "geometry": { "type": "MultiPolygon", "coordinates": [ [ [ [ 4.299355074380396, 39.839585334560041 ], [ 4.252128553368465, 39.81480607787244 ], [ 4.011191981995421, 39.921849360717538 ], [ 3.841281809938566, 39.925163927512735 ], [ 3.789640821533171, 40.016712939060653 ], [ 3.852996519254022, 40.053952273786841 ], [ 4.154432514886694, 40.060667699951694 ], [ 4.266988284531666, 39.977827767173544 ], [ 4.299355074380396, 39.839585334560041 ] ] ], [ [ [ -7.718005823511125, 43.755691695815493 ], [ -7.699736359589825, 43.735114825194522 ], [ -7.642148677548053, 43.735801796505847 ], [ -7.598424343716541, 43.696447149932453 ], [ -7.481430536245788, 43.71858089012381 ], [ -7.249594608496139, 43.577271840012436 ], [ -7.031836889928454, 43.5444714180502 ], [ -6.947122911637362, 43.570846737992618 ], [ -6.372348126059917, 43.552061962609763 ], [ -6.239518705870682, 43.586042521351914 ], [ -6.111666887832311, 43.558388472902983 ], [ -5.951288228582302, 43.585912373003751 ], [ -5.843052093709317, 43.64762821890649 ], [ -5.690072478006787, 43.556252210378119 ], [ -5.404981254378827, 43.549278997495577 ], [ -5.187651805666194, 43.47575885537637 ], [ -4.512301090466758, 43.393203817058399 ], [ -4.176231599399765, 43.404751752465856 ], [ -3.832545681322462, 43.483138111483093 ], [ -3.801377026497109, 43.473190705578894 ], [ -3.793772409672162, 43.431722714699887 ], [ -3.568812538693909, 43.506972689564577 ], [ -3.444650576555656, 43.460806956191895 ], [ -3.415567925271582, 43.417799603587113 ], [ -3.252389361729975, 43.399445567899789 ], [ -3.15333810966044, 43.353222108331607 ], [ -3.027925046166868, 43.332313497387425 ], [ -3.024790610519245, 43.374129396787993 ], [ -2.93504580663295, 43.430268395557192 ], [ -2.759865807133231, 43.447660245588352 ], [ -2.412846795133367, 43.321082961925946 ], [ -2.150661580365306, 43.293896908858038 ], [ -1.820578954402331, 43.378984154865691 ], [ -1.728903006250957, 43.296088949382117 ], [ -1.407084658802322, 43.256848077393663 ], [ -1.397511783483384, 43.181767825050947 ], [ -1.452349744419285, 43.082767606301722 ], [ -1.416882302824728, 43.045649719629267 ], [ -1.367020645192759, 43.041032524295282 ], [ -1.304474639661754, 43.093085837920121 ], [ -1.251286848169742, 43.049101646683447 ], [ -0.994116149059332, 42.969404061697084 ], [ -0.76022201602756, 42.960519107595921 ], [ -0.562512750670349, 42.794724915468457 ], [ -0.396315350046348, 42.807678222034632 ], [ -0.313341956515901, 42.84936493228723 ], [ -0.046495984050024, 42.697262352365627 ], [ 0.179828278339496, 42.732358852459704 ], [ 0.296009798287016, 42.683240249311183 ], [ 0.354443516976973, 42.712972002371522 ], [ 0.660127053562029, 42.690952644316887 ], [ 0.67733887052265, 42.84324965945914 ], [ 0.858215052673562, 42.825741153698694 ], [ 1.068172958575351, 42.778506108582249 ], [ 1.174779499203773, 42.716813555768674 ], [ 1.347723169492101, 42.712972002162779 ], [ 1.442566157058681, 42.603667848750284 ], [ 1.440581556881834, 42.471506452650765 ], [ 1.464022998065129, 42.440003926304392 ], [ 1.538163793546045, 42.436661404317512 ], [ 1.725801229804506, 42.504401992398201 ], [ 1.893683154465067, 42.453834263550199 ], [ 2.027519672116866, 42.369001253591584 ], [ 2.262851337705969, 42.425522700236307 ], [ 2.554340689832572, 42.342086738921289 ], [ 2.633188875823973, 42.349216118139076 ], [ 2.722768700397096, 42.413875198498275 ], [ 2.925389755661062, 42.465253419580542 ], [ 3.174022445931382, 42.435239137506656 ], [ 3.16440463549899, 42.370686326962684 ], [ 3.296525747867185, 42.318120471769475 ], [ 3.271002113017611, 42.257699702799393 ], [ 3.154200403682797, 42.254045393886294 ], [ 3.115563087108911, 42.200904901873308 ], [ 3.124793675809407, 42.138948446430113 ], [ 3.202955022405906, 42.063957066470287 ], [ 3.224110762111601, 41.960268422724802 ], [ 3.206230816252169, 41.905696433324728 ], [ 3.047735411283237, 41.787235797207629 ], [ 2.778512932319312, 41.648807667144382 ], [ 2.252396709482452, 41.442571245670123 ], [ 2.106022800187482, 41.290430240091624 ], [ 1.645323422727899, 41.195621679563594 ], [ 0.968533230856561, 41.026768648270036 ], [ 0.711721775807465, 40.801914194333492 ], [ 0.86929315317336, 40.722358272895484 ], [ 0.868424551576809, 40.698892273654494 ], [ 0.749839619976352, 40.637304700443941 ], [ 0.602247049693181, 40.617057806159693 ], [ 0.515238433783633, 40.522918603355038 ], [ 0.390391355520416, 40.341147311958274 ], [ 0.188749973506661, 40.162670744352916 ], [ 0.124245635508792, 40.071068220267598 ], [ 0.049277504453811, 40.02840474723466 ], [ -0.01614198085964, 39.910151900313814 ], [ -0.188466906877392, 39.721954540920599 ], [ -0.316002675603617, 39.511734730610542 ], [ -0.330384796271326, 39.425523338175537 ], [ -0.228276731371482, 39.200135584651662 ], [ -0.202077168298223, 39.065922385234636 ], [ -0.037615969300946, 38.886413429735143 ], [ 0.170797434105108, 38.815056286627602 ], [ 0.219685672728698, 38.738494766396137 ], [ -0.028945660637887, 38.613591515343984 ], [ -0.089203571062494, 38.533972337712967 ], [ -0.349080848258211, 38.45585086741638 ], [ -0.409808828041201, 38.36258247611832 ], [ -0.494440136470616, 38.335102108951439 ], [ -0.515902093575657, 38.21059163245824 ], [ -0.626939317576942, 38.146442952519855 ], [ -0.654210157724424, 38.004732469797581 ], [ -0.84182180167725, 37.715839939723111 ], [ -0.726497283611012, 37.631619541838774 ], [ -0.732563176867295, 37.610166776100982 ], [ -0.916040805797379, 37.562444860828485 ], [ -1.313792093070164, 37.557847877012499 ], [ -1.429776335518856, 37.497402053893261 ], [ -1.481636985237911, 37.437257858481779 ], [ -1.629967654098976, 37.375150679269964 ], [ -1.801597216464133, 37.216613712721561 ], [ -1.90978152641388, 36.946205599442663 ], [ -2.130507369629387, 36.736667862004019 ], [ -2.196307178399659, 36.730969861224615 ], [ -2.353302720310987, 36.83781436153059 ], [ -2.551996501489095, 36.81637079272511 ], [ -2.636077611770167, 36.71390662435708 ], [ -2.711831011959018, 36.683769827143159 ], [ -2.853842430378712, 36.703303160081177 ], [ -2.927598844892926, 36.745385572680696 ], [ -3.128676714180449, 36.750887424845075 ], [ -3.288377357326607, 36.747416117654964 ], [ -3.436806986106874, 36.696036352574389 ], [ -3.618064911046414, 36.743570882752465 ], [ -4.398267393214475, 36.716283315750438 ], [ -4.652885049271245, 36.504638375330074 ], [ -4.910923895427056, 36.501240373064526 ], [ -5.192730154791827, 36.398915222953434 ], [ -5.339031880815703, 36.153367256291297 ], [ -5.423017846829628, 36.169793207600407 ], [ -5.444124367556769, 36.071038986418259 ], [ -5.596131033244545, 36.013480754832393 ], [ -5.800814198085527, 36.087838665563034 ], [ -5.908248736175438, 36.177293979573896 ], [ -6.033477919194117, 36.188798827580655 ], [ -6.241698700330194, 36.440474232995271 ], [ -6.187388442679216, 36.516453587524545 ], [ -6.237147214355749, 36.518867029934725 ], [ -6.237702619803862, 36.573701843364219 ], [ -6.383324372789183, 36.633652175206116 ], [ -6.428138698951073, 36.700901082967405 ], [ -6.431018267329706, 36.740171366777076 ], [ -6.345561015092574, 36.798766942515314 ], [ -6.395821201525082, 36.816264541418363 ], [ -6.479631254544235, 36.936333994622515 ], [ -6.589448434312567, 37.017871893650536 ], [ -6.837191803317742, 37.137958140798943 ], [ -7.05514760845081, 37.206683498569944 ], [ -7.401916633924495, 37.174827473053661 ], [ -7.45710136291269, 37.430588452322951 ], [ -7.512691485940048, 37.52625635650903 ], [ -7.504842713131173, 37.594807060245003 ], [ -7.416506861540191, 37.743557280915148 ], [ -7.292076993150717, 37.861364590929263 ], [ -7.250253028714204, 37.979401672516843 ], [ -7.10669512773111, 38.035458629534595 ], [ -7.055147607669018, 38.017762956159601 ], [ -7.006274580087766, 38.03451285386334 ], [ -6.931738573305778, 38.208378039563719 ], [ -7.055147607678792, 38.179489283649488 ], [ -7.107952585830986, 38.188121610477872 ], [ -7.308414722526693, 38.447764504746004 ], [ -7.3070329474054, 38.525952414209279 ], [ -7.255434014542164, 38.615417870551724 ], [ -7.260157036027793, 38.705993051748663 ], [ -7.055147608471573, 38.859062264819798 ], [ -6.960074818109846, 39.026357406898484 ], [ -6.987084030982011, 39.087430569582146 ], [ -7.055147608257077, 39.117035702862573 ], [ -7.131942404805032, 39.11031517567563 ], [ -7.148672902878833, 39.170142766878065 ], [ -7.237566783119284, 39.214185581306246 ], [ -7.231467160491739, 39.278431032474202 ], [ -7.312663629681401, 39.35370812129112 ], [ -7.308922915604658, 39.459287883953991 ], [ -7.492743549277236, 39.590039296773355 ], [ -7.542845392253438, 39.662786088274117 ], [ -7.347438214515712, 39.64352094984438 ], [ -7.055147608452283, 39.660872123152153 ], [ -7.012557274605511, 39.686054184281041 ], [ -6.975552500300975, 39.811509513655466 ], [ -6.911448042538966, 39.871087849910744 ], [ -6.873907016759536, 40.005171584831785 ], [ -6.940094272279941, 40.102600547056937 ], [ -7.018677851570007, 40.155386990112341 ], [ -7.013248987076081, 40.214921779939736 ], [ -6.951298651414942, 40.25744601884152 ], [ -6.865144205992289, 40.270694538718956 ], [ -6.78871655556236, 40.355290005830781 ], [ -6.842220655280625, 40.442373727564231 ], [ -6.801588018534751, 40.51883209685522 ], [ -6.837579507502033, 40.579586196718743 ], [ -6.800567690436214, 40.661421094111532 ], [ -6.826378256582589, 40.755518440515267 ], [ -6.80816075523399, 40.859236581725 ], [ -6.929864671971187, 41.029336226676442 ], [ -6.807831005087535, 41.048702596505947 ], [ -6.689786233769235, 41.205241370033022 ], [ -6.479713167971152, 41.294379828543576 ], [ -6.328375226602303, 41.391630609530907 ], [ -6.203885262519011, 41.585592289979559 ], [ -6.323686219481673, 41.667919938499757 ], [ -6.538349325814403, 41.682240686922583 ], [ -6.553774435992048, 41.747572329997809 ], [ -6.52506981042252, 41.864328948082239 ], [ -6.560452297350894, 41.887983021009028 ], [ -6.576681505322357, 41.954802667094107 ], [ -6.716600461080573, 41.937879855808788 ], [ -6.796093750962554, 41.986858149866357 ], [ -6.834670414926483, 41.948497512458374 ], [ -6.897984510127048, 41.941856555283323 ], [ -6.985800483593589, 41.971447052084685 ], [ -7.055147607508279, 41.949272416294392 ], [ -7.16532877120092, 41.978804560748806 ], [ -7.200464406593146, 41.879749416123516 ], [ -7.417802181098948, 41.818207855714675 ], [ -7.468686660412359, 41.862830373397955 ], [ -7.598640472464122, 41.834702777052598 ], [ -7.615163002119882, 41.873399130229039 ], [ -7.706939502419162, 41.902907854615705 ], [ -7.879368688091889, 41.86037107566662 ], [ -7.898409103114817, 41.919323217161313 ], [ -8.0518627247626, 41.820613920919243 ], [ -8.165075345114177, 41.818302138718735 ], [ -8.198510844538937, 41.92156951907446 ], [ -8.101729958049422, 42.04594285585992 ], [ -8.17453179537034, 42.081283546795738 ], [ -8.199000323681684, 42.154419059346353 ], [ -8.338551376362421, 42.090057936983484 ], [ -8.62531479371995, 42.045325717773977 ], [ -8.86318583914499, 41.872066458235651 ], [ -8.878904520620452, 42.084338318168385 ], [ -8.742405047609495, 42.24585244427184 ], [ -8.827875081854314, 42.288132245591875 ], [ -8.750958467115167, 42.392333601650108 ], [ -8.84241376284761, 42.412571784907691 ], [ -8.878693382570237, 42.455852140819374 ], [ -8.726749289605658, 42.688251517643472 ], [ -8.913366711436765, 42.620409880108284 ], [ -9.03482070944648, 42.54208724088943 ], [ -9.057239295432501, 42.624862854724775 ], [ -8.964285387791413, 42.775935275546047 ], [ -9.102667898133641, 42.767957051221657 ], [ -9.154315856532795, 42.903935645482967 ], [ -9.275276384941051, 42.935787210333928 ], [ -9.267568058392047, 43.033088241752694 ], [ -9.181558678665667, 43.115645152372529 ], [ -9.18076536750319, 43.169042822608155 ], [ -8.980084572961902, 43.231478815958369 ], [ -8.952914531063936, 43.286939264014769 ], [ -8.854319374075754, 43.323133060246306 ], [ -8.704601475893369, 43.295666750226751 ], [ -8.550961963513485, 43.317853796607871 ], [ -8.428167549718051, 43.375132509752902 ], [ -8.369693136540729, 43.355478210400584 ], [ -8.309285344510158, 43.390269286745678 ], [ -8.234978753084031, 43.35983386270788 ], [ -8.223543992327464, 43.406346252728568 ], [ -8.310529054144379, 43.467836759886552 ], [ -8.280443142325892, 43.546567049019757 ], [ -7.924564344515691, 43.751950246164604 ], [ -7.840663810651655, 43.724179721251332 ], [ -7.718005823511125, 43.755691695815493 ] ] ], [ [ [ 3.170223777812982, 39.767140500728672 ], [ 3.253129908865689, 39.740325472121825 ], [ 3.36297347387878, 39.77220646963638 ], [ 3.446166798246441, 39.717116609667023 ], [ 3.440669228169665, 39.656265377986529 ], [ 3.244137286589655, 39.384977958605582 ], [ 3.067264695812251, 39.280265891836351 ], [ 2.953354860202462, 39.352511799249676 ], [ 2.781043710905037, 39.382024173804801 ], [ 2.736834431715565, 39.506238652900905 ], [ 2.681690816219469, 39.546526533592285 ], [ 2.491779834868111, 39.482955747189131 ], [ 2.363562003206251, 39.557729265789305 ], [ 2.374182957327091, 39.600295211862928 ], [ 2.442116622048527, 39.646148424916717 ], [ 2.756029301548168, 39.832002464376643 ], [ 2.961026121754347, 39.912927783187236 ], [ 3.094883340010308, 39.923965645216548 ], [ 3.107178041538397, 39.874882383272812 ], [ 3.153830975223045, 39.856146938266313 ], [ 3.134759129586703, 39.815308205387389 ], [ 3.170223777812982, 39.767140500728672 ] ] ], [ [ [ 3.195842589202227, 39.954761600506671 ], [ 3.151010825534257, 39.915254392886695 ], [ 3.112455215682659, 39.930219030188518 ], [ 3.162963303856208, 39.967159089553007 ], [ 3.195842589202227, 39.954761600506671 ] ] ], [ [ [ 2.974916864002598, 39.138363674615789 ], [ 2.953274867615642, 39.114381232336321 ], [ 2.905816428769702, 39.132884701075334 ], [ 2.935233572714917, 39.171341857750093 ], [ 2.974916864002598, 39.138363674615789 ] ] ], [ [ [ 2.005345362901614, 42.451288875038529 ], [ 1.980651602047796, 42.436523729965536 ], [ 1.93891211053187, 42.455034160396394 ], [ 1.978718319610637, 42.497368146164312 ], [ 2.005345362901614, 42.451288875038529 ] ] ], [ [ [ 1.420603358388886, 38.893887306952401 ], [ 1.398183638491457, 38.84217683885916 ], [ 1.23964702092908, 38.869397198617584 ], [ 1.209665727697527, 38.960480916879192 ], [ 1.278759805618107, 38.978527640584929 ], [ 1.303668508303538, 39.034864838108405 ], [ 1.363071892588821, 39.072710636484743 ], [ 1.522211486660657, 39.113237427463737 ], [ 1.592292364071006, 39.079910843732556 ], [ 1.588320920198409, 39.004899350265347 ], [ 1.420603358388886, 38.893887306952401 ] ] ], [ [ [ 1.606571807494821, 38.673706160559227 ], [ 1.574899647051512, 38.648000114834808 ], [ 1.520433486012463, 38.672483838716474 ], [ 1.568924470379489, 38.69475686623462 ], [ 1.606571807494821, 38.673706160559227 ] ] ], [ [ [ 1.484296037746957, 38.696168572570024 ], [ 1.392929450143125, 38.646653886602159 ], [ 1.375917384479432, 38.721494434427591 ], [ 1.439253933481688, 38.748184120580355 ], [ 1.484296037746957, 38.696168572570024 ] ] ], [ [ [ 0.692161776571866, 40.588407989584788 ], [ 0.651546978588743, 40.54955038407099 ], [ 0.607266320644405, 40.569618701217806 ], [ 0.656775839514357, 40.598234949522499 ], [ 0.692161776571866, 40.588407989584788 ] ] ], [ [ [ -2.929703441969998, 35.271704467353139 ], [ -2.966139046848065, 35.284038442231051 ], [ -2.952482233823698, 35.319901314934071 ], [ -2.929703441969998, 35.271704467353139 ] ] ], [ [ [ -5.336119108681602, 35.891770287955339 ], [ -5.344183881233519, 35.871149651105327 ], [ -5.38203003855012, 35.912603280204287 ], [ -5.360083919577474, 35.913756678192669 ], [ -5.336119108681602, 35.891770287955339 ] ] ], [ [ [ -13.476397702675017, 29.410947889832229 ], [ -13.500329327720504, 29.378988721889076 ], [ -13.551953116195785, 29.381449548624278 ], [ -13.519653777798339, 29.424846621367319 ], [ -13.476397702675017, 29.410947889832229 ] ] ], [ [ [ -13.724679226674121, 28.903580345071681 ], [ -13.789548259051287, 28.842521475910743 ], [ -13.869480871906697, 28.852343130159525 ], [ -13.890532448929406, 28.881194055025759 ], [ -13.791688741869841, 29.054961953924927 ], [ -13.532318003742084, 29.141753030909818 ], [ -13.498891505264993, 29.215543232432385 ], [ -13.531715502565332, 29.242126166753955 ], [ -13.484253910391404, 29.282086863368669 ], [ -13.420862578342685, 29.189600471892373 ], [ -13.483156638442752, 28.997166218529195 ], [ -13.724679226674121, 28.903580345071681 ] ] ], [ [ [ -13.923203399008084, 28.280716842963372 ], [ -14.294206201684828, 28.072662658231682 ], [ -14.417528523418028, 28.0855119490855 ], [ -14.236722155675899, 28.266501566808191 ], [ -14.002681737153557, 28.680007255957349 ], [ -13.838692989637886, 28.737285830411412 ], [ -13.826198515841167, 28.4953571519445 ], [ -13.923203399008084, 28.280716842963372 ] ] ], [ [ [ -15.392229536517267, 28.177063081632621 ], [ -15.41392263464572, 28.135657874051496 ], [ -15.462825295423167, 28.16220940629114 ], [ -15.420301886989288, 28.191469959491393 ], [ -15.392229536517267, 28.177063081632621 ] ] ], [ [ [ -15.437474168123147, 27.808528566287347 ], [ -15.60428780553095, 27.739060516414408 ], [ -15.686454579760442, 27.759204347423321 ], [ -15.782352673015712, 27.83092763171847 ], [ -15.829736088369994, 27.906540992418222 ], [ -15.836295275866549, 27.971422375653514 ], [ -15.72671801750386, 28.074126047438117 ], [ -15.693751374063497, 28.14780403862272 ], [ -15.647710836930926, 28.166328717225731 ], [ -15.429516504590243, 28.124991879234628 ], [ -15.369605757001956, 27.969404551193694 ], [ -15.391249211836373, 27.862779048460638 ], [ -15.437474168123147, 27.808528566287347 ] ] ], [ [ [ -16.127780752324583, 28.549282182426371 ], [ -16.360482577598656, 28.368490520405608 ], [ -16.442049149743422, 28.139277688567237 ], [ -16.54576437128134, 28.03408799996491 ], [ -16.644970488892426, 28.007955663392142 ], [ -16.705684631129252, 28.022119684308972 ], [ -16.907635330556182, 28.340642864697703 ], [ -16.841114473544504, 28.383671077708005 ], [ -16.752235521589579, 28.374792695480526 ], [ -16.524462598207148, 28.421998370593567 ], [ -16.389838571040649, 28.539579708567434 ], [ -16.157723073875626, 28.580779336143838 ], [ -16.127780752324583, 28.549282182426371 ] ] ], [ [ [ -17.156679304594171, 28.041760788152409 ], [ -17.2351960183295, 28.018034073480582 ], [ -17.357441194748841, 28.098066616365152 ], [ -17.333812048261287, 28.189266879273294 ], [ -17.278213624427348, 28.220206887205052 ], [ -17.15525018777543, 28.180627622822417 ], [ -17.097098209768305, 28.105438820547061 ], [ -17.156679304594171, 28.041760788152409 ] ] ], [ [ [ -17.755632898589532, 28.582415334335458 ], [ -17.83807152686451, 28.459051594603757 ], [ -18.011722696286398, 28.778514216986739 ], [ -17.967280189191897, 28.828940739347988 ], [ -17.901889737758399, 28.85367801070802 ], [ -17.780908056221485, 28.836794464041134 ], [ -17.735068133732259, 28.762323196129699 ], [ -17.755632898589532, 28.582415334335458 ] ] ], [ [ [ -17.890421792129274, 27.812811769409237 ], [ -17.98207519615141, 27.64437326870851 ], [ -18.165549588508551, 27.724426830243935 ], [ -18.136653138365737, 27.761254369362952 ], [ -18.040693501565258, 27.765347985482478 ], [ -17.946451310418045, 27.842255571336807 ], [ -17.890421792129274, 27.812811769409237 ] ] ] ] } },
{ "type": "Feature", "properties": { "id": "FI", "name": "Finland" }, "geometry": { "type": "MultiPolygon", "coordinates": [ [ [ [ 28.037725938697712, 69.987485338407268 ], [ 28.32164300338572, 69.881798648082324 ], [ 28.408393425944936, 69.82217092011912 ], [ 29.142290380754211, 69.673587513973104 ], [ 29.309583420238098, 69.469799086782245 ], [ 29.202460974276011, 69.391533665905271 ], [ 28.853268716995839, 69.225088938910247 ], [ 28.825280185828355, 69.111619572384569 ], [ 28.929561557074823, 69.051911620843768 ], [ 28.452347061397756, 68.914921261297437 ], [ 28.48646964939417, 68.886978259038784 ], [ 28.788892089583431, 68.862126250612548 ], [ 28.700792118073231, 68.730619214943829 ], [ 28.445476204878641, 68.540782502619479 ], [ 28.627403678979309, 68.227099808925956 ], [ 28.675733599982038, 68.191265691086457 ], [ 29.322757286743983, 68.072110494570808 ], [ 29.649851551867837, 67.811809697771096 ], [ 30.005678296350563, 67.66169714228289 ], [ 29.926347000418673, 67.525993710914022 ], [ 29.531541978329816, 67.306490150565722 ], [ 29.04858535638428, 66.965673787605184 ], [ 29.048126084724053, 66.887816390821101 ], [ 29.115570690032094, 66.794679133969424 ], [ 29.322067477841905, 66.662862593876724 ], [ 29.572938322842045, 66.432856020939909 ], [ 29.699258954038136, 66.283914508341965 ], [ 29.941845873845722, 66.090218066963004 ], [ 30.064652121600986, 65.891919331898137 ], [ 30.117761853296301, 65.733663111224288 ], [ 30.086310395142661, 65.687255615718499 ], [ 29.775662343279024, 65.640368234385988 ], [ 29.838183496811368, 65.560345138577048 ], [ 29.754731583890571, 65.497369398189448 ], [ 29.732163963767931, 65.454797420670175 ], [ 29.738960487942542, 65.346608308908813 ], [ 29.607936673725458, 65.261962691120274 ], [ 29.640837239522291, 65.233063788593682 ], [ 29.759944800279168, 65.227367045687728 ], [ 29.874869920363327, 65.197305160316063 ], [ 29.834604963763031, 65.145309441791653 ], [ 29.849195255298639, 65.097056870047012 ], [ 29.732388588718607, 65.090616249577351 ], [ 29.629805568235685, 65.060269691037092 ], [ 29.601669809286655, 64.994918398689364 ], [ 29.617678743380431, 64.960011157969063 ], [ 29.613097661513731, 64.924712438643226 ], [ 29.645505985682711, 64.867610984954979 ], [ 29.695913592741931, 64.838307823177871 ], [ 29.691862444664629, 64.817274443737531 ], [ 29.738660279357521, 64.791192022998104 ], [ 30.069096332208531, 64.772742298973512 ], [ 30.056189514506645, 64.722578765456163 ], [ 30.122522567274867, 64.641577144521676 ], [ 30.009668332042736, 64.594568076096877 ], [ 29.989696099923655, 64.55960946707232 ], [ 30.056759993169855, 64.400365900088701 ], [ 30.476932564993955, 64.257498326350188 ], [ 30.498367829484227, 64.230445031956862 ], [ 30.480775828499532, 64.193650586966299 ], [ 30.543495133246939, 64.127725445524248 ], [ 30.509069583384132, 64.038866939443864 ], [ 30.262870855181411, 63.837023391649581 ], [ 29.971917177479522, 63.75716542445015 ], [ 30.487409090703441, 63.469141413806625 ], [ 30.784180497120399, 63.403672290680284 ], [ 31.217591333690898, 63.225214998195085 ], [ 31.275855912280196, 63.111459531618124 ], [ 31.504662503114528, 62.989111090673426 ], [ 31.574636689173808, 62.90908659394222 ], [ 31.437591197318142, 62.778907535833952 ], [ 31.365973252810949, 62.65208440390446 ], [ 31.155461034196033, 62.449596702281234 ], [ 30.934688579499568, 62.311697501130467 ], [ 30.656280878963422, 62.20108612186344 ], [ 30.575921326288402, 62.124239047866368 ], [ 29.723591241596125, 61.569637508461653 ], [ 29.597896155408275, 61.501157306188205 ], [ 29.508515582453423, 61.487644298616736 ], [ 29.448054669646847, 61.42683918471915 ], [ 29.21775297761938, 61.259868857886389 ], [ 28.84727989238019, 61.128806601227183 ], [ 28.720960064512411, 61.044550164777966 ], [ 28.65629474617505, 60.95721703366435 ], [ 28.51134540737365, 60.948142810922228 ], [ 27.991279422481426, 60.668978936270499 ], [ 27.796461915678215, 60.545358673393629 ], [ 27.744853971373168, 60.554400003071201 ], [ 27.6878065763552, 60.482050547719183 ], [ 27.497837636342197, 60.493318632182209 ], [ 27.39388143960764, 60.471231207619219 ], [ 27.212553855604881, 60.541392874650093 ], [ 27.106073793480576, 60.540080204640027 ], [ 27.002436830358665, 60.51387001191511 ], [ 26.891620092650097, 60.427260638606413 ], [ 26.755037636957557, 60.470661124224158 ], [ 26.598905097424698, 60.419569165678972 ], [ 26.453931863722254, 60.48765254528206 ], [ 26.358741317170082, 60.410005447652487 ], [ 26.077205562678184, 60.401564038016254 ], [ 26.088552941003837, 60.300837181916499 ], [ 25.987927768966454, 60.353335672387232 ], [ 25.88995577838163, 60.2206590151306 ], [ 25.678893613869665, 60.289479737410602 ], [ 25.616770316556579, 60.254454721305258 ], [ 25.528513026483939, 60.282811213727435 ], [ 25.063908248525248, 60.163738047163598 ], [ 24.796014588470594, 60.158368410882041 ], [ 24.665602366262441, 60.115952584682702 ], [ 24.490507569628029, 60.001210509792266 ], [ 24.447070401628377, 60.03612430633946 ], [ 24.399886189796728, 60.007198474212224 ], [ 24.279958582609513, 60.055522070574064 ], [ 24.045471730068055, 60.009640240808075 ], [ 23.957199622199322, 59.945876063561123 ], [ 23.773187561412556, 59.945252605421715 ], [ 23.508683368510891, 59.87166484772812 ], [ 23.393045824169388, 59.860666876809788 ], [ 23.304890968229227, 59.897811160804658 ], [ 23.180683593672672, 59.846026650061567 ], [ 23.042165167791246, 59.843992782899136 ], [ 23.035675452976758, 59.911548321381552 ], [ 22.923077129319729, 59.953427062338058 ], [ 22.995752220603105, 60.007403411866342 ], [ 23.028183207179566, 60.101486555292581 ], [ 22.926608100729972, 60.049356327321952 ], [ 22.851776845667626, 60.131027265538357 ], [ 22.735375121671982, 60.038086102072199 ], [ 22.436772685170503, 59.968247443412615 ], [ 22.367795503319641, 60.122417141374676 ], [ 22.430986424738752, 60.157424713768556 ], [ 22.4496458897986, 60.227460494337279 ], [ 22.231822190979941, 60.1770802357318 ], [ 22.145484506366419, 60.271227970823169 ], [ 22.109488646183006, 60.424235260449237 ], [ 22.017007045652754, 60.411849580621343 ], [ 21.988323309237657, 60.336517020452064 ], [ 21.929701225837668, 60.308950823624684 ], [ 21.702135825657169, 60.51937186025669 ], [ 21.541033887452169, 60.49455184551725 ], [ 21.299182643098526, 60.517453150640272 ], [ 21.2520008998181, 60.581938905943929 ], [ 21.2589349726934, 60.625600622906127 ], [ 21.361593343458519, 60.584052770211571 ], [ 21.405065713600038, 60.607042740427488 ], [ 21.347368068875149, 60.690184925676071 ], [ 21.331003629683899, 60.792054484676534 ], [ 21.246806560063852, 60.839778309403734 ], [ 21.227773896306168, 60.881671980448395 ], [ 21.288564923352173, 60.972680227825279 ], [ 21.36471269541051, 60.975539330902521 ], [ 21.368401627105666, 61.033763950482481 ], [ 21.419929581645729, 61.047443031611202 ], [ 21.453343214369465, 61.09916376725343 ], [ 21.423966526222543, 61.211897030277306 ], [ 21.506938380916299, 61.244367977894953 ], [ 21.542397573540573, 61.332053566309852 ], [ 21.489541942466794, 61.413560583812114 ], [ 21.559976709799351, 61.440907630962158 ], [ 21.518649356546259, 61.492146093790723 ], [ 21.573598420506947, 61.528330773227665 ], [ 21.527385789393374, 61.582784532755213 ], [ 21.601450391297238, 61.608411931412959 ], [ 21.543900233658249, 61.737934129784989 ], [ 21.472704594728185, 61.787302041449976 ], [ 21.488788131168953, 61.825183905756653 ], [ 21.440171943648583, 61.903767589750004 ], [ 21.338738580948291, 61.955711928614491 ], [ 21.306115460538063, 62.078260261754771 ], [ 21.378110003171372, 62.226714006616994 ], [ 21.31713590884608, 62.358691512372417 ], [ 21.204220887753944, 62.378817820094639 ], [ 21.135715985815207, 62.500079051123841 ], [ 21.143239791946886, 62.590530685395763 ], [ 21.105838749835893, 62.665542383258618 ], [ 21.146728018076761, 62.746633711443948 ], [ 21.154138992076039, 62.847272417750872 ], [ 21.221440729793549, 62.891642669429842 ], [ 21.388531836188829, 62.912869483927018 ], [ 21.414593036467462, 62.955163126674847 ], [ 21.375636395358743, 62.966541443934176 ], [ 21.369173205723275, 63.006059558644814 ], [ 21.40119222750522, 63.05607195754051 ], [ 21.582823422340894, 63.078140306637742 ], [ 21.534097826623547, 63.165628799221466 ], [ 21.570014123063235, 63.248861774483423 ], [ 21.709454498778246, 63.237303013908928 ], [ 21.904475979530929, 63.266167555077089 ], [ 22.033046939215769, 63.372123148385903 ], [ 22.10051965570117, 63.320802226538511 ], [ 22.32957776615179, 63.318023551087499 ], [ 22.340416591332254, 63.358279702867918 ], [ 22.253002238798185, 63.459599464000071 ], [ 22.258770807554505, 63.48047645976547 ], [ 22.349985224712981, 63.560585260697458 ], [ 22.434820394529194, 63.540819526655568 ], [ 22.459268821763349, 63.587277657453306 ], [ 22.66990722311423, 63.732303868872705 ], [ 22.681273074097533, 63.812960391474249 ], [ 22.867720175418896, 63.837023391356425 ], [ 22.843745688435639, 63.881576296273103 ], [ 22.89065685879968, 63.889741495309003 ], [ 22.978574641351695, 63.837023391634922 ], [ 22.989051031139688, 63.788022094850177 ], [ 23.027298670342706, 63.788896003630668 ], [ 23.045307103994332, 63.865301006543753 ], [ 23.113198637457081, 63.871579162841797 ], [ 23.151260457390414, 63.917081219978613 ], [ 23.380959691098884, 63.933264318899205 ], [ 23.40777120063267, 64.072132258671758 ], [ 23.617333112406573, 64.048771875317527 ], [ 23.610251289725959, 64.104360632420637 ], [ 23.646514097056027, 64.179281912904756 ], [ 23.968455987210834, 64.352455399871559 ], [ 24.03064488614541, 64.40666198040239 ], [ 24.345137614210941, 64.544440689860139 ], [ 24.413367330899238, 64.67062346213585 ], [ 24.53985696772564, 64.729174151024381 ], [ 24.585971360866232, 64.81546058151612 ], [ 24.658682897120865, 64.818840558036328 ], [ 24.733936486504533, 64.868236172229871 ], [ 25.078096125759501, 64.912870756288797 ], [ 25.311886323549928, 64.846124315446488 ], [ 25.350626236976446, 64.869299376661289 ], [ 25.360977546216986, 64.897593759913647 ], [ 25.248957574428154, 64.942682166822976 ], [ 25.226826000613972, 64.981505912306716 ], [ 25.438410574765033, 64.976954157789649 ], [ 25.375606188922312, 65.085877148174291 ], [ 25.24722634251172, 65.148685444570447 ], [ 25.315595638373896, 65.248108263839256 ], [ 25.261663129070278, 65.345768109608599 ], [ 25.328673264600443, 65.455011438700481 ], [ 25.222125126557639, 65.544584651545364 ], [ 24.867098158040083, 65.657017978961989 ], [ 24.572833952976417, 65.658020085953453 ], [ 24.554849268788168, 65.673625715417074 ], [ 24.578479504848861, 65.713592910782168 ], [ 24.554580033822361, 65.730102770330248 ], [ 24.322577588082215, 65.786740524430385 ], [ 24.183927872945791, 65.767877579200743 ], [ 24.110155328406776, 65.921892224877723 ], [ 23.950166917223861, 66.072322685229295 ], [ 23.920488986744573, 66.14995899668412 ], [ 23.739605820846194, 66.19457013482733 ], [ 23.678824418909294, 66.249438322002419 ], [ 23.650695820910059, 66.311767970792175 ], [ 23.678418244083598, 66.387745601155473 ], [ 23.643906721450854, 66.429149726635657 ], [ 23.856478275029485, 66.565388141509004 ], [ 23.89093593609217, 66.756866615174587 ], [ 23.987101758844954, 66.812728541770724 ], [ 23.849350815512011, 66.953427343667215 ], [ 23.56473772194304, 67.167480804072937 ], [ 23.579136241740752, 67.261561640077844 ], [ 23.716482346959474, 67.288656492153194 ], [ 23.759035998917547, 67.323688465870902 ], [ 23.749643767632559, 67.429291933912168 ], [ 23.485987076778464, 67.450737948897839 ], [ 23.413128040539853, 67.482159346562113 ], [ 23.547397694634288, 67.605138173758036 ], [ 23.485454616148878, 67.691990636069733 ], [ 23.488065633123487, 67.847247628574976 ], [ 23.635754502422508, 67.917740706369173 ], [ 23.644722632888342, 67.956757035360127 ], [ 23.393329238244885, 68.04980689934817 ], [ 23.294108326107278, 68.147989098899174 ], [ 23.159431333408119, 68.143246930888594 ], [ 23.141376078481258, 68.234252977136833 ], [ 23.057719669465836, 68.299464329772903 ], [ 22.82045227228317, 68.387242330204586 ], [ 22.425340903891961, 68.461971165242787 ], [ 22.354763591409679, 68.45280036439172 ], [ 22.324748346887429, 68.480563508935475 ], [ 22.042700448625169, 68.484983387696232 ], [ 21.902509194412673, 68.577203365748744 ], [ 21.720877113611035, 68.596017470570786 ], [ 21.628595088745243, 68.658919723648012 ], [ 21.436219740940583, 68.693389699329771 ], [ 21.380084409542469, 68.760084317738347 ], [ 21.300137046895571, 68.767625089664278 ], [ 21.01791230996033, 68.888724665654522 ], [ 20.901329009958609, 68.901166218015547 ], [ 20.860137513806333, 68.930820302694642 ], [ 20.89770396589207, 68.969011941582309 ], [ 20.773677155273134, 69.029739609917897 ], [ 20.548636558941542, 69.059968546070451 ], [ 20.723344735848976, 69.115393341953734 ], [ 21.05143267748981, 69.04374472130938 ], [ 21.07877263918936, 69.103404032050776 ], [ 21.020441456479393, 69.172826863273755 ], [ 21.021821481456282, 69.211682123365762 ], [ 21.294914735465373, 69.303389389358216 ], [ 21.633233057476534, 69.264529083262289 ], [ 21.979469820824917, 69.075048328787133 ], [ 22.316239694865125, 68.839701874583369 ], [ 22.399967675625756, 68.72691420456249 ], [ 22.541055455252025, 68.738639148033684 ], [ 22.793783479040314, 68.691247817839425 ], [ 23.02692384278869, 68.686303997692391 ], [ 23.196929473482225, 68.637617068178741 ], [ 23.652203419833988, 68.70720795271987 ], [ 23.780337977650998, 68.810189415125834 ], [ 23.890012722483505, 68.831701262850729 ], [ 24.124871789278938, 68.787406369822634 ], [ 24.297973333983833, 68.720971114136418 ], [ 24.734624496228001, 68.646703825201627 ], [ 24.891209215589466, 68.569843088480454 ], [ 25.097245236314826, 68.645688854028435 ], [ 25.136175158114423, 68.759333064162064 ], [ 25.186488238265476, 68.807113658419667 ], [ 25.441436747770368, 68.892595815144247 ], [ 25.617896272561499, 68.898637624672389 ], [ 25.733208731011331, 68.989345378900722 ], [ 25.715646392105199, 69.246882427539219 ], [ 25.819329974247424, 69.373630724285803 ], [ 25.819312958024614, 69.44291325106569 ], [ 25.865409820042562, 69.532593067669012 ], [ 25.953450164037811, 69.604193128120514 ], [ 25.951526034477148, 69.687663823391034 ], [ 26.357340828496472, 69.848226927333528 ], [ 26.494632825734957, 69.939398340405489 ], [ 26.81696319287304, 69.95735442168187 ], [ 27.039992002010681, 69.921623615297264 ], [ 27.27114544118923, 69.953114525069125 ], [ 27.610447496947678, 70.070167082412055 ], [ 27.91485650651132, 70.086780282279747 ], [ 28.037725938697712, 69.987485338407268 ] ] ], [ [ [ 27.257085421009389, 60.464050553839684 ], [ 27.221534033239063, 60.430526767468109 ], [ 27.194971956522942, 60.473846152681467 ], [ 27.241296417222976, 60.492369516583778 ], [ 27.257085421009389, 60.464050553839684 ] ] ], [ [ [ 27.073257031838196, 60.401220374589911 ], [ 27.045977020673458, 60.380156104026611 ], [ 26.982089334592271, 60.422959075393706 ], [ 27.042733699617195, 60.453767001718077 ], [ 27.073257031838196, 60.401220374589911 ] ] ], [ [ [ 26.808403580580013, 60.340484271960875 ], [ 26.76714185085169, 60.333389624124393 ], [ 26.73340320532591, 60.365983760613766 ], [ 26.751949295214754, 60.381058508171506 ], [ 26.781374135223338, 60.374915122271688 ], [ 26.808403580580013, 60.340484271960875 ] ] ], [ [ [ 26.564589205645824, 60.348459989330898 ], [ 26.531870941595823, 60.338340341007367 ], [ 26.49594283843496, 60.35897163779466 ], [ 26.534826938557185, 60.375505202562529 ], [ 26.564589205645824, 60.348459989330898 ] ] ], [ [ [ 26.546650139344223, 60.417093300262898 ], [ 26.563515465523452, 60.368748664538757 ], [ 26.518055069050636, 60.382159087531306 ], [ 26.490718693607459, 60.420916879013959 ], [ 26.546650139344223, 60.417093300262898 ] ] ], [ [ [ 26.473801472656977, 60.37545015584481 ], [ 26.414344263056158, 60.35109390150307 ], [ 26.378516463510188, 60.375913814686484 ], [ 26.441102902680097, 60.394314453551814 ], [ 26.473801472656977, 60.37545015584481 ] ] ], [ [ [ 26.240578864819202, 60.314846580653771 ], [ 26.199203091742582, 60.308176879682463 ], [ 26.161534275598921, 60.34229848229284 ], [ 26.213982952844571, 60.354089148381654 ], [ 26.240578864819202, 60.314846580653771 ] ] ], [ [ [ 26.026018261181747, 60.251654285359052 ], [ 26.039043757626715, 60.203760770162106 ], [ 26.004374695680205, 60.204155501238624 ], [ 25.967544186132233, 60.233271115495967 ], [ 26.026018261181747, 60.251654285359052 ] ] ], [ [ [ 25.878191345365551, 60.08329620100038 ], [ 25.843470537337481, 60.062805744918386 ], [ 25.789481521425689, 60.087563400057711 ], [ 25.836528895296869, 60.108623366629509 ], [ 25.878191345365551, 60.08329620100038 ] ] ], [ [ [ 25.567668479772703, 60.22029479312539 ], [ 25.532997574648945, 60.199083102852796 ], [ 25.483793097123112, 60.22220102846731 ], [ 25.535285516224846, 60.247136420364171 ], [ 25.567668479772703, 60.22029479312539 ] ] ], [ [ [ 23.411968645067592, 59.774506958417753 ], [ 23.377860142290402, 59.735170375810789 ], [ 23.334242089564356, 59.767426178862536 ], [ 23.365733732606312, 59.785976529294906 ], [ 23.411968645067592, 59.774506958417753 ] ] ], [ [ [ 25.261878769031981, 65.108034655931647 ], [ 25.264898235059178, 65.078047302605356 ], [ 25.1870115751783, 65.098088499868467 ], [ 25.202874212008524, 65.113354377216098 ], [ 25.261878769031981, 65.108034655931647 ] ] ], [ [ [ 22.842064960050031, 59.960257859282414 ], [ 22.821569867459537, 59.960257859856533 ], [ 22.811812693300631, 59.977545112671315 ], [ 22.805889470803606, 60.033875591401127 ], [ 22.8374347864629, 60.02714520254743 ], [ 22.842064960050031, 59.960257859282414 ] ] ], [ [ [ 22.630702649600288, 59.989076329133255 ], [ 22.644940412672938, 59.931498792247261 ], [ 22.608538244322041, 59.932899401267697 ], [ 22.587650536375655, 59.968336346195322 ], [ 22.630702649600288, 59.989076329133255 ] ] ], [ [ [ 22.571475138462137, 59.896878761894151 ], [ 22.498799872473864, 59.85431564362657 ], [ 22.444423819589375, 59.891390845804416 ], [ 22.493227918624157, 59.936304176431797 ], [ 22.571475138462137, 59.896878761894151 ] ] ], [ [ [ 24.872423264091989, 64.974860380818399 ], [ 24.788734693499819, 64.939352598102133 ], [ 24.621987044907037, 64.968703935736897 ], [ 24.529509773980767, 65.038057249030189 ], [ 24.7663811361429, 65.096937344956871 ], [ 24.90836297103451, 65.05608469917064 ], [ 24.872423264091989, 64.974860380818399 ] ] ], [ [ [ 22.362054580069799, 59.972507555924849 ], [ 22.36526262760157, 59.921423832121107 ], [ 22.327203128699523, 59.928166859838342 ], [ 22.311046250777299, 59.968218437415416 ], [ 22.362054580069799, 59.972507555924849 ] ] ], [ [ [ 22.241653347867974, 59.855959877790362 ], [ 22.213298904915064, 59.82397489959547 ], [ 22.160485122206012, 59.847387947658767 ], [ 22.211539372563628, 59.873498825569406 ], [ 22.241653347867974, 59.855959877790362 ] ] ], [ [ [ 22.150237741597881, 60.155711575446546 ], [ 22.117992870912826, 60.120337841242083 ], [ 22.083356815431664, 60.136582962759 ], [ 22.117650586656147, 60.17379629512201 ], [ 22.150237741597881, 60.155711575446546 ] ] ], [ [ [ 22.100508535774384, 60.199515074596611 ], [ 22.02836029251409, 60.142868032404436 ], [ 22.003747270245434, 60.173995693653524 ], [ 21.980112414397322, 60.167443910534601 ], [ 21.94034548949702, 60.111937502618503 ], [ 21.74836294112265, 60.100986752586827 ], [ 21.702857790482071, 60.128580551524109 ], [ 21.765470093023179, 60.202279345456063 ], [ 21.867587628711661, 60.203392214779562 ], [ 21.906388743174016, 60.16179072858867 ], [ 21.958868942290515, 60.230320653612736 ], [ 22.075806797872016, 60.218597367506838 ], [ 22.100508535774384, 60.199515074596611 ] ] ], [ [ [ 21.991932892020397, 60.054372205404306 ], [ 21.975010152470585, 60.015563757653005 ], [ 21.917385252367968, 60.022483679513883 ], [ 21.956904074504976, 60.061943167202664 ], [ 21.991932892020397, 60.054372205404306 ] ] ], [ [ [ 21.834615188577128, 59.890479371065624 ], [ 21.78733697046265, 59.883004453392992 ], [ 21.804452749410711, 59.928428281575819 ], [ 21.844933194383493, 59.944310434235796 ], [ 21.834615188577128, 59.890479371065624 ] ] ], [ [ [ 21.819214160472495, 60.024366303293512 ], [ 21.77886246356557, 60.019877678743939 ], [ 21.763332887232576, 60.071065504409553 ], [ 21.817047905471096, 60.06017064342236 ], [ 21.819214160472495, 60.024366303293512 ] ] ], [ [ [ 21.78432901841758, 59.973516820621612 ], [ 21.742223659828721, 59.919821995618491 ], [ 21.702942155941557, 59.935502213149235 ], [ 21.761369595656845, 59.978340985461124 ], [ 21.78432901841758, 59.973516820621612 ] ] ], [ [ [ 21.855825177569038, 60.303097468079926 ], [ 21.808453383712717, 60.254522221879718 ], [ 21.744301982503163, 60.27221264547525 ], [ 21.806553150787629, 60.312869887297737 ], [ 21.855825177569038, 60.303097468079926 ] ] ], [ [ [ 21.678174181111775, 59.993230319597679 ], [ 21.631661628373514, 59.96175190848524 ], [ 21.58901421725017, 59.984403807298669 ], [ 21.635684931882665, 60.007404277662602 ], [ 21.678174181111775, 59.993230319597679 ] ] ], [ [ [ 21.77943162542406, 60.343906890203364 ], [ 21.723415949512564, 60.343148362324598 ], [ 21.749052381075824, 60.382941711691764 ], [ 21.795335937514363, 60.38355318443346 ], [ 21.77943162542406, 60.343906890203364 ] ] ], [ [ [ 21.658083692701119, 60.113872007631521 ], [ 21.670479617245103, 60.085943069699319 ], [ 21.478767733390718, 60.113872007842694 ], [ 21.520855971640959, 60.176794846491504 ], [ 21.642483775382019, 60.198113044613017 ], [ 21.674944675359804, 60.172924288068465 ], [ 21.658083692701119, 60.113872007631521 ] ] ], [ [ [ 21.718015875819404, 60.251581441554826 ], [ 21.67705000343544, 60.242168646325176 ], [ 21.640372863133056, 60.281279207405532 ], [ 21.696574730731481, 60.286667318617347 ], [ 21.718015875819404, 60.251581441554826 ] ] ], [ [ [ 21.601542631175004, 60.042936943440836 ], [ 21.580088374543365, 60.009588817595606 ], [ 21.533512989839874, 60.033170704631381 ], [ 21.569972690510262, 60.067446825195375 ], [ 21.601542631175004, 60.042936943440836 ] ] ], [ [ [ 21.683010202372188, 60.474372921913506 ], [ 21.684640667433083, 60.384659142335153 ], [ 21.66317877431781, 60.389780624063356 ], [ 21.59869750757067, 60.468708042134843 ], [ 21.646591251211962, 60.488493971189165 ], [ 21.683010202372188, 60.474372921913506 ] ] ], [ [ [ 21.633877370704109, 60.254215610823088 ], [ 21.579463576559526, 60.217669843055702 ], [ 21.536764317560682, 60.259007272839405 ], [ 21.588054087800568, 60.268181317543323 ], [ 21.633877370704109, 60.254215610823088 ] ] ], [ [ [ 21.567143332051177, 60.340694314173518 ], [ 21.583449688258522, 60.281824944985203 ], [ 21.551387095721537, 60.286279538411115 ], [ 21.524858940640499, 60.335559176296016 ], [ 21.567143332051177, 60.340694314173518 ] ] ], [ [ [ 21.487395155435348, 60.269722962878156 ], [ 21.4232681728943, 60.184349799088238 ], [ 21.309782017252658, 60.210834240807188 ], [ 21.413079266286307, 60.281367152828466 ], [ 21.487395155435348, 60.269722962878156 ] ] ], [ [ [ 22.849266841963857, 63.93624201748051 ], [ 22.81751756093125, 63.906017185897298 ], [ 22.768548189257125, 63.908975894973345 ], [ 22.797359670344683, 63.949194617474674 ], [ 22.849266841963857, 63.93624201748051 ] ] ], [ [ [ 21.324828125599993, 60.149518919007292 ], [ 21.311801793300248, 60.139534263233607 ], [ 21.272420426335071, 60.154998963515204 ], [ 21.320607080404979, 60.174354354028445 ], [ 21.324828125599993, 60.149518919007292 ] ] ], [ [ [ 21.380900087604232, 60.34823652230483 ], [ 21.303584455936548, 60.310361435723067 ], [ 21.266174094576105, 60.32216692161802 ], [ 21.355857978415653, 60.437339116917435 ], [ 21.409551604611973, 60.430311956239059 ], [ 21.380900087604232, 60.34823652230483 ] ] ], [ [ [ 21.282383785779455, 60.077012355561315 ], [ 21.252384334530532, 60.047562165975293 ], [ 21.197980186011701, 60.062961485154183 ], [ 21.232580555579577, 60.092069645584488 ], [ 21.282383785779455, 60.077012355561315 ] ] ], [ [ [ 22.738057833669963, 63.873347506338973 ], [ 22.686403402381121, 63.872964148620689 ], [ 22.718366171244142, 63.922656287816686 ], [ 22.759292284803617, 63.895348734887229 ], [ 22.738057833669963, 63.873347506338973 ] ] ], [ [ [ 21.272340797189329, 60.155317204581642 ], [ 21.244085148548891, 60.149048759436361 ], [ 21.232888577070362, 60.167819275614072 ], [ 21.256688521374038, 60.173074146823502 ], [ 21.272340797189329, 60.155317204581642 ] ] ], [ [ [ 22.628540706693475, 63.793644627650131 ], [ 22.606914084764242, 63.73700447787197 ], [ 22.57365162499957, 63.756070843531674 ], [ 22.582271214075853, 63.793644627802394 ], [ 22.628540706693475, 63.793644627650131 ] ] ], [ [ [ 21.049149033633267, 59.931878069200941 ], [ 20.968255838651796, 59.872940891198546 ], [ 20.880621122020091, 59.900817592561303 ], [ 21.003301205387295, 59.952720996321915 ], [ 21.049149033633267, 59.931878069200941 ] ] ], [ [ [ 21.205155984766126, 60.600843166761443 ], [ 21.223954791073083, 60.556424299416193 ], [ 21.186258614755427, 60.55685818631472 ], [ 21.148855854332773, 60.595140085156096 ], [ 21.205155984766126, 60.600843166761443 ] ] ], [ [ [ 21.286966178517829, 60.772109097774809 ], [ 21.273163174599485, 60.711881546013402 ], [ 21.245736251360491, 60.727242112284358 ], [ 21.238071638420159, 60.771556652426575 ], [ 21.286966178517829, 60.772109097774809 ] ] ], [ [ [ 21.39466372244339, 61.183578034332001 ], [ 21.384457735672676, 61.162662304608098 ], [ 21.333111889415822, 61.192435436121862 ], [ 21.38342516048607, 61.214427629423774 ], [ 21.39466372244339, 61.183578034332001 ] ] ], [ [ [ 21.032307162301127, 60.172180761423256 ], [ 21.025698144639957, 60.148105496755797 ], [ 20.956417616993285, 60.167604212217626 ], [ 20.986734531262567, 60.191882187778212 ], [ 21.032307162301127, 60.172180761423256 ] ] ], [ [ [ 21.078799313165291, 60.336743879768505 ], [ 21.043550954385889, 60.332208786820544 ], [ 20.995462763434698, 60.379399329430846 ], [ 21.081005292400356, 60.507205454486993 ], [ 21.099705143399312, 60.456377051143171 ], [ 21.078799313165291, 60.336743879768505 ] ] ], [ [ [ 21.501193144185056, 61.636330804674913 ], [ 21.46320449751849, 61.607758948630213 ], [ 21.386992011314248, 61.62954607476113 ], [ 21.459808370796686, 61.662489273557512 ], [ 21.501193144185056, 61.636330804674913 ] ] ], [ [ [ 21.015518363733115, 60.327298910529144 ], [ 20.997395956820579, 60.291004001307634 ], [ 20.948570756663216, 60.310514670766565 ], [ 20.988719403184533, 60.349097525419481 ], [ 21.015518363733115, 60.327298910529144 ] ] ], [ [ [ 20.876095267203805, 60.016284667492407 ], [ 20.819867580261533, 59.998702984154875 ], [ 20.832079167365848, 60.048260324589073 ], [ 20.868482773518636, 60.055053933332701 ], [ 20.876095267203805, 60.016284667492407 ] ] ], [ [ [ 20.778138305649744, 59.746946060944758 ], [ 20.73461800268214, 59.722069388372866 ], [ 20.688028050834873, 59.747481840798763 ], [ 20.72662892369268, 59.766893721048213 ], [ 20.778138305649744, 59.746946060944758 ] ] ], [ [ [ 20.97417138929487, 60.456468703526653 ], [ 20.93760718625331, 60.423500998772035 ], [ 20.90406698105603, 60.474036836191068 ], [ 20.950179115684417, 60.485584989201037 ], [ 20.97417138929487, 60.456468703526653 ] ] ], [ [ [ 20.855268069253871, 60.216429312516858 ], [ 20.796819814664069, 60.173023411146922 ], [ 20.759262170488554, 60.192491487335658 ], [ 20.829772016278351, 60.223266739223369 ], [ 20.855268069253871, 60.216429312516858 ] ] ], [ [ [ 20.818817888140927, 60.268970219247599 ], [ 20.783096652709425, 60.238733843917792 ], [ 20.727702324221951, 60.244439962883121 ], [ 20.771745728070865, 60.291465369165806 ], [ 20.818817888140927, 60.268970219247599 ] ] ], [ [ [ 20.884493794861985, 60.491107466751671 ], [ 20.869423071607319, 60.447652641590523 ], [ 20.824370543255501, 60.481241616480375 ], [ 20.852308048051508, 60.511953845355634 ], [ 20.884493794861985, 60.491107466751671 ] ] ], [ [ [ 20.69369878120429, 60.128058413826032 ], [ 20.723631116513328, 60.07681761871202 ], [ 20.665916270757091, 60.077861254198908 ], [ 20.611951042998715, 60.128413916823405 ], [ 20.69369878120429, 60.128058413826032 ] ] ], [ [ [ 20.78761546771528, 60.359246111373018 ], [ 20.784657888301464, 60.314971433380869 ], [ 20.714976591446042, 60.317775775819619 ], [ 20.752853318520959, 60.367045256325461 ], [ 20.78761546771528, 60.359246111373018 ] ] ], [ [ [ 20.719544351310528, 60.206622250174284 ], [ 20.688493683261026, 60.186100780492851 ], [ 20.645239209954088, 60.205163720491413 ], [ 20.682114500439845, 60.240276675277869 ], [ 20.719544351310528, 60.206622250174284 ] ] ], [ [ [ 21.830672021307947, 63.438070111942316 ], [ 21.789075158773468, 63.412530892611748 ], [ 21.741287770606732, 63.432641558651554 ], [ 21.795382052129987, 63.458054450029771 ], [ 21.830672021307947, 63.438070111942316 ] ] ], [ [ [ 20.598121192927497, 60.028160996294666 ], [ 20.550229307699141, 59.990488334056096 ], [ 20.485013689672193, 60.005694089188431 ], [ 20.436249850557449, 59.975235638717514 ], [ 20.293795043603168, 59.962907007811012 ], [ 20.319667573210211, 60.007803293759146 ], [ 20.464465890102261, 60.093228985121847 ], [ 20.596271500314874, 60.108101259091065 ], [ 20.598121192927497, 60.028160996294666 ] ] ], [ [ [ 21.740275049279489, 63.320529810545615 ], [ 21.68766810851217, 63.270032328258068 ], [ 21.609631174770332, 63.286002353639347 ], [ 21.678205749532687, 63.328673401824446 ], [ 21.740275049279489, 63.320529810545615 ] ] ], [ [ [ 20.638822007560801, 60.429737527117105 ], [ 20.630375986870245, 60.372335739347513 ], [ 20.579155653661648, 60.40765679012992 ], [ 20.600369149334842, 60.428854673345342 ], [ 20.638822007560801, 60.429737527117105 ] ] ], [ [ [ 21.706348256716009, 63.390848882639389 ], [ 21.672173960111444, 63.367860490134632 ], [ 21.627293350033248, 63.391500221013175 ], [ 21.677034898359562, 63.418859038589815 ], [ 21.706348256716009, 63.390848882639389 ] ] ], [ [ [ 20.519588040555291, 60.235362544753166 ], [ 20.493828140566244, 60.194623486097043 ], [ 20.447557464301617, 60.22508414538342 ], [ 20.494378178695271, 60.250717793409848 ], [ 20.519588040555291, 60.235362544753166 ] ] ], [ [ [ 21.526042226829102, 63.152475181903093 ], [ 21.491055711332915, 63.127884647915053 ], [ 21.442454994143706, 63.150436373732575 ], [ 21.494138238313152, 63.176230983372427 ], [ 21.526042226829102, 63.152475181903093 ] ] ], [ [ [ 20.432430730496183, 60.318370107228759 ], [ 20.395343507532317, 60.207634630502703 ], [ 20.342014035893577, 60.222189603537487 ], [ 20.275207425852827, 60.194518839382091 ], [ 20.256770356647198, 60.212654959519554 ], [ 20.406546540485273, 60.321733645974675 ], [ 20.432430730496183, 60.318370107228759 ] ] ], [ [ [ 21.375386112790014, 63.358073516169412 ], [ 21.367360669745285, 63.292444550075778 ], [ 21.428030557777213, 63.220869476774126 ], [ 21.378722461979081, 63.176438353890092 ], [ 21.244831887362437, 63.17054770168685 ], [ 21.154482598450809, 63.207164880425324 ], [ 21.072008033447439, 63.289835980032166 ], [ 21.175511978115786, 63.350374674946295 ], [ 21.22850709964224, 63.337362477486415 ], [ 21.286073497635641, 63.373165845454345 ], [ 21.335816728406215, 63.375430460524598 ], [ 21.375386112790014, 63.358073516169412 ] ] ], [ [ [ 20.391043740914558, 60.332281218717291 ], [ 20.34756154541822, 60.320614042238589 ], [ 20.300154393354497, 60.347885716469285 ], [ 20.352743910233951, 60.364117310155777 ], [ 20.391043740914558, 60.332281218717291 ] ] ], [ [ [ 20.193236028660607, 60.198781779187961 ], [ 20.064063677658837, 60.16920133780031 ], [ 20.061947053304671, 60.104474137100652 ], [ 20.173093108761531, 60.094347287439696 ], [ 20.253593037999423, 60.143939880443263 ], [ 20.283391449420645, 60.119458478151302 ], [ 20.202206838652021, 59.999180663727941 ], [ 20.076809571141435, 60.028777848447227 ], [ 20.02082559053472, 59.995657193974907 ], [ 19.881882193646682, 60.093845654232453 ], [ 19.752373788849976, 60.107913767066947 ], [ 19.670109136391183, 60.177579743536462 ], [ 19.567170965275405, 60.162231308717018 ], [ 19.516068133314054, 60.189459645564199 ], [ 19.551826599475365, 60.271528072128227 ], [ 19.743019831464068, 60.306656775156441 ], [ 19.815014966530949, 60.411865861883925 ], [ 20.082891835631337, 60.401076931188477 ], [ 20.24729996280653, 60.269352118651938 ], [ 20.193236028660607, 60.198781779187961 ] ] ], [ [ [ 21.09427082576331, 62.569393124537662 ], [ 21.078439991822766, 62.522759459594141 ], [ 21.057030378858315, 62.527779826873306 ], [ 21.03369046095921, 62.581101298514973 ], [ 21.09427082576331, 62.569393124537662 ] ] ], [ [ [ 21.219895794436287, 62.966952182646125 ], [ 21.160774683437285, 62.943084847235362 ], [ 21.118326696449081, 62.999277290264587 ], [ 21.208898151266293, 63.016172529114151 ], [ 21.219895794436287, 62.966952182646125 ] ] ], [ [ [ 20.253960797739879, 60.463689723620433 ], [ 20.211480321321091, 60.424101159891052 ], [ 20.170810864672251, 60.447325788378031 ], [ 20.214153495951017, 60.473152255911401 ], [ 20.253960797739879, 60.463689723620433 ] ] ], [ [ [ 21.108405306093733, 63.435409583137499 ], [ 21.06602731472865, 63.404156819464056 ], [ 21.024389877463214, 63.416777405468196 ], [ 21.067025275898292, 63.452403266755034 ], [ 21.108405306093733, 63.435409583137499 ] ] ], [ [ [ 20.893055135296354, 63.031116994950487 ], [ 20.837958378561726, 62.97833770148884 ], [ 20.809878999675547, 63.001144106240517 ], [ 20.872867576531679, 63.039427112903617 ], [ 20.893055135296354, 63.031116994950487 ] ] ], [ [ [ 19.770448556020888, 60.378407173922639 ], [ 19.727018334197041, 60.334893985823022 ], [ 19.653967634027932, 60.354713841420143 ], [ 19.71424784260995, 60.389490374777608 ], [ 19.770448556020888, 60.378407173922639 ] ] ], [ [ [ 19.587624008375656, 60.317899177615203 ], [ 19.559024896496872, 60.30531609259436 ], [ 19.535668961585507, 60.31963976789504 ], [ 19.582545619684375, 60.36279008037824 ], [ 19.605188743716973, 60.36109225244644 ], [ 19.587624008375656, 60.317899177615203 ] ] ] ] } },
{ "type": "Feature", "properties": { "id": "CH", "name": "Switzerland" }, "geometry": { "type": "Polygon", "coordinates": [ [ [ 8.704616610395055, 47.755571780155314 ], [ 8.727981729914399, 47.692680482131486 ], [ 8.795708326923085, 47.675595535585323 ], [ 8.779952005995559, 47.708760293060472 ], [ 8.813527892585563, 47.720799924138085 ], [ 8.853917785621203, 47.699382475340947 ], [ 8.874888089644811, 47.654669926139242 ], [ 9.031332589545864, 47.683836101929622 ], [ 9.378016527849097, 47.624482159562646 ], [ 9.50694722543259, 47.549736364505513 ], [ 9.558720701645559, 47.54189287460278 ], [ 9.58071135662963, 47.479505269846449 ], [ 9.652242598767895, 47.443925347899388 ], [ 9.654928536835014, 47.386049804820885 ], [ 9.530749051451899, 47.270581012081259 ], [ 9.496119859679766, 47.206707411310951 ], [ 9.487607900294439, 47.190294411659458 ], [ 9.515219953935688, 47.121946060678262 ], [ 9.512246786361596, 47.085359648964882 ], [ 9.476047355473506, 47.051797490728305 ], [ 9.602817781679216, 47.061893874467266 ], [ 9.859735151560237, 47.015128022889449 ], [ 9.892031602567675, 46.931955016726121 ], [ 10.087918216686662, 46.849115976260535 ], [ 10.218667936466513, 46.867725662268398 ], [ 10.245827587486442, 46.922321076946467 ], [ 10.312132323372847, 46.932117216622579 ], [ 10.376084974059889, 46.99467340916042 ], [ 10.478442064463454, 46.935742532571879 ], [ 10.469651302255382, 46.854908998200997 ], [ 10.390437970305261, 46.681059615619418 ], [ 10.406368916741428, 46.64466329384971 ], [ 10.483347369450742, 46.613076889692472 ], [ 10.4528011864139, 46.53068305387368 ], [ 10.3027876601394, 46.55307747274847 ], [ 10.232708063159656, 46.627736572788628 ], [ 10.107064082138397, 46.602310397134609 ], [ 10.050752220347784, 46.53778915851278 ], [ 10.044022577172194, 46.468589582439932 ], [ 10.062771778594801, 46.433199172848262 ], [ 10.156918027470532, 46.406828124777022 ], [ 10.112934867489233, 46.338563072959154 ], [ 10.165622659624638, 46.255129283892387 ], [ 10.115683265103279, 46.230914115575715 ], [ 10.055834991539479, 46.235469641480776 ], [ 9.93756425741439, 46.37824722904935 ], [ 9.734387478419441, 46.336955866400565 ], [ 9.702499398645879, 46.299007191519451 ], [ 9.556173179182112, 46.306620841967565 ], [ 9.464089746646801, 46.387351519481157 ], [ 9.456292259977031, 46.494797954633256 ], [ 9.412521943871766, 46.476509301556341 ], [ 9.303220549456139, 46.497011898871982 ], [ 9.258705833802507, 46.443144847853681 ], [ 9.291851081374698, 46.325646346051101 ], [ 9.248531338543906, 46.233767857136208 ], [ 9.016486130147621, 46.035814110615718 ], [ 9.009059894581759, 45.953279436245133 ], [ 9.07566046263482, 45.896141352813373 ], [ 9.040517636937372, 45.840590824241765 ], [ 8.912146832221961, 45.830445076440007 ], [ 8.933784730583394, 45.875627072967788 ], [ 8.887866294031827, 45.952774937496308 ], [ 8.795268731481041, 45.997199727983876 ], [ 8.838172156491247, 46.072091059557792 ], [ 8.75099825704995, 46.112721386596277 ], [ 8.713935970650262, 46.097271949835765 ], [ 8.61739640925928, 46.125478776866665 ], [ 8.463545438616158, 46.243139876354995 ], [ 8.43654351771448, 46.291730094345645 ], [ 8.462038473301424, 46.435939021423152 ], [ 8.384716933731539, 46.452158565743893 ], [ 8.306270441232696, 46.416115979055114 ], [ 8.297925315431817, 46.376204281104719 ], [ 8.215418153970884, 46.317253117118959 ], [ 8.104120429409642, 46.275755607555062 ], [ 8.155430195465167, 46.192931826347639 ], [ 8.151916042984411, 46.15116654060563 ], [ 8.037243414455725, 46.09341547258591 ], [ 7.995642604665479, 46.006116101049393 ], [ 7.89681802660491, 45.985342952956088 ], [ 7.864076428328577, 45.916750421437115 ], [ 7.561001164974892, 45.977431282740177 ], [ 7.396470029968218, 45.904406330931522 ], [ 7.294815035017269, 45.915150547545792 ], [ 7.186161481373539, 45.86708376660637 ], [ 7.110186188594137, 45.870068832191585 ], [ 7.044886013638479, 45.922413068294127 ], [ 6.945428255533381, 46.050001743079413 ], [ 6.89595549952596, 46.055288395669358 ], [ 6.891128315285606, 46.117843274131175 ], [ 6.801562561928147, 46.155425075115829 ], [ 6.853781437800536, 46.274844748792816 ], [ 6.781565372217262, 46.349257264202379 ], [ 6.821063854843043, 46.427154371898162 ], [ 6.518902874483413, 46.453270627754314 ], [ 6.314674997577295, 46.392598089092985 ], [ 6.219546988692885, 46.311877919642335 ], [ 6.297937255622612, 46.248022832895806 ], [ 6.289481121560884, 46.228134962753323 ], [ 6.142107601309023, 46.146695920464715 ], [ 5.956066776821599, 46.132095503840482 ], [ 5.982188457006033, 46.206700005421041 ], [ 6.111630021959168, 46.254024305651974 ], [ 6.156259916479373, 46.370810083418455 ], [ 6.064002809851224, 46.416229118848761 ], [ 6.138105761744775, 46.557666996075753 ], [ 6.137969346617554, 46.593620149311 ], [ 6.435646894378488, 46.765839623664021 ], [ 6.460010995009191, 46.851551541605929 ], [ 6.458979554214502, 46.946844947054053 ], [ 6.616593623871662, 46.995523522639218 ], [ 6.858913935720634, 47.16529459384396 ], [ 6.944665857147394, 47.241547981867257 ], [ 6.957396091198253, 47.28735929811522 ], [ 7.043069554376814, 47.339116006940472 ], [ 7.020597358778489, 47.367977961888727 ], [ 6.899541642620751, 47.368799749271005 ], [ 6.939185973117248, 47.43370440354736 ], [ 6.984817972589195, 47.452154654114452 ], [ 7.004928010589832, 47.497911978190835 ], [ 7.130353228511457, 47.503040429008792 ], [ 7.187767192389827, 47.443793539013328 ], [ 7.380893940646048, 47.43189252137509 ], [ 7.51090573428759, 47.502582579004489 ], [ 7.509615893971085, 47.5379228953026 ], [ 7.589039168443982, 47.589878019553737 ], [ 7.713784362883153, 47.539405003086564 ], [ 7.894107271671882, 47.586375113970377 ], [ 7.923274512264221, 47.55479855294098 ], [ 8.033313668536648, 47.553140495251114 ], [ 8.2151175444804, 47.615223764520763 ], [ 8.426434680008422, 47.567548922010324 ], [ 8.512839030775186, 47.627808556438303 ], [ 8.562840807152787, 47.599432592929006 ], [ 8.595602090721291, 47.605544410247035 ], [ 8.606369523029725, 47.669005578068131 ], [ 8.507951974281724, 47.64916901129601 ], [ 8.427617488165556, 47.672315905373516 ], [ 8.418542543846561, 47.700065903693492 ], [ 8.510114897850723, 47.7761904129746 ], [ 8.578105175177354, 47.803101372731177 ], [ 8.613831660502878, 47.801079061898491 ], [ 8.704616610395055, 47.755571780155314 ] ], [ [ 8.691933245753384, 47.707520972927973 ], [ 8.670461193533225, 47.684862441850115 ], [ 8.7177197305357, 47.690742050407358 ], [ 8.691933245753384, 47.707520972927973 ] ] ] } },
{ "type": "Feature", "properties": { "id": "CY", "name": "Cyprus" }, "geometry": { "type": "Polygon", "coordinates": [ [ [ 32.254427822601166, 35.065554210885999 ], [ 32.427086914161556, 35.081968540359028 ], [ 32.631070037130058, 35.167936624577976 ], [ 32.825856498364473, 35.195496784342033 ], [ 33.008535932826042, 35.361552563253667 ], [ 33.607111056819512, 35.365737038266957 ], [ 33.944817630625032, 35.449081370105674 ], [ 34.218086857398113, 35.556658145036664 ], [ 34.276810209559663, 35.547464599231944 ], [ 33.976457908056979, 35.264377744745012 ], [ 33.958343422234591, 34.991525084908879 ], [ 33.733256075859423, 34.9423352100887 ], [ 33.513711673733717, 34.797807580333981 ], [ 32.99257338296853, 34.616615211032297 ], [ 32.667562944080395, 34.660064297147748 ], [ 32.451827731687231, 34.763672605521897 ], [ 32.332106432916333, 34.888068015996552 ], [ 32.254427822601166, 35.065554210885999 ] ] ] } },
{ "type": "Feature", "properties": { "id": "CZ", "name": "Czechia" }, "geometry": { "type": "Polygon", "coordinates": [ [ [ 14.317873514431971, 51.054699131362433 ], [ 14.414831052639201, 51.025208504196243 ], [ 14.491221239470242, 51.043530409235274 ], [ 14.589697599375237, 50.986442000489518 ], [ 14.575259024589538, 50.923248461320249 ], [ 14.638572276241446, 50.921787528396429 ], [ 14.618799759626604, 50.85780447507743 ], [ 14.77003665835363, 50.823728624023161 ], [ 14.823362000421843, 50.870550369710386 ], [ 14.989533607781356, 50.872930503159822 ], [ 15.008884592030784, 50.958057321464203 ], [ 14.982449096437565, 50.993709836985644 ], [ 15.011622487912492, 51.01515946584594 ], [ 15.165004836412853, 51.009288489533347 ], [ 15.273846765258574, 50.966843313509216 ], [ 15.281978115649931, 50.901976364275306 ], [ 15.383728395306935, 50.783582618455334 ], [ 15.455775322585854, 50.801764489701412 ], [ 15.535267653333049, 50.779375994673657 ], [ 15.80960632158159, 50.747686288706035 ], [ 15.86949258629601, 50.677765569652465 ], [ 15.981196399471248, 50.682139106000086 ], [ 16.021929897247453, 50.611257952865834 ], [ 16.107318043110627, 50.662073016856034 ], [ 16.190634053597197, 50.632635824660838 ], [ 16.245389963632274, 50.664934390659788 ], [ 16.337868741901669, 50.651597912008491 ], [ 16.427274610947951, 50.598340945884978 ], [ 16.383094162438322, 50.520349218091688 ], [ 16.211609715205288, 50.427409092578401 ], [ 16.445805954613302, 50.308953662612133 ], [ 16.548439939307134, 50.22113318867288 ], [ 16.580289973043303, 50.142788096592604 ], [ 16.705345037961269, 50.102713227689883 ], [ 16.863269830285379, 50.19812309777074 ], [ 17.016597851413255, 50.231628164250274 ], [ 17.005536087661305, 50.291105353050078 ], [ 16.872740296947363, 50.408845601644444 ], [ 16.907924285709935, 50.449454076315305 ], [ 17.190904867711698, 50.380655458279726 ], [ 17.429605127301027, 50.254512985168382 ], [ 17.62100077993771, 50.27157372263737 ], [ 17.711611425145762, 50.31636686513442 ], [ 17.740773349416028, 50.297728756159948 ], [ 17.756373289081576, 50.220139008910877 ], [ 17.617186678732292, 50.16857476199619 ], [ 17.628917441553273, 50.128878966804308 ], [ 17.724757801290288, 50.097151007710835 ], [ 17.782416299634452, 50.026486698551892 ], [ 17.873237741269548, 49.976567689945966 ], [ 18.033109159208614, 50.010112217006117 ], [ 18.014757247894874, 50.047198142253599 ], [ 18.03506107939371, 50.065772019856844 ], [ 18.128277363857514, 49.996785508235945 ], [ 18.202785068841816, 49.988591590583376 ], [ 18.312150106753741, 49.924510505569778 ], [ 18.398723923384896, 49.938970101847552 ], [ 18.575724146611829, 49.910422957243448 ], [ 18.578606493068108, 49.826032858458092 ], [ 18.625587049378137, 49.732448598212393 ], [ 18.801859193624967, 49.669645474934711 ], [ 18.851551020597427, 49.51718893547573 ], [ 18.750424443569155, 49.493446562755999 ], [ 18.570911146587012, 49.504027469433844 ], [ 18.465432777678011, 49.407171874730629 ], [ 18.403595554276631, 49.396745481822229 ], [ 18.391607473599841, 49.345462218141094 ], [ 18.16709978264581, 49.267246948906688 ], [ 18.072267197842386, 49.043940169766294 ], [ 17.930106871633612, 49.016156856528355 ], [ 17.877822776980441, 48.932868268267555 ], [ 17.787174915476658, 48.921445524972128 ], [ 17.646930065533351, 48.854265880434816 ], [ 17.396725476005503, 48.813350116468172 ], [ 17.185262894858969, 48.865980926818217 ], [ 17.040245660305356, 48.756720730574685 ], [ 16.940278025624135, 48.617245444121018 ], [ 16.896612201135785, 48.711750658737969 ], [ 16.693768514415744, 48.734301548395614 ], [ 16.65596731053617, 48.777556176381736 ], [ 16.546796780531352, 48.80627059560797 ], [ 16.466416523631128, 48.802834936465402 ], [ 16.403834041694711, 48.744629147374603 ], [ 16.335853821601049, 48.731016792377332 ], [ 16.068075433469065, 48.754800724626037 ], [ 15.834942547491307, 48.869700170488663 ], [ 15.753633425545445, 48.852178442582527 ], [ 15.542449603460929, 48.907696908661677 ], [ 15.361907222039584, 48.979339822491134 ], [ 15.181395191334458, 48.95353423786937 ], [ 15.127130987327167, 48.995249303488713 ], [ 15.009992731422971, 49.013214452822332 ], [ 14.982326814665527, 48.969395785005673 ], [ 14.966088990547815, 48.773024872335228 ], [ 14.817876089352829, 48.772493213919937 ], [ 14.733222865371992, 48.687638117962273 ], [ 14.691013826373037, 48.584301926872868 ], [ 14.616688137680187, 48.620458406567003 ], [ 14.546209462904278, 48.609285434327489 ], [ 14.473959610633722, 48.635895346178998 ], [ 14.331422023467981, 48.559086087927021 ], [ 14.094495857000137, 48.593477120630972 ], [ 14.024635015392622, 48.637704584807402 ], [ 14.042092893516459, 48.661831843553578 ], [ 14.010656260620488, 48.698123290517351 ], [ 13.839507129477148, 48.771605025728434 ], [ 13.73538675846638, 48.876103519342131 ], [ 13.551578318067449, 48.967787491903266 ], [ 13.492369821375739, 48.950640131767024 ], [ 13.416651532457561, 48.980035365222726 ], [ 13.351076147653945, 49.08037402186968 ], [ 13.199130729623745, 49.131063628473278 ], [ 13.170907942944529, 49.173579628373552 ], [ 12.953582401796933, 49.338624183577245 ], [ 12.789941357202672, 49.35082340037156 ], [ 12.6337634327997, 49.476195108856487 ], [ 12.635993460603391, 49.518650306366908 ], [ 12.593778744487658, 49.542191354505832 ], [ 12.515649485358752, 49.679909389536036 ], [ 12.401524208507894, 49.758373119054326 ], [ 12.463885852653194, 49.788826119877399 ], [ 12.550988701578722, 49.905088076665379 ], [ 12.49197389738794, 49.936334390523491 ], [ 12.477306676272674, 49.978700352629382 ], [ 12.260798922794876, 50.058156653040022 ], [ 12.160679128638748, 50.219849101156044 ], [ 12.106766327234189, 50.247243583916543 ], [ 12.127776820753025, 50.281129732687766 ], [ 12.100900624937974, 50.318028073181836 ], [ 12.179498283309625, 50.31426690739886 ], [ 12.317093461500413, 50.175462282735708 ], [ 12.409144016840099, 50.321441917307538 ], [ 12.583778452584477, 50.407078914137081 ], [ 12.703152423616324, 50.406086539313691 ], [ 12.821448830216967, 50.453385503618293 ], [ 12.948144599616004, 50.404311466954958 ], [ 13.011961756883272, 50.44466938623632 ], [ 13.045434976530091, 50.509872428269929 ], [ 13.181626310648589, 50.506420331292254 ], [ 13.256298365641863, 50.585547420660617 ], [ 13.306492517172551, 50.581814192362941 ], [ 13.386857086521545, 50.634740450193469 ], [ 13.452819042483934, 50.607911057147852 ], [ 13.501846054285314, 50.633643030747912 ], [ 13.54124251283751, 50.705406601822553 ], [ 13.652174078192358, 50.730359932729627 ], [ 13.853796310513108, 50.731573948215988 ], [ 13.977826163152999, 50.810214625385875 ], [ 14.37619324142331, 50.901098728220461 ], [ 14.384791861428404, 50.934717016016194 ], [ 14.268609022582931, 50.993032264104734 ], [ 14.317873514431971, 51.054699131362433 ] ] ] } },
{ "type": "Feature", "properties": { "id": "DE", "name": "Germany" }, "geometry": { "type": "MultiPolygon", "coordinates": [ [ [ [ 10.454438851635778, 47.555797021089816 ], [ 10.459572846617341, 47.424118145829695 ], [ 10.337045216392898, 47.314141280063033 ], [ 10.178352766884297, 47.270114021788423 ], [ 10.223510622223015, 47.371973666396727 ], [ 10.102406752383303, 47.366586232072457 ], [ 10.084454221753189, 47.446768055729244 ], [ 9.999526182575735, 47.483017135964808 ], [ 9.967813722692496, 47.54624055026764 ], [ 9.854491877678804, 47.536804893480728 ], [ 9.79099479911585, 47.589969792370127 ], [ 9.700424058431272, 47.528309631913494 ], [ 9.558720701645559, 47.54189287460278 ], [ 9.50694722543259, 47.549736364505513 ], [ 9.378016527849097, 47.624482159562646 ], [ 9.031332589545864, 47.683836101929622 ], [ 8.874888089644811, 47.654669926139242 ], [ 8.853917785621203, 47.699382475340947 ], [ 8.813527892585563, 47.720799924138085 ], [ 8.779952005995559, 47.708760293060472 ], [ 8.795708326923085, 47.675595535585323 ], [ 8.727981729914399, 47.692680482131486 ], [ 8.704616610395055, 47.755571780155314 ], [ 8.613831660502878, 47.801079061898491 ], [ 8.578105175177354, 47.803101372731177 ], [ 8.510114897850723, 47.7761904129746 ], [ 8.418542543846561, 47.700065903693492 ], [ 8.427617488165556, 47.672315905373516 ], [ 8.507951974281724, 47.64916901129601 ], [ 8.606369523029725, 47.669005578068131 ], [ 8.595602090721291, 47.605544410247035 ], [ 8.562840807152787, 47.599432592929006 ], [ 8.512839030775186, 47.627808556438303 ], [ 8.426434680008422, 47.567548922010324 ], [ 8.2151175444804, 47.615223764520763 ], [ 8.033313668536648, 47.553140495251114 ], [ 7.923274512264221, 47.55479855294098 ], [ 7.894107271671882, 47.586375113970377 ], [ 7.713784362883153, 47.539405003086564 ], [ 7.589039168443982, 47.589878019553737 ], [ 7.519984578259928, 47.681366382196614 ], [ 7.54599041370216, 47.743573960857233 ], [ 7.536092350449684, 47.793713958453075 ], [ 7.612283371717695, 47.971274577458118 ], [ 7.573397329140904, 48.041422989120392 ], [ 7.576981681665536, 48.119056386950163 ], [ 7.737330109900175, 48.33821301643971 ], [ 7.815085884281033, 48.60319746321025 ], [ 8.090737851107308, 48.810350411818703 ], [ 8.170153685455579, 48.927671198270232 ], [ 8.232632878579958, 48.966571391283075 ], [ 7.910654726008721, 49.045163378502401 ], [ 7.635650928423454, 49.053950390818443 ], [ 7.526591327399956, 49.101928472808574 ], [ 7.478251060454119, 49.164566943336425 ], [ 7.368755544731484, 49.161458091057298 ], [ 7.294853739377919, 49.121107825789117 ], [ 7.192431411264568, 49.118132002443957 ], [ 7.101069047568275, 49.15599803739125 ], [ 7.057066499507204, 49.124479201436877 ], [ 7.021558190815187, 49.18902532849922 ], [ 6.931167936446737, 49.216402274500759 ], [ 6.850277595366442, 49.208493568759799 ], [ 6.831794815999468, 49.158504988059711 ], [ 6.752831936637471, 49.166354662953452 ], [ 6.721882215367441, 49.184438377645343 ], [ 6.723465735797196, 49.218829137406971 ], [ 6.589815351161929, 49.327550846410624 ], [ 6.556985812897825, 49.419208385675837 ], [ 6.449555486059733, 49.468491204122152 ], [ 6.367107613804149, 49.469506980058611 ], [ 6.380052606148396, 49.551105031055627 ], [ 6.432479861330182, 49.661634478248189 ], [ 6.500915892253473, 49.718307896809321 ], [ 6.510930899579578, 49.782459039788762 ], [ 6.474962737645637, 49.821275076008227 ], [ 6.326949510284004, 49.844938105269208 ], [ 6.244290075459821, 49.897646893308163 ], [ 6.126924857648275, 50.029131931898675 ], [ 6.137662259454002, 50.129951505348018 ], [ 6.195338293227735, 50.241408402811608 ], [ 6.312314131318585, 50.311979024195971 ], [ 6.405028614468013, 50.323308534883601 ], [ 6.354845246419987, 50.379207769617835 ], [ 6.366259926635257, 50.446339306133588 ], [ 6.315555889448737, 50.497042609453501 ], [ 6.192200636658699, 50.521055481724687 ], [ 6.189312372615754, 50.566094054944024 ], [ 6.255439683955744, 50.622852760199677 ], [ 6.020999005664916, 50.754295369911581 ], [ 6.0216879314878, 50.832297948173995 ], [ 6.080229899538825, 50.875117592346591 ], [ 6.086947595856187, 50.913134963047959 ], [ 6.028963734869696, 50.9357372989776 ], [ 6.01507640533114, 50.977304752072399 ], [ 5.921766728733902, 50.983539137889167 ], [ 5.877055681567017, 51.032059737084921 ], [ 5.898565973498571, 51.059104856438125 ], [ 5.961270886413241, 51.048510827459673 ], [ 6.174812124024052, 51.184513429325193 ], [ 6.086795390345171, 51.18040787960674 ], [ 6.072657111116431, 51.242587578273977 ], [ 6.224405043705392, 51.364979023243514 ], [ 6.206069270821908, 51.515798334863611 ], [ 6.104911214631599, 51.602392716428916 ], [ 6.104045632669473, 51.654966709280508 ], [ 5.953191999735481, 51.747846099075595 ], [ 5.978531552582488, 51.771063822915025 ], [ 5.965481402709078, 51.827957138011136 ], [ 6.060832506673026, 51.859149956258328 ], [ 6.152680302769991, 51.845780401656569 ], [ 6.144486057406611, 51.891697213735199 ], [ 6.167766021143598, 51.900804652321867 ], [ 6.407779531583725, 51.828092120121056 ], [ 6.418527536520961, 51.858959217739226 ], [ 6.76986877199247, 51.921587257566841 ], [ 6.81990638409693, 51.990411578490225 ], [ 6.695375788401134, 52.050667497535208 ], [ 6.760464770400778, 52.118569367606121 ], [ 6.853010674745573, 52.124660908543028 ], [ 6.991693562691541, 52.222223640290139 ], [ 7.065685203546269, 52.241373034658061 ], [ 7.035379512454467, 52.288324443085592 ], [ 7.061811965894332, 52.377351375205933 ], [ 6.988397913327109, 52.450243606474686 ], [ 6.697774679340382, 52.486301260641653 ], [ 6.696062314679344, 52.544406239625147 ], [ 6.729879227657059, 52.573882993527015 ], [ 6.709741816491521, 52.627784127185762 ], [ 6.805326197110194, 52.651885120312286 ], [ 7.006229335508773, 52.63876304270515 ], [ 7.05314411683773, 52.656941579514758 ], [ 7.092691935780805, 52.838200854747605 ], [ 7.201080884616623, 52.985503174397934 ], [ 7.208935201710104, 53.243064467250107 ], [ 7.252416265521786, 53.305944438620578 ], [ 7.302077282801113, 53.323638057560139 ], [ 7.0393533924728, 53.337860337658931 ], [ 6.99944656835906, 53.359887902574776 ], [ 7.047183072046952, 53.518482656375888 ], [ 7.11796489596081, 53.535277228944835 ], [ 7.10112978741763, 53.575658209704457 ], [ 7.165600815856465, 53.630814304395329 ], [ 7.341257549671329, 53.683538403893721 ], [ 7.550173264621445, 53.675037569826081 ], [ 7.688775626696238, 53.700751557288612 ], [ 7.994088541460234, 53.711340215705889 ], [ 8.139937684309258, 53.596856942654163 ], [ 8.146140941417835, 53.524175901684991 ], [ 8.062340917387047, 53.505667508564422 ], [ 8.088610088070853, 53.456484321287157 ], [ 8.195554931486358, 53.409171516873819 ], [ 8.25326867620312, 53.411808476052805 ], [ 8.296875407520456, 53.447593288989857 ], [ 8.297876956831253, 53.506352113093598 ], [ 8.248342541197301, 53.546053792616433 ], [ 8.303288682787265, 53.601336284981286 ], [ 8.552684189357757, 53.516175465711939 ], [ 8.564361754377266, 53.549791985751085 ], [ 8.523293773005715, 53.591565103006296 ], [ 8.489893760451407, 53.700803014462991 ], [ 8.557269669534943, 53.825988651028332 ], [ 8.619223141285362, 53.879277055545494 ], [ 8.675945525104956, 53.887034749732173 ], [ 8.805965580754226, 53.833681143362838 ], [ 9.029917344477468, 53.825564874894383 ], [ 9.096245833520575, 53.860758197046323 ], [ 9.27413834690581, 53.854019122119944 ], [ 9.55583265088559, 53.604987261360094 ], [ 9.772076589515349, 53.543385950249622 ], [ 9.582978547495889, 53.611736942235787 ], [ 9.517639893619672, 53.713861577912184 ], [ 9.425394032261552, 53.753686110984177 ], [ 9.346670428138486, 53.84824737851936 ], [ 9.198433483992687, 53.889432132374409 ], [ 8.978693649240176, 53.895577001869214 ], [ 8.90885622180781, 53.935738007481739 ], [ 8.839734257434609, 54.024719530325221 ], [ 8.974151687689343, 54.063994818701197 ], [ 8.930425511582076, 54.121193304826576 ], [ 8.860840518674124, 54.127540331321867 ], [ 8.823607310311049, 54.160976570341255 ], [ 8.844813220659953, 54.265532800652586 ], [ 8.666873815845193, 54.28838059678236 ], [ 8.610115527732559, 54.328008590992326 ], [ 8.677412917346556, 54.354235770056732 ], [ 8.674581998278823, 54.395170017772635 ], [ 8.880013672280718, 54.409910336454139 ], [ 8.99730918364912, 54.470354522638878 ], [ 8.979144759173982, 54.514107060581281 ], [ 8.890671735485407, 54.465570815515427 ], [ 8.819361404671673, 54.474359040433747 ], [ 8.875534732953884, 54.573464882709409 ], [ 8.873689624624751, 54.608089847791142 ], [ 8.759831663887615, 54.684322148931386 ], [ 8.618580342615918, 54.834736496735708 ], [ 8.607193316657195, 54.876345328045424 ], [ 8.63599979826081, 54.911569266440281 ], [ 9.113097123687302, 54.873601596571817 ], [ 9.220688828338336, 54.852453021753419 ], [ 9.280061166253644, 54.807643948902168 ], [ 9.420151638211827, 54.831956402958284 ], [ 9.491949533901854, 54.822635551288677 ], [ 9.576638131005879, 54.860103206713767 ], [ 9.854350274278909, 54.757416468209676 ], [ 9.934794527125502, 54.786828007714483 ], [ 10.031170217910226, 54.636574940219901 ], [ 9.946587133389222, 54.486009682074311 ], [ 10.114165454448756, 54.475431311529121 ], [ 10.168516790722354, 54.432845015457524 ], [ 10.174162138620433, 54.345745581924604 ], [ 10.232455973590886, 54.410102992091147 ], [ 10.342033143715847, 54.433949561130255 ], [ 10.713750734401486, 54.305072566703529 ], [ 10.930343995427602, 54.374467759194005 ], [ 11.070041989866208, 54.387662349817418 ], [ 11.080989112954375, 54.425712792232005 ], [ 11.022838404424052, 54.466975749221476 ], [ 11.077663512673864, 54.524037194761611 ], [ 11.210461206684698, 54.50307703748679 ], [ 11.287581287556183, 54.429358823779076 ], [ 11.145245470051455, 54.393545150073784 ], [ 11.09565417506399, 54.35275805551084 ], [ 11.062530592082608, 54.1913712088502 ], [ 10.788143484511929, 54.071443881773938 ], [ 10.776364850289578, 54.030894255853191 ], [ 10.903661396334659, 53.956821954673117 ], [ 11.04521830857235, 54.004870238878603 ], [ 11.170053777752987, 54.011701344486603 ], [ 11.265958870444875, 53.938795362134691 ], [ 11.333631957480648, 53.950603113731852 ], [ 11.442387630853746, 53.914427448667531 ], [ 11.475360616334482, 53.955969305464549 ], [ 11.397818626715033, 53.970576188990186 ], [ 11.387917053658162, 53.996575206579244 ], [ 11.561778331697131, 54.028088626490501 ], [ 11.677707737421638, 54.147519000934395 ], [ 11.998484409524306, 54.174969968399004 ], [ 12.120430153240644, 54.165366085495329 ], [ 12.201023165506554, 54.244669221520368 ], [ 12.285530692751063, 54.274952044180317 ], [ 12.415677475551162, 54.279444975456194 ], [ 12.475473889315527, 54.315862209845662 ], [ 12.500511864537414, 54.355862110023928 ], [ 12.469639537440608, 54.409094350100737 ], [ 12.541721401510017, 54.466550072616755 ], [ 12.975778391555044, 54.424685074967826 ], [ 13.126769532252261, 54.336348341187303 ], [ 13.184186271786366, 54.393062417104403 ], [ 13.16159885355561, 54.493068854566921 ], [ 13.236923181719623, 54.468948689099044 ], [ 13.234730575900137, 54.529867348447574 ], [ 13.317095586074434, 54.661554917827957 ], [ 13.374236861741171, 54.655696789026216 ], [ 13.377867649517972, 54.552575932425931 ], [ 13.477236680986147, 54.47442987145088 ], [ 13.508895909753928, 54.48762897788145 ], [ 13.508174142452772, 54.556554528076333 ], [ 13.636161082708176, 54.549517045069955 ], [ 13.610241053408121, 54.452761570429118 ], [ 13.706257025227607, 54.362974463833822 ], [ 13.709016016581083, 54.320001455709296 ], [ 13.49286550773957, 54.322885621993315 ], [ 13.329724269131541, 54.228774486134299 ], [ 13.319396029478922, 54.193505923139298 ], [ 13.471917352277753, 54.10288891784456 ], [ 13.670923738611709, 54.159769926814192 ], [ 13.81138236943081, 54.161621721879463 ], [ 13.912034523430819, 54.066197656589097 ], [ 13.896039201619747, 54.027986627787364 ], [ 13.806407704978792, 54.009900029001891 ], [ 13.904672065586766, 53.900430509818186 ], [ 13.924502290664011, 53.973900627670538 ], [ 14.022876064348187, 53.971040436710545 ], [ 14.034380838263612, 54.02830168381518 ], [ 14.226302139564433, 53.928652851752311 ], [ 14.213077566133476, 53.866479428798783 ], [ 14.046045615637365, 53.863870572984311 ], [ 13.968421951431937, 53.819477918678317 ], [ 14.267732804576058, 53.698170188102928 ], [ 14.441376307132035, 53.25448720354504 ], [ 14.378715720414684, 53.182663299792999 ], [ 14.342810478533258, 53.054312361937171 ], [ 14.143657760567709, 52.961368386374154 ], [ 14.156692153419463, 52.895590996540946 ], [ 14.143252237895876, 52.831775860175256 ], [ 14.347491420715842, 52.749947278361375 ], [ 14.436438136474441, 52.679900359746931 ], [ 14.565062982428881, 52.624496888479115 ], [ 14.626436615064911, 52.575773551497136 ], [ 14.62238727993191, 52.487678736075161 ], [ 14.5343618896098, 52.395008036768587 ], [ 14.600891329490961, 52.272052004073402 ], [ 14.701828899739764, 52.24288478030072 ], [ 14.684877635352864, 52.126080618520568 ], [ 14.755105497678588, 52.070084554396161 ], [ 14.716716021503121, 52.001188018555361 ], [ 14.700544046874198, 51.917072861144931 ], [ 14.599875921606039, 51.830575206021308 ], [ 14.748729488887136, 51.667542877658001 ], [ 14.756635930303339, 51.612359602482591 ], [ 14.729861788905849, 51.581777111834718 ], [ 14.739262629689144, 51.531994720939089 ], [ 14.951206640923729, 51.463170409094083 ], [ 14.974182973158559, 51.363949975517315 ], [ 15.027368013255598, 51.281164139885483 ], [ 14.996954051320094, 51.129997585046162 ], [ 14.900628659388682, 50.95148638900163 ], [ 14.77003665835363, 50.823728624023161 ], [ 14.618799759626604, 50.85780447507743 ], [ 14.638572276241446, 50.921787528396429 ], [ 14.575259024589538, 50.923248461320249 ], [ 14.589697599375237, 50.986442000489518 ], [ 14.491221239470242, 51.043530409235274 ], [ 14.414831052639201, 51.025208504196243 ], [ 14.317873514431971, 51.054699131362433 ], [ 14.268609022582931, 50.993032264104734 ], [ 14.384791861428404, 50.934717016016194 ], [ 14.37619324142331, 50.901098728220461 ], [ 13.977826163152999, 50.810214625385875 ], [ 13.853796310513108, 50.731573948215988 ], [ 13.652174078192358, 50.730359932729627 ], [ 13.54124251283751, 50.705406601822553 ], [ 13.501846054285314, 50.633643030747912 ], [ 13.452819042483934, 50.607911057147852 ], [ 13.386857086521545, 50.634740450193469 ], [ 13.306492517172551, 50.581814192362941 ], [ 13.256298365641863, 50.585547420660617 ], [ 13.181626310648589, 50.506420331292254 ], [ 13.045434976530091, 50.509872428269929 ], [ 13.011961756883272, 50.44466938623632 ], [ 12.948144599616004, 50.404311466954958 ], [ 12.821448830216967, 50.453385503618293 ], [ 12.703152423616324, 50.406086539313691 ], [ 12.583778452584477, 50.407078914137081 ], [ 12.409144016840099, 50.321441917307538 ], [ 12.317093461500413, 50.175462282735708 ], [ 12.179498283309625, 50.31426690739886 ], [ 12.100900624937974, 50.318028073181836 ], [ 12.127776820753025, 50.281129732687766 ], [ 12.106766327234189, 50.247243583916543 ], [ 12.160679128638748, 50.219849101156044 ], [ 12.260798922794876, 50.058156653040022 ], [ 12.477306676272674, 49.978700352629382 ], [ 12.49197389738794, 49.936334390523491 ], [ 12.550988701578722, 49.905088076665379 ], [ 12.463885852653194, 49.788826119877399 ], [ 12.401524208507894, 49.758373119054326 ], [ 12.515649485358752, 49.679909389536036 ], [ 12.593778744487658, 49.542191354505832 ], [ 12.635993460603391, 49.518650306366908 ], [ 12.6337634327997, 49.476195108856487 ], [ 12.789941357202672, 49.35082340037156 ], [ 12.953582401796933, 49.338624183577245 ], [ 13.170907942944529, 49.173579628373552 ], [ 13.199130729623745, 49.131063628473278 ], [ 13.351076147653945, 49.08037402186968 ], [ 13.416651532457561, 48.980035365222726 ], [ 13.492369821375739, 48.950640131767024 ], [ 13.551578318067449, 48.967787491903266 ], [ 13.73538675846638, 48.876103519342131 ], [ 13.839507129477148, 48.771605025728434 ], [ 13.796106768557138, 48.713600490987574 ], [ 13.817692906193132, 48.607162081444301 ], [ 13.727090617669711, 48.513019653647959 ], [ 13.513497246600243, 48.590961787287227 ], [ 13.438430624971964, 48.548895022876657 ], [ 13.449926300018985, 48.506156828705798 ], [ 13.401740396621587, 48.371636831033797 ], [ 13.277321223668309, 48.302472888698432 ], [ 13.045434976577807, 48.264258085981503 ], [ 12.944684477400697, 48.206692340995211 ], [ 12.877516328427859, 48.197746934349453 ], [ 12.751554921482263, 48.112810406515301 ], [ 12.875785693534926, 47.962609137997497 ], [ 12.979810288918429, 47.875260386948959 ], [ 12.930697713679274, 47.725068904929216 ], [ 13.045258802109771, 47.707912254452225 ], [ 13.081564522531796, 47.665771364003476 ], [ 13.045434976931462, 47.519869265595972 ], [ 12.999489158514702, 47.475723893820195 ], [ 12.909674678626123, 47.500469296797178 ], [ 12.811645739916109, 47.556162974229693 ], [ 12.787222302018852, 47.628449079900982 ], [ 12.695795412403363, 47.682222992361773 ], [ 12.613971417826322, 47.671108181521397 ], [ 12.575026261662464, 47.632315977224771 ], [ 12.507845723539843, 47.630902856670609 ], [ 12.433442076650259, 47.688433405932493 ], [ 12.338045351637732, 47.697087572212432 ], [ 12.264205173505488, 47.684686516539422 ], [ 12.232617719376103, 47.722146967058379 ], [ 12.173610675355155, 47.698014341563123 ], [ 12.192909899057922, 47.612112469593328 ], [ 12.060662220859664, 47.618743550288222 ], [ 11.828240755797212, 47.58553371979599 ], [ 11.632883141848806, 47.592446016630838 ], [ 11.556130970442315, 47.514473012873474 ], [ 11.410219187499992, 47.495323921579327 ], [ 11.39618563947659, 47.470426590600908 ], [ 11.4214276253914, 47.444852034412669 ], [ 11.332918228165166, 47.444090725032481 ], [ 11.262121420216499, 47.402434897784133 ], [ 11.208425368599597, 47.430219023307373 ], [ 10.991202287432479, 47.396130988429491 ], [ 10.956619705406661, 47.450446531106103 ], [ 10.884199357306683, 47.484894687549527 ], [ 10.88614682644841, 47.536782343487353 ], [ 10.787068248382361, 47.519623702775391 ], [ 10.636461009194248, 47.564691993856925 ], [ 10.552398910449851, 47.537449212038076 ], [ 10.454438851635778, 47.555797021089816 ] ], [ [ 10.44179597155801, 47.577904853144602 ], [ 10.454438851635778, 47.555797021089816 ], [ 10.472639952493585, 47.586950470957902 ], [ 10.44179597155801, 47.577904853144602 ] ] ], [ [ [ 13.06937818106789, 54.530814533172389 ], [ 13.103017412911834, 54.577448079541632 ], [ 13.138213645598988, 54.553051345533952 ], [ 13.109112918846309, 54.5208013034933 ], [ 13.06937818106789, 54.530814533172389 ] ] ], [ [ [ 12.399701539334639, 54.36863417556561 ], [ 12.418547804571006, 54.369330173111322 ], [ 12.420165167626228, 54.339124059884938 ], [ 12.379513653585185, 54.307479112583479 ], [ 12.355757002350805, 54.31562324112496 ], [ 12.399701539334639, 54.36863417556561 ] ] ], [ [ [ 11.51174246052153, 54.073924034527309 ], [ 11.552117415642924, 54.103197216356534 ], [ 11.590186990287588, 54.101063480877357 ], [ 11.548448534199748, 54.05049216460047 ], [ 11.51174246052153, 54.073924034527309 ] ] ], [ [ [ 8.570772479318773, 54.517145509494576 ], [ 8.67793881510082, 54.55120255468352 ], [ 8.704631425027982, 54.544108327177199 ], [ 8.664607411757505, 54.484333735441894 ], [ 8.613256427790422, 54.484703012973078 ], [ 8.570772479318773, 54.517145509494576 ] ] ], [ [ [ 8.399051425293591, 54.724674358934514 ], [ 8.511597320809452, 54.766239796045753 ], [ 8.612908415664355, 54.710755908189839 ], [ 8.531852475639338, 54.668225278743996 ], [ 8.399051425293591, 54.724674358934514 ] ] ], [ [ [ 8.670461193533225, 47.684862441850115 ], [ 8.691933245753384, 47.707520972927973 ], [ 8.7177197305357, 47.690742050407358 ], [ 8.670461193533225, 47.684862441850115 ] ] ], [ [ [ 8.365336477336607, 55.030283074609216 ], [ 8.412062553305102, 55.054920872931866 ], [ 8.45451724235698, 55.034103004345489 ], [ 8.420269930901481, 55.010028903211932 ], [ 8.365336477336607, 55.030283074609216 ] ] ], [ [ [ 8.411387412404727, 54.856264759771747 ], [ 8.272768494264881, 54.853883022287725 ], [ 8.339631824548254, 54.971466869179913 ], [ 8.377382475068586, 54.90791641753767 ], [ 8.430142706513839, 54.869645067837162 ], [ 8.411387412404727, 54.856264759771747 ] ] ], [ [ [ 8.287718029255064, 54.667447135140023 ], [ 8.340378460998716, 54.697138734649165 ], [ 8.396298137729012, 54.61562623954498 ], [ 8.360760658348518, 54.614245751548573 ], [ 8.287718029255064, 54.667447135140023 ] ] ], [ [ [ 8.256881667420377, 54.758562076128769 ], [ 8.28233990754439, 54.801825907897801 ], [ 8.315238954319911, 54.785042202783572 ], [ 8.303922226574164, 54.742478577160405 ], [ 8.256881667420377, 54.758562076128769 ] ] ], [ [ [ 7.659930125530254, 53.769875319014666 ], [ 7.70806528442318, 53.792174964344184 ], [ 7.751141218394231, 53.77100973005858 ], [ 7.710515347084001, 53.747969021662797 ], [ 7.659930125530254, 53.769875319014666 ] ] ], [ [ [ 7.446904515722322, 53.737231023284657 ], [ 7.492200633263793, 53.765583485655377 ], [ 7.537452673250359, 53.755054724720736 ], [ 7.495861693319169, 53.721743851544979 ], [ 7.446904515722322, 53.737231023284657 ] ] ], [ [ [ 7.167697584966112, 53.711694489136413 ], [ 7.215717628430251, 53.735265896839842 ], [ 7.258842083052624, 53.714357155095556 ], [ 7.218326410695869, 53.691073371553152 ], [ 7.167697584966112, 53.711694489136413 ] ] ], [ [ [ 6.84527440390147, 53.643438666432893 ], [ 6.895064356274181, 53.664896580291213 ], [ 6.925005981072322, 53.648821870890657 ], [ 6.89258367542566, 53.614123651028549 ], [ 6.84527440390147, 53.643438666432893 ] ] ], [ [ [ 6.655639840433142, 53.587517467030679 ], [ 6.722475431546177, 53.620718512935468 ], [ 6.774302192872186, 53.606584579417287 ], [ 6.724451690966881, 53.56776590732931 ], [ 6.655639840433142, 53.587517467030679 ] ] ] ] } },
{ "type": "Feature", "properties": { "id": "DK", "name": "Denmark" }, "geometry": { "type": "MultiPolygon", "coordinates": [ [ [ [ 15.107856391666147, 55.010504218803334 ], [ 15.056706691677455, 54.990724098276409 ], [ 14.776973475106754, 55.054634982266279 ], [ 14.685628263013163, 55.099521430261575 ], [ 14.714424175724636, 55.218416962952126 ], [ 14.77584564865697, 55.287866423851057 ], [ 15.130414418142902, 55.142344495583536 ], [ 15.152386485813532, 55.095109107911505 ], [ 15.107856391666147, 55.010504218803334 ] ] ], [ [ [ 12.790783370536415, 55.611639401405114 ], [ 12.7632259030333, 55.608160614736896 ], [ 12.732205216690462, 55.634998164302168 ], [ 12.743905293886199, 55.6637582369857 ], [ 12.77008964966369, 55.670106796637874 ], [ 12.790783370536415, 55.611639401405114 ] ] ], [ [ [ 12.584057890294735, 55.721808733712649 ], [ 12.675052156886068, 55.622161018054591 ], [ 12.669574120662583, 55.59169446837317 ], [ 12.567506590522763, 55.563594246284723 ], [ 12.504789477741687, 55.637340512050656 ], [ 12.479659028296917, 55.605779858112122 ], [ 12.363475851062134, 55.593808394221298 ], [ 12.231976715339066, 55.53066653122179 ], [ 12.203223255253102, 55.467587545651398 ], [ 12.21682600351344, 55.427822009930182 ], [ 12.375888606281237, 55.378943087376072 ], [ 12.429526569712309, 55.287539787988003 ], [ 12.152764775879373, 55.188583306852905 ], [ 12.134396823409642, 55.014362879204896 ], [ 11.978127445643933, 54.984126481474348 ], [ 11.831492563196775, 55.032747628689314 ], [ 11.764299408328183, 55.095807665815911 ], [ 11.773869966213827, 55.144979210513775 ], [ 11.697235393455971, 55.181455986085112 ], [ 11.333608135882304, 55.197870822866214 ], [ 11.25234034283995, 55.231386288899763 ], [ 11.133197436457255, 55.342699508992794 ], [ 11.187027152497626, 55.424133693190271 ], [ 11.143310777778588, 55.570707817210092 ], [ 11.002307321494332, 55.718514314157062 ], [ 11.310465600715538, 55.753696210131601 ], [ 11.482157935380689, 55.863332630302857 ], [ 11.529239602281935, 55.938440361407679 ], [ 11.721948157451486, 55.955020581144112 ], [ 11.739304523448352, 55.932809568712678 ], [ 11.691065580063833, 55.891313808415994 ], [ 11.706667191581673, 55.83245174323843 ], [ 11.676768187846749, 55.787341900188693 ], [ 11.756801853467916, 55.749590592178365 ], [ 11.779643663323, 55.65899448884371 ], [ 11.821266237815207, 55.675468474041345 ], [ 11.876209550653204, 55.737443192588721 ], [ 11.875282885620862, 55.798783399196445 ], [ 11.949833285280707, 55.844306229753236 ], [ 11.919464479357915, 55.902167857843551 ], [ 11.861618557590937, 55.952363046980274 ], [ 11.868882883621517, 55.979652417300962 ], [ 12.288174132532106, 56.12720721846825 ], [ 12.604799822307077, 56.045316266042796 ], [ 12.53194746565222, 55.941410363115679 ], [ 12.532701056682669, 55.902167858491246 ], [ 12.58257979639264, 55.808118603991574 ], [ 12.584057890294735, 55.721808733712649 ] ] ], [ [ [ 12.531964063618661, 54.978913115644232 ], [ 12.510975425390788, 54.954070310157313 ], [ 12.344559496558668, 54.955800822129895 ], [ 12.155632418655935, 54.881293625760193 ], [ 12.133269065198885, 54.816361381074906 ], [ 11.986374209457047, 54.685481047754202 ], [ 11.952798922473901, 54.573600545100888 ], [ 11.893424905792264, 54.627470464679206 ], [ 11.87158709767891, 54.712943499899922 ], [ 11.794227922290077, 54.652506072598072 ], [ 11.658894173396606, 54.661379792001547 ], [ 11.440959787502292, 54.622221664909809 ], [ 11.03112946257145, 54.75574232770969 ], [ 10.983453646234619, 54.790541524083032 ], [ 11.057332262778953, 54.824274176027011 ], [ 11.043758146846724, 54.914639956709649 ], [ 11.172652280383661, 54.955240533147908 ], [ 11.273456675549312, 54.946438050947229 ], [ 11.524656867693057, 54.83585142494924 ], [ 11.726731749176269, 54.887012025180155 ], [ 11.7821570766595, 54.953063424218527 ], [ 11.976390568603705, 54.923777408641968 ], [ 12.066957772914536, 54.938546047256132 ], [ 12.102042794713926, 54.899598856790796 ], [ 12.154122687634661, 54.962589977720562 ], [ 12.264704950232193, 54.993104977153756 ], [ 12.280846280092179, 55.045979859720013 ], [ 12.531964063618661, 54.978913115644232 ] ] ], [ [ [ 12.253934424648595, 55.069245907104211 ], [ 12.223942616167815, 55.022604698049371 ], [ 12.176391690580306, 55.043850586697694 ], [ 12.209334250380884, 55.069854356196522 ], [ 12.253934424648595, 55.069245907104211 ] ] ], [ [ [ 11.865598149753865, 55.775866150128358 ], [ 11.835399974193209, 55.74708756639339 ], [ 11.781418992562218, 55.769326955859881 ], [ 11.833878222413466, 55.794901072614145 ], [ 11.865598149753865, 55.775866150128358 ] ] ], [ [ [ 11.574926643302655, 54.965601257247478 ], [ 11.535988749784064, 54.948095995218239 ], [ 11.489611097546609, 54.977430136304427 ], [ 11.540269804323664, 54.994795709616994 ], [ 11.574926643302655, 54.965601257247478 ] ] ], [ [ [ 11.606154577132365, 56.720710174719159 ], [ 11.571340771507364, 56.686520677905179 ], [ 11.518952666949176, 56.707890972482957 ], [ 11.569151354961955, 56.734119691278394 ], [ 11.606154577132365, 56.720710174719159 ] ] ], [ [ [ 11.476072162108832, 54.963073734798172 ], [ 11.434506729270421, 54.929675764993647 ], [ 11.385819611978034, 54.946658414220657 ], [ 11.436487820744956, 54.974742325553159 ], [ 11.476072162108832, 54.963073734798172 ] ] ], [ [ [ 11.207259067473425, 55.191664094091621 ], [ 11.159093165585602, 55.142714002275461 ], [ 11.113942626533575, 55.166064974859211 ], [ 11.165967188733703, 55.22394496339119 ], [ 11.198048484701106, 55.221021568589499 ], [ 11.207259067473425, 55.191664094091621 ] ] ], [ [ [ 11.188229752437143, 55.866254166003372 ], [ 11.147994472894826, 55.861190243398092 ], [ 11.105207551302366, 55.895792744638293 ], [ 11.145620251290328, 55.910634642704899 ], [ 11.188229752437143, 55.866254166003372 ] ] ], [ [ [ 11.136190136401922, 55.533019005586638 ], [ 11.116848679323255, 55.501484811671702 ], [ 11.060704589341022, 55.508456737605528 ], [ 11.09525497652859, 55.547910406652633 ], [ 11.136190136401922, 55.533019005586638 ] ] ], [ [ [ 11.123751170699714, 57.294364347159132 ], [ 11.021538264205869, 57.205740062823928 ], [ 10.863016660776706, 57.257186639172303 ], [ 10.995816145485749, 57.327235765440612 ], [ 11.123751170699714, 57.294364347159132 ] ] ], [ [ [ 10.520571008672215, 57.274236988915654 ], [ 10.310318419135038, 56.941691479505074 ], [ 10.283113824740713, 56.743624701270633 ], [ 10.194849728544305, 56.684603859384339 ], [ 10.340276857136702, 56.691723033310858 ], [ 10.337210741932669, 56.596076084124839 ], [ 10.45890046136223, 56.528087252984889 ], [ 10.827006826498353, 56.524619174142281 ], [ 10.936123052499569, 56.447089143290299 ], [ 10.913973981475209, 56.362346581082853 ], [ 10.720647765072084, 56.170742576478581 ], [ 10.608060597414562, 56.207794949156195 ], [ 10.517627749493919, 56.128520729890568 ], [ 10.427376286551743, 56.185616318400498 ], [ 10.46688801662018, 56.267531659514084 ], [ 10.381678088306391, 56.272172514203788 ], [ 10.24264573726283, 56.155269276159999 ], [ 10.2589369905791, 55.976197923159674 ], [ 10.196491824507104, 55.871471057700226 ], [ 9.997323368042364, 55.847219623042719 ], [ 10.034059110476719, 55.766867725270053 ], [ 9.967411196145234, 55.700487033728038 ], [ 9.820100255657398, 55.678520801939243 ], [ 9.67196831232134, 55.712068418808499 ], [ 9.792137117778148, 55.603633455769206 ], [ 9.673881081842177, 55.512141988569901 ], [ 9.621119548557264, 55.406319148329281 ], [ 9.678539014753914, 55.222391462601649 ], [ 9.533620787654378, 55.153543705059533 ], [ 9.496768825934714, 55.041802410487691 ], [ 9.743602565073687, 54.979535607351075 ], [ 9.752060983023334, 54.991930385848576 ], [ 9.724288850509833, 55.04481444799012 ], [ 9.808594195608627, 55.058614917168391 ], [ 9.964380678555665, 54.99401397908278 ], [ 10.032149923441411, 54.897451525812173 ], [ 9.927811483925078, 54.866476360729791 ], [ 9.78419564430631, 54.891441856538115 ], [ 9.707931507806935, 54.858306923058635 ], [ 9.588780876636831, 54.887750925278034 ], [ 9.420151638211827, 54.831956402958284 ], [ 9.280061166253644, 54.807643948902168 ], [ 9.220688828338336, 54.852453021753419 ], [ 9.113097123687302, 54.873601596571817 ], [ 8.63599979826081, 54.911569266440281 ], [ 8.675177980249376, 55.164446975338251 ], [ 8.650912963303005, 55.364424276579925 ], [ 8.614312688530511, 55.415024072894802 ], [ 8.444049259269109, 55.46696160001494 ], [ 8.292464485099609, 55.579059897428301 ], [ 8.257998151028644, 55.565191966615082 ], [ 8.252132935327724, 55.504596923897637 ], [ 8.10189572710012, 55.562008726118194 ], [ 8.195859403298918, 55.832272898601502 ], [ 8.189834559520749, 55.897943152021838 ], [ 8.276250281421621, 55.873824673652948 ], [ 8.349631478572109, 55.92228180572333 ], [ 8.248952182747761, 56.069998692929602 ], [ 8.119880748718719, 56.083665324359963 ], [ 8.135494901862263, 56.282995947529152 ], [ 8.221746789274228, 56.342015792688926 ], [ 8.132160674034745, 56.500343904676399 ], [ 8.190219622236805, 56.652848353058623 ], [ 8.31995103771728, 56.581441980747783 ], [ 8.604247463857778, 56.56875758170596 ], [ 8.67657381803671, 56.487887562470675 ], [ 8.727889101022031, 56.524659892032012 ], [ 8.739491573881924, 56.63971948384669 ], [ 8.994086633253886, 56.825186028708181 ], [ 9.053942510444783, 56.814953456989478 ], [ 9.126310328958857, 56.738301516042711 ], [ 9.097520856504756, 56.608021512162253 ], [ 9.271423654974157, 56.632799260465994 ], [ 9.320450079422105, 56.671836467192286 ], [ 9.21658010984296, 56.722795459904283 ], [ 9.208912254719927, 56.949929524052379 ], [ 9.125876678548284, 57.005889159812483 ], [ 8.837122322944138, 56.947038839170013 ], [ 8.861260870730931, 56.879573945532293 ], [ 8.828517345513259, 56.791063662715743 ], [ 8.719024273136069, 56.706554460815148 ], [ 8.612458815939808, 56.726269217445527 ], [ 8.576100371375789, 56.796574917568336 ], [ 8.447392590373356, 56.712096851204187 ], [ 8.384916705594701, 56.707055034948503 ], [ 8.287533507527549, 56.811605821506994 ], [ 8.36840380032757, 56.940070436398251 ], [ 8.579865598338898, 57.085114642274746 ], [ 9.380372303435593, 57.181299762922805 ], [ 9.587064270429028, 57.275033122435083 ], [ 9.964790445120647, 57.568110496625856 ], [ 10.46876687875686, 57.676678738015205 ], [ 10.471300033531389, 57.567500811537194 ], [ 10.524376407447049, 57.422682627557698 ], [ 10.520571008672215, 57.274236988915654 ] ] ], [ [ [ 10.722956968287464, 54.754413665147197 ], [ 10.660620766518743, 54.746910828277542 ], [ 10.595997718546602, 54.806919289237733 ], [ 10.7287865639621, 54.958108025457321 ], [ 10.895341763270084, 55.037082156653796 ], [ 10.881492212654322, 54.972000758127301 ], [ 10.722956968287464, 54.754413665147197 ] ] ], [ [ [ 10.473524590152921, 55.552381117186776 ], [ 10.493085719872177, 55.453775551132544 ], [ 10.596280913317555, 55.488701210959597 ], [ 10.633566407696815, 55.591919878554513 ], [ 10.716516439691219, 55.507074162236229 ], [ 10.697185148013631, 55.435681922423768 ], [ 10.799574405523499, 55.331114390792969 ], [ 10.806493898735331, 55.214463363657323 ], [ 10.769254549224891, 55.107938803072443 ], [ 10.67923421153016, 55.029305094818518 ], [ 10.692797171488827, 54.968605412641715 ], [ 10.565069253815327, 54.958028708603308 ], [ 10.507023412424482, 55.030361607046913 ], [ 10.129186828384913, 55.088033124239644 ], [ 10.133571467662019, 55.153546951156272 ], [ 9.892274604567216, 55.24646244129007 ], [ 9.883421463437617, 55.326996126661626 ], [ 9.724967102434913, 55.497387465260068 ], [ 9.788050762115091, 55.536906114233169 ], [ 9.933656676490214, 55.519352616970799 ], [ 10.182724934250718, 55.605060399835644 ], [ 10.326084284462439, 55.611474157153864 ], [ 10.473524590152921, 55.552381117186776 ] ] ], [ [ [ 10.641181327254531, 54.890566993480036 ], [ 10.60572567908773, 54.878238476222343 ], [ 10.570331189691469, 54.917206953766339 ], [ 10.624701812434427, 54.928052468467797 ], [ 10.641181327254531, 54.890566993480036 ] ] ], [ [ [ 10.62268207590243, 55.778779826620877 ], [ 10.563749599248981, 55.770464598303356 ], [ 10.524719660052691, 55.836415170736544 ], [ 10.592752203868509, 55.90152041060233 ], [ 10.652956325786908, 55.902083028882132 ], [ 10.62268207590243, 55.778779826620877 ] ] ], [ [ [ 10.55974616482424, 55.99921845218568 ], [ 10.585628556827581, 55.93537549382301 ], [ 10.538164146167674, 55.936365161165632 ], [ 10.512231401493334, 55.965979142916538 ], [ 10.55974616482424, 55.99921845218568 ] ] ], [ [ [ 10.355845271114879, 54.918925251760804 ], [ 10.424059766398091, 54.829831170456188 ], [ 10.364549559805095, 54.834109815479266 ], [ 10.263023575727669, 54.922418878299688 ], [ 10.355845271114879, 54.918925251760804 ] ] ], [ [ [ 10.324891992809563, 55.742558750791808 ], [ 10.299768008426131, 55.735256260468866 ], [ 10.279049340138807, 55.748475377390548 ], [ 10.305312311457588, 55.791774763142286 ], [ 10.323657462875634, 55.792588800346586 ], [ 10.334111870118628, 55.767673910707252 ], [ 10.324891992809563, 55.742558750791808 ] ] ], [ [ [ 10.183905670532551, 55.039551897665547 ], [ 10.148359193829704, 55.017577140964406 ], [ 10.101465454774813, 55.046598534647181 ], [ 10.151505539246768, 55.066250965536334 ], [ 10.183905670532551, 55.039551897665547 ] ] ], [ [ [ 10.047991422320724, 55.131517535812897 ], [ 10.022657084658452, 55.118289846365002 ], [ 9.967028719577774, 55.132989901942132 ], [ 9.998424988756813, 55.168566454590042 ], [ 10.047991422320724, 55.131517535812897 ] ] ], [ [ [ 9.843230430493938, 55.305959440206223 ], [ 9.800475159902417, 55.28350550294784 ], [ 9.768931258599775, 55.320566405935203 ], [ 9.815432104237209, 55.334870492956426 ], [ 9.843230430493938, 55.305959440206223 ] ] ], [ [ [ 9.793429412946095, 55.258437571811008 ], [ 9.758405761200871, 55.238096126724663 ], [ 9.704146899771615, 55.262451646684305 ], [ 9.75173582661998, 55.283587961655677 ], [ 9.793429412946095, 55.258437571811008 ] ] ], [ [ [ 9.115078669277132, 56.887963723352733 ], [ 9.086559509264623, 56.868672218044225 ], [ 9.038941079319313, 56.893624273894098 ], [ 9.091061719659644, 56.921331711406388 ], [ 9.115078669277132, 56.887963723352733 ] ] ], [ [ [ 8.642665547376074, 56.644927144565997 ], [ 8.533242119622729, 56.595614914717473 ], [ 8.431191005308595, 56.643429540145334 ], [ 8.55400751910849, 56.691423466811237 ], [ 8.642665547376074, 56.644927144565997 ] ] ], [ [ [ 8.602818182250219, 55.291229244064283 ], [ 8.568045418016633, 55.258408437531898 ], [ 8.514497441551029, 55.276208071039839 ], [ 8.553693590540991, 55.301651627404851 ], [ 8.602818182250219, 55.291229244064283 ] ] ], [ [ [ 8.553003806110761, 55.071233145573615 ], [ 8.49490277740539, 55.063856552771064 ], [ 8.457786213087941, 55.104050742733925 ], [ 8.496021525957397, 55.205178175028657 ], [ 8.581322672553789, 55.198989329705768 ], [ 8.553003806110761, 55.071233145573615 ] ] ], [ [ [ 8.420801891048592, 55.448944822398261 ], [ 8.469548357260589, 55.352984700803994 ], [ 8.396297850667965, 55.3622129887368 ], [ 8.315616510757797, 55.438206612414866 ], [ 8.420801891048592, 55.448944822398261 ] ] ], [ [ [ 8.160758412629018, 56.385551214110478 ], [ 8.128007166426601, 56.358929434435566 ], [ 8.089686573694442, 56.386200790470191 ], [ 8.126056686676002, 56.41571871585974 ], [ 8.160758412629018, 56.385551214110478 ] ] ] ] } },
{ "type": "Feature", "properties": { "id": "EE", "name": "Estonia" }, "geometry": { "type": "MultiPolygon", "coordinates": [ [ [ [ 25.709270346785747, 59.644716176734548 ], [ 25.830155940642513, 59.564036484725719 ], [ 25.880233529601615, 59.615215271253 ], [ 25.947039980577237, 59.584161470515646 ], [ 26.035669904713856, 59.622472961602007 ], [ 26.500548719151379, 59.518119412248616 ], [ 26.62719763153547, 59.546750026495914 ], [ 26.961101566198355, 59.43594683199035 ], [ 27.375247537622904, 59.445388236369574 ], [ 27.828284681411571, 59.396874382217895 ], [ 27.940529343199476, 59.410737339127174 ], [ 28.044260008948452, 59.469076103294711 ], [ 28.186112530818367, 59.3982380897531 ], [ 28.195844721342461, 59.359105119510495 ], [ 28.132509485094648, 59.300003932174675 ], [ 27.917342327833687, 59.245953786593191 ], [ 27.809770243586534, 59.122248623849345 ], [ 27.738366367503399, 58.97790991545213 ], [ 27.357040728152942, 58.787260919176603 ], [ 27.545088215413475, 58.367882854089672 ], [ 27.493415879089284, 58.302159938219042 ], [ 27.493793624048816, 58.234240774660151 ], [ 27.622747973570792, 58.101928661094654 ], [ 27.621348518775502, 58.018307678397974 ], [ 27.697214119907983, 57.999255383543428 ], [ 27.674296454577508, 57.947034306610597 ], [ 27.79905582830623, 57.892420492549746 ], [ 27.793709582268157, 57.853274505820224 ], [ 27.55538229102789, 57.821998160929276 ], [ 27.510229325809085, 57.783405092998386 ], [ 27.522101251616956, 57.719849435171682 ], [ 27.389100486495536, 57.673830861327495 ], [ 27.388137476385548, 57.616256190096664 ], [ 27.330460632204883, 57.572842201999343 ], [ 27.351577279489639, 57.518273513010165 ], [ 26.910309108874621, 57.628358287967735 ], [ 26.611027066403615, 57.52208927051764 ], [ 26.526623015139805, 57.520544657122464 ], [ 26.461842898543868, 57.570595671192144 ], [ 26.278453884286137, 57.601604026581967 ], [ 26.18660745138941, 57.716004658885879 ], [ 26.037524634018165, 57.773541212133708 ], [ 26.048620780216783, 57.828327233064563 ], [ 26.02460369180459, 57.84894403764573 ], [ 25.844640864730788, 57.859379000059107 ], [ 25.768295227924643, 57.909728024442146 ], [ 25.625261103512518, 57.929708997954322 ], [ 25.296809749701424, 58.072180047565141 ], [ 25.279978057206584, 57.997025874275423 ], [ 25.193188666811338, 58.077065392375943 ], [ 24.850333021239496, 57.97926600784664 ], [ 24.5694879401691, 57.953567854491922 ], [ 24.471196673463663, 57.920652850459668 ], [ 24.435608240864518, 57.873811745658841 ], [ 24.353252565829873, 57.876085498557728 ], [ 24.452532669894651, 58.043236893929894 ], [ 24.47855529793588, 58.201344949393715 ], [ 24.544845921533994, 58.289047870037372 ], [ 24.538232490524614, 58.332376757963296 ], [ 24.368410479221474, 58.372888414040425 ], [ 24.238562679553681, 58.284970346375097 ], [ 24.087127662099281, 58.264962941333344 ], [ 23.776279589393834, 58.357146004422113 ], [ 23.666370967547618, 58.503671831222661 ], [ 23.530609869068314, 58.605002075354236 ], [ 23.537186947529499, 58.69311294051333 ], [ 23.62700763242086, 58.758168831423497 ], [ 23.500209591490549, 58.806891510580897 ], [ 23.466021334320025, 58.915690598715024 ], [ 23.541273066294192, 58.975237364580536 ], [ 23.456061011918752, 59.013544689783608 ], [ 23.448964622811101, 59.046009396626658 ], [ 23.517863940560002, 59.110278045631397 ], [ 23.532268445924903, 59.210708449552342 ], [ 23.730544574885457, 59.237358507628123 ], [ 23.83427179360449, 59.280706731558041 ], [ 24.076840233692447, 59.279611679795707 ], [ 24.097254078361079, 59.306709732582298 ], [ 24.077687746796538, 59.370634565213109 ], [ 24.218568352187201, 59.358954741018401 ], [ 24.38984908437007, 59.463293881636218 ], [ 24.615054054745436, 59.444024234173234 ], [ 24.781056278830764, 59.463132147127254 ], [ 24.831106975912988, 59.545130621325626 ], [ 24.997105426724723, 59.494108339406544 ], [ 25.11607969615012, 59.490514558135224 ], [ 25.193351223943694, 59.523585840455112 ], [ 25.418390080137414, 59.500036894463847 ], [ 25.520647488818103, 59.538817095328035 ], [ 25.529181415987605, 59.615122088485641 ], [ 25.666643036215714, 59.588060769219553 ], [ 25.709270346785747, 59.644716176734548 ] ] ], [ [ [ 25.04587154797445, 59.616201266451718 ], [ 25.010049306371826, 59.600565617566012 ], [ 24.970334349459073, 59.629727372632765 ], [ 25.006330073691874, 59.654647031447183 ], [ 25.04587154797445, 59.616201266451718 ] ] ], [ [ [ 24.022064653905289, 58.148520393512811 ], [ 23.992378044612167, 58.099496253479693 ], [ 23.940574837488516, 58.112595395406743 ], [ 23.972727772497205, 58.155005870317751 ], [ 24.022064653905289, 58.148520393512811 ] ] ], [ [ [ 24.562199389316749, 59.542120773083838 ], [ 24.514814868219698, 59.539702355690018 ], [ 24.468277774591744, 59.571485076316549 ], [ 24.514446058592828, 59.60411678315289 ], [ 24.562199389316749, 59.542120773083838 ] ] ], [ [ [ 23.995416999759939, 59.334609190248749 ], [ 23.94979070266665, 59.307943717796647 ], [ 23.878831137694132, 59.33460534204648 ], [ 23.949641878455132, 59.35926981695539 ], [ 23.995416999759939, 59.334609190248749 ] ] ], [ [ [ 23.279921881645613, 57.788793991193508 ], [ 23.227631981213126, 57.781019501451112 ], [ 23.198314408109205, 57.806051913260703 ], [ 23.240292853548183, 57.827784230121928 ], [ 23.279921881645613, 57.788793991193508 ] ] ], [ [ [ 23.396246846681542, 58.549033526864612 ], [ 23.23153692695724, 58.532796231218356 ], [ 23.067919369799348, 58.599174549549659 ], [ 23.153115909243077, 58.675344639240578 ], [ 23.204198323593221, 58.681036941381379 ], [ 23.337473205395963, 58.64657032666311 ], [ 23.396246846681542, 58.549033526864612 ] ] ], [ [ [ 23.205852790206425, 58.480103131877769 ], [ 22.701224145202282, 58.235023293260376 ], [ 22.341748094283268, 58.197224169597106 ], [ 22.1825018588464, 57.998926323694754 ], [ 22.061896142690905, 57.937399577263335 ], [ 22.027014852256048, 57.945848344383492 ], [ 22.021558376050077, 57.977753209989729 ], [ 22.145360433315826, 58.085633843337888 ], [ 22.159242863605723, 58.134297767270283 ], [ 21.856675506866754, 58.280398280357929 ], [ 21.948662591577584, 58.359990333449502 ], [ 21.945793117671307, 58.479015151560716 ], [ 22.102263516716473, 58.454824828258623 ], [ 22.338928158843562, 58.568054782578365 ], [ 22.517459622577157, 58.617264439845826 ], [ 22.945232511503391, 58.607106485479221 ], [ 23.205852790206425, 58.480103131877769 ] ] ], [ [ [ 23.375493270991857, 58.995699216040649 ], [ 23.296556584459474, 58.962893330752671 ], [ 23.185667063443109, 58.963433374633702 ], [ 23.115312162076151, 59.02758112014341 ], [ 23.171566474391781, 59.045969870378237 ], [ 23.315165393891643, 59.035215858803546 ], [ 23.375493270991857, 58.995699216040649 ] ] ], [ [ [ 23.062875319638216, 58.619594343265589 ], [ 23.022955356291135, 58.614595633979782 ], [ 22.98480448485515, 58.627433306465583 ], [ 23.023336889448718, 58.660490104514537 ], [ 23.062875319638216, 58.619594343265589 ] ] ], [ [ [ 23.029410435478294, 58.889311446963873 ], [ 22.561144448130463, 58.700710010074388 ], [ 22.207943881352477, 58.906465593468432 ], [ 22.666508997819545, 59.065605101698864 ], [ 22.945960107561291, 58.973486127691153 ], [ 23.029410435478294, 58.889311446963873 ] ] ], [ [ [ 22.539981048684496, 58.149678936281482 ], [ 22.509167400650671, 58.124585380069107 ], [ 22.468150454113214, 58.138191498141865 ], [ 22.502333209685911, 58.17966420162039 ], [ 22.539981048684496, 58.149678936281482 ] ] ], [ [ [ 21.904512572904139, 58.383214492928708 ], [ 21.863375575810693, 58.35759218219799 ], [ 21.815698749167794, 58.379431882412312 ], [ 21.869227801526577, 58.403271878605331 ], [ 21.904512572904139, 58.383214492928708 ] ] ] ] } },
{ "type": "Feature", "properties": { "id": "EL", "name": "Greece" }, "geometry": { "type": "MultiPolygon", "coordinates": [ [ [ [ 29.591151004631183, 36.120688328894119 ], [ 29.539631429236444, 36.113194140896219 ], [ 29.568053825743821, 36.164448963928521 ], [ 29.602232294980663, 36.169278833362654 ], [ 29.591151004631183, 36.120688328894119 ] ] ], [ [ [ 27.956683290381665, 36.038713678548149 ], [ 27.801794796875033, 35.891951029543783 ], [ 27.725969532598793, 35.933189296318275 ], [ 27.75377921583188, 36.072835989069119 ], [ 27.690144869299466, 36.15324309337359 ], [ 27.889265972908589, 36.328145130001289 ], [ 28.233996150621298, 36.444788061381992 ], [ 28.238818000731406, 36.381359752774308 ], [ 28.085838692900708, 36.143413980036527 ], [ 28.085779975931079, 36.070862084441444 ], [ 27.956683290381665, 36.038713678548149 ] ] ], [ [ [ 27.872802451732866, 36.615994059258426 ], [ 27.875589737880279, 36.553880508170252 ], [ 27.757075418526547, 36.60437695849015 ], [ 27.816552920541564, 36.65283013783079 ], [ 27.872802451732866, 36.615994059258426 ] ] ], [ [ [ 27.734054228209779, 36.282758494113196 ], [ 27.708323579383045, 36.239363349446592 ], [ 27.659650715470399, 36.256504051245955 ], [ 27.695979989848677, 36.289237038055148 ], [ 27.734054228209779, 36.282758494113196 ] ] ], [ [ [ 27.591480118598533, 36.254795287727859 ], [ 27.559892507091185, 36.203034553457918 ], [ 27.512906190325367, 36.212722991126384 ], [ 27.562352635393285, 36.255702849940775 ], [ 27.591480118598533, 36.254795287727859 ] ] ], [ [ [ 27.18247923486696, 35.716281605616402 ], [ 27.179995767645313, 35.41900738363222 ], [ 27.092726883485042, 35.434849071815272 ], [ 27.02823014467187, 35.609319553425181 ], [ 27.18247923486696, 35.716281605616402 ] ] ], [ [ [ 27.389689429383665, 36.439357952541229 ], [ 27.350173253536187, 36.42163402810997 ], [ 27.246965307445073, 36.42450935238773 ], [ 27.283691994034317, 36.468213460171647 ], [ 27.328742735220022, 36.485753696928043 ], [ 27.389689429383665, 36.439357952541229 ] ] ], [ [ [ 27.003340951865937, 36.75669647051464 ], [ 26.962709961857822, 36.692274252443227 ], [ 26.937043660874565, 36.699364290524429 ], [ 26.930255543036711, 36.756258131929357 ], [ 27.109262434063929, 36.860260829676392 ], [ 27.27342301774361, 36.91112583912615 ], [ 27.338095007125641, 36.885172168406918 ], [ 27.354510720545459, 36.860260829850269 ], [ 27.10119077554376, 36.762468180793583 ], [ 27.003340951865937, 36.75669647051464 ] ] ], [ [ [ 26.975751251721402, 35.429765677522283 ], [ 26.927435064555311, 35.362107483950602 ], [ 26.834259588085839, 35.36751638249391 ], [ 26.905066712577394, 35.427619274126336 ], [ 26.975751251721402, 35.429765677522283 ] ] ], [ [ [ 27.217229839471173, 36.593209082423158 ], [ 27.191917808189253, 36.556295594089974 ], [ 27.110156340045595, 36.567764927734061 ], [ 27.155496317148327, 36.624974951659993 ], [ 27.217229839471173, 36.593209082423158 ] ] ], [ [ [ 27.17581613439226, 36.940036411516843 ], [ 27.138698912419233, 36.917500776892446 ], [ 27.094916774691672, 36.953675499549057 ], [ 27.151959164433311, 36.965140141383898 ], [ 27.17581613439226, 36.940036411516843 ] ] ], [ [ [ 27.055000187108369, 36.969963419291595 ], [ 26.957283014330553, 36.92386046713176 ], [ 26.899321815868774, 36.975056342327996 ], [ 26.93526008806014, 37.066803477285404 ], [ 27.055000187108369, 36.969963419291595 ] ] ], [ [ [ 27.007591541389619, 37.468998737848409 ], [ 26.962460599842547, 37.443674541844906 ], [ 26.922788087472121, 37.472650287899732 ], [ 26.972762374401242, 37.490809818420836 ], [ 27.007591541389619, 37.468998737848409 ] ] ], [ [ [ 26.723924591047997, 36.341858569318546 ], [ 26.687580100410528, 36.319996048689447 ], [ 26.637045999290528, 36.341061815459227 ], [ 26.690537217566778, 36.366465584387527 ], [ 26.723924591047997, 36.341858569318546 ] ] ], [ [ [ 26.762286500748676, 37.813758606927451 ], [ 26.93671129742479, 37.769880133217939 ], [ 27.003951326550709, 37.789760731432267 ], [ 27.051125993264012, 37.722203134773601 ], [ 26.841061885114382, 37.637819433298773 ], [ 26.716057284262384, 37.704835399643102 ], [ 26.588757989590075, 37.68569199918209 ], [ 26.558092553172887, 37.731036615904358 ], [ 26.630776940782834, 37.781411359651415 ], [ 26.762286500748676, 37.813758606927451 ] ] ], [ [ [ 26.844890904829025, 37.189809213986486 ], [ 26.889729524397964, 37.098145259083722 ], [ 26.816677546597134, 37.110707566849889 ], [ 26.749128828606658, 37.181194160948039 ], [ 26.844890904829025, 37.189809213986486 ] ] ], [ [ [ 26.800321955796672, 37.30263199268861 ], [ 26.753915083174608, 37.279907421669868 ], [ 26.701692447727158, 37.304667220221496 ], [ 26.757838603301316, 37.324917716537357 ], [ 26.800321955796672, 37.30263199268861 ] ] ], [ [ [ 23.864529100022686, 35.53270168033432 ], [ 23.988968282701901, 35.525893918815726 ], [ 24.144642096428772, 35.572318908248967 ], [ 24.156993182035297, 35.484049617992483 ], [ 24.231673939167052, 35.447527862930265 ], [ 24.317410808624796, 35.353774958285783 ], [ 24.697298999790647, 35.422998590462363 ], [ 25.02321440951118, 35.40908954993678 ], [ 25.076358671979062, 35.341377235635051 ], [ 25.360355057159985, 35.337083314901477 ], [ 25.490698015822126, 35.29833176436297 ], [ 25.642256292992414, 35.343200402607046 ], [ 25.757720449923521, 35.336020440843505 ], [ 25.717779213643258, 35.162053000521659 ], [ 25.794362533131054, 35.115879400760058 ], [ 26.034175678022883, 35.225185641611922 ], [ 26.160028441201792, 35.203396150671026 ], [ 26.245662353966093, 35.26661859071654 ], [ 26.292936402453094, 35.192853213273267 ], [ 26.263073061707299, 35.085160376524783 ], [ 26.181735672399636, 35.013805034164214 ], [ 26.106168695807135, 35.001775376999674 ], [ 25.965496968899753, 35.035066300777608 ], [ 24.770550048423218, 34.925595766256443 ], [ 24.722516918146759, 35.092544566503719 ], [ 24.573925265736179, 35.103181533384415 ], [ 24.376640258081441, 35.188747220040796 ], [ 24.287523304584418, 35.176006527400169 ], [ 23.626516386159601, 35.241053466641034 ], [ 23.5542502219248, 35.288846165116802 ], [ 23.543465971410491, 35.367722135650332 ], [ 23.583071166376381, 35.520740180693494 ], [ 23.688436728088252, 35.530182884713504 ], [ 23.746644907387505, 35.635643617523264 ], [ 23.796456700464354, 35.565511650714512 ], [ 23.864529100022686, 35.53270168033432 ] ] ], [ [ [ 26.772523675618391, 37.362863309031219 ], [ 26.745269219783292, 37.350343677228928 ], [ 26.701698962410926, 37.375543880759245 ], [ 26.732009672087674, 37.409687232840376 ], [ 26.772523675618391, 37.362863309031219 ] ] ], [ [ [ 26.451169542682671, 36.586220868279568 ], [ 26.399384836499486, 36.564171026110571 ], [ 26.366476937311983, 36.638196897455131 ], [ 26.4274679336045, 36.628991832783925 ], [ 26.451169542682671, 36.586220868279568 ] ] ], [ [ [ 26.570191148959982, 37.378170018813236 ], [ 26.56376877103531, 37.276254577008658 ], [ 26.523724949081, 37.283589579475155 ], [ 26.533979544174027, 37.360928011467841 ], [ 26.570191148959982, 37.378170018813236 ] ] ], [ [ [ 26.345534438944391, 36.580885549483803 ], [ 26.360116534243591, 36.506737110389309 ], [ 26.293128749593301, 36.515348602340126 ], [ 26.249530267768602, 36.591062581810426 ], [ 26.345534438944391, 36.580885549483803 ] ] ], [ [ [ 26.417872477323058, 36.990908641374283 ], [ 26.384836466577607, 36.970187233063498 ], [ 26.35263010832384, 36.988615401669001 ], [ 26.352630108336729, 37.009327111645717 ], [ 26.379279057295989, 37.023376012066286 ], [ 26.417872477323058, 36.990908641374283 ] ] ], [ [ [ 26.523816225582632, 37.655332667325091 ], [ 26.554776692010897, 37.590683529882256 ], [ 26.521263537494058, 37.595073070223592 ], [ 26.489617549042038, 37.633143914598314 ], [ 26.523816225582632, 37.655332667325091 ] ] ], [ [ [ 26.511396346866132, 37.573430351275235 ], [ 26.4693068093076, 37.550793072183026 ], [ 26.421573615654268, 37.571968457003848 ], [ 26.476191958304238, 37.595825293663864 ], [ 26.511396346866132, 37.573430351275235 ] ] ], [ [ [ 26.390104385499193, 39.278432669551584 ], [ 26.528944871033673, 39.16696429166268 ], [ 26.608618700114377, 39.032629043902453 ], [ 26.44218401507602, 38.966915512055373 ], [ 26.169575516167995, 39.014290291784732 ], [ 26.132408367084683, 39.04740933302417 ], [ 26.117488696899581, 39.087577381742769 ], [ 26.28000785210298, 39.163198260999742 ], [ 26.254672396085553, 39.199210886084856 ], [ 26.176861927071403, 39.192873324631421 ], [ 26.071285490127007, 39.092257497491644 ], [ 25.957487733485863, 39.112444142957074 ], [ 25.852037100543743, 39.194868428603051 ], [ 25.861825952173689, 39.251052152424705 ], [ 25.901572017675029, 39.282329328103209 ], [ 26.12770357241569, 39.312375678840567 ], [ 26.222688050273714, 39.38100092272056 ], [ 26.352448302119075, 39.372952270088838 ], [ 26.411315418803934, 39.330779290062161 ], [ 26.390104385499193, 39.278432669551584 ] ] ], [ [ [ 26.210144540005967, 37.617065637616129 ], [ 26.08702718612863, 37.503017276174333 ], [ 25.905102317343541, 37.518068900106954 ], [ 26.087839446532286, 37.640701938200671 ], [ 26.210144540005967, 37.617065637616129 ] ] ], [ [ [ 25.959958666893954, 36.902546187832812 ], [ 25.88375933247378, 36.787344934765187 ], [ 25.770657960988714, 36.788515748315838 ], [ 25.905940357287687, 36.900974489003907 ], [ 25.959958666893954, 36.902546187832812 ] ] ], [ [ [ 25.82990509082018, 36.363404550217496 ], [ 25.783203233670417, 36.341339726842349 ], [ 25.716358982142435, 36.363667834341683 ], [ 25.771834087319156, 36.403671348365727 ], [ 25.82990509082018, 36.363404550217496 ] ] ], [ [ [ 25.620901571918136, 35.600331608501989 ], [ 25.620003791905752, 35.581831928911569 ], [ 25.58652930289173, 35.583593988791094 ], [ 25.531892805375346, 35.601218018664476 ], [ 25.531027104708205, 35.619717437568916 ], [ 25.620901571918136, 35.600331608501989 ] ] ], [ [ [ 26.270083674499187, 38.526608723186449 ], [ 26.228412084710477, 38.502062170072399 ], [ 26.180952601004645, 38.524411229402141 ], [ 26.234983827010971, 38.547492937539246 ], [ 26.270083674499187, 38.526608723186449 ] ] ], [ [ [ 26.03848533277219, 38.194589621520151 ], [ 26.008387155972557, 38.154730127290208 ], [ 25.912184732950863, 38.217605314569774 ], [ 25.876657887728257, 38.2611089277055 ], [ 25.979839471598144, 38.332924390195927 ], [ 25.989486802608702, 38.372257754035275 ], [ 25.840378555535636, 38.551681918500876 ], [ 26.006310952166853, 38.601491202031966 ], [ 26.155302967820756, 38.540456660173454 ], [ 26.148941148797519, 38.313689879531275 ], [ 26.102339262657004, 38.217605314731358 ], [ 26.03848533277219, 38.194589621520151 ] ] ], [ [ [ 25.845322589704114, 37.124487072438988 ], [ 25.825468865494319, 37.083507041591872 ], [ 25.773416794301347, 37.120877760641093 ], [ 25.825170024711099, 37.139605066564442 ], [ 25.845322589704114, 37.124487072438988 ] ] ], [ [ [ 25.68681649446382, 36.890140861490572 ], [ 25.641486159781145, 36.863091930001609 ], [ 25.607865934438433, 36.887623044246425 ], [ 25.650555701758272, 36.91448722307144 ], [ 25.68681649446382, 36.890140861490572 ] ] ], [ [ [ 25.643658696859937, 36.937847859095008 ], [ 25.604263557538605, 36.917015679825369 ], [ 25.561768814373853, 36.940278846638918 ], [ 25.612885490990152, 36.966031403240414 ], [ 25.643658696859937, 36.937847859095008 ] ] ], [ [ [ 25.488184717662005, 36.365398909615863 ], [ 25.425847747716873, 36.335435999300358 ], [ 25.370448722223205, 36.408230844250774 ], [ 25.45157702251716, 36.434383874294753 ], [ 25.488184717662005, 36.365398909615863 ] ] ], [ [ [ 25.257162608441693, 35.440175196202048 ], [ 25.242473478008364, 35.420014706931653 ], [ 25.179733480778051, 35.444705081816643 ], [ 25.217952566410673, 35.473559528237814 ], [ 25.257162608441693, 35.440175196202048 ] ] ], [ [ [ 25.561039092561195, 36.976707006381012 ], [ 25.462209693619183, 36.920627068643697 ], [ 25.378465057584958, 36.996591483993335 ], [ 25.347558684238734, 37.071301254363405 ], [ 25.381194906364524, 37.116931264538437 ], [ 25.519566683519532, 37.200390977715131 ], [ 25.596518056601752, 37.130067138239909 ], [ 25.561039092561195, 36.976707006381012 ] ] ], [ [ [ 25.4347937958862, 36.471128465768643 ], [ 25.405746040362665, 36.448405125430853 ], [ 25.346638146296218, 36.459737165921517 ], [ 25.38420509491014, 36.491391280104146 ], [ 25.4347937958862, 36.471128465768643 ] ] ], [ [ [ 26.620170409673154, 41.367595130044784 ], [ 26.347293130861683, 41.245058732227861 ], [ 26.321095317574731, 41.101780724953564 ], [ 26.340387973097847, 40.952585919653927 ], [ 26.122690316542165, 40.754930945988541 ], [ 26.03275803002693, 40.730256852477119 ], [ 26.018410875363756, 40.789396584613947 ], [ 25.952238929940421, 40.836968676916996 ], [ 25.549714028602896, 40.863512669739542 ], [ 25.335524663987322, 40.939637503845496 ], [ 25.177447710414661, 40.94237049652893 ], [ 25.138318699156105, 40.961222692577351 ], [ 25.139545089795678, 40.990687389230004 ], [ 25.059229730831639, 40.995619699379645 ], [ 24.813489843241204, 40.858085670692994 ], [ 24.637100931815588, 40.870022334022821 ], [ 24.501677970496331, 40.954599843604768 ], [ 24.39741997103047, 40.929156244548906 ], [ 24.330663809171828, 40.885448824574908 ], [ 24.290939851544739, 40.813674540795581 ], [ 24.130058797052651, 40.737536727428441 ], [ 24.036902149860094, 40.722763556873367 ], [ 23.867746335760302, 40.778728451873775 ], [ 23.765077322102076, 40.75789232447255 ], [ 23.703573217156162, 40.688146834567689 ], [ 23.753624546031816, 40.632946547817205 ], [ 23.902638207784239, 40.539755974241466 ], [ 23.828807462488587, 40.498897326609054 ], [ 23.858071719911997, 40.423878137046906 ], [ 23.929897001776173, 40.386239525636618 ], [ 24.010988298189098, 40.389434307010745 ], [ 24.004999732689146, 40.420978370811945 ], [ 24.153732990124702, 40.348875563660833 ], [ 24.249004268484228, 40.296658097085221 ], [ 24.375744837551501, 40.145323208729259 ], [ 24.302470739057963, 40.132828833461978 ], [ 24.15373298991226, 40.275890144118783 ], [ 24.005042944117999, 40.314567691036316 ], [ 23.895637378190568, 40.315273547589655 ], [ 23.880436301653614, 40.362396653674146 ], [ 23.745385496804495, 40.343646901653806 ], [ 23.703432952488839, 40.303275112356275 ], [ 23.739570679509139, 40.236867913930489 ], [ 23.974185545844364, 40.111364265162223 ], [ 24.000215073131329, 40.007068629905667 ], [ 23.923313076667622, 39.95854490901138 ], [ 23.819971537646122, 40.023114043601147 ], [ 23.750242919420238, 40.133187303958024 ], [ 23.644424999258863, 40.219134243493258 ], [ 23.430291348074096, 40.269683711606099 ], [ 23.31426397450673, 40.225359107153984 ], [ 22.900907685504812, 40.381839381926383 ], [ 22.824885411835631, 40.484835643782731 ], [ 22.963992796991086, 40.535439505031803 ], [ 22.927034970591102, 40.630566640722549 ], [ 22.874852489702569, 40.630756122316427 ], [ 22.726364907204143, 40.512390824313471 ], [ 22.682408959491568, 40.528966439153244 ], [ 22.663957370552872, 40.491554657628754 ], [ 22.594059678123298, 40.458069224040997 ], [ 22.651518722552794, 40.357010531587314 ], [ 22.554416359488016, 40.138052126310896 ], [ 22.588076985903612, 40.027402330524637 ], [ 22.701438612286399, 39.950970677936844 ], [ 22.738999163463578, 39.872247213620533 ], [ 22.849177896927401, 39.794285692675857 ], [ 22.915911000647331, 39.602935921987203 ], [ 23.091182334284596, 39.49743676874936 ], [ 23.267308254622883, 39.314732693660304 ], [ 23.342369792447482, 39.19444475700606 ], [ 23.308250534213332, 39.149237266985537 ], [ 23.200730379022318, 39.106343718473575 ], [ 23.07491619839881, 39.09557811893275 ], [ 23.081766513278918, 39.141881357950432 ], [ 23.125313201230885, 39.117980746439407 ], [ 23.203759616646778, 39.166007300633808 ], [ 23.181027958400922, 39.239598800745824 ], [ 23.119328386440831, 39.300433881203588 ], [ 22.950783503667076, 39.344957237589618 ], [ 22.926648488704888, 39.298694914576934 ], [ 22.829821984912371, 39.271903535058954 ], [ 22.823746011661246, 39.220294982104477 ], [ 22.856520675568774, 39.168017645969307 ], [ 22.971676536899928, 39.103549481924325 ], [ 23.004251972871671, 39.030984881883327 ], [ 23.036677027624872, 39.024920070944589 ], [ 22.988670741078799, 38.954185455352146 ], [ 22.75011310425738, 38.874945844369869 ], [ 22.606722134121746, 38.905715646429854 ], [ 22.560972208239619, 38.885103982947271 ], [ 22.555964167110258, 38.852372223457401 ], [ 22.59976725385075, 38.827117447877725 ], [ 22.689732352521627, 38.842855193827859 ], [ 22.861693386717647, 38.764346928550964 ], [ 23.034462489394688, 38.747570133254285 ], [ 23.106968672505506, 38.635491085493591 ], [ 23.199291369809217, 38.671080127097518 ], [ 23.309489568016872, 38.635138916857677 ], [ 23.312464242623541, 38.565554588282147 ], [ 23.358647311232133, 38.526558252484925 ], [ 23.328288840142761, 38.501220342307278 ], [ 23.546015860934766, 38.500561845144276 ], [ 23.604423433286872, 38.474920396359238 ], [ 23.629672462012984, 38.51599585124827 ], [ 23.602576118783791, 38.563896789626625 ], [ 23.515701073663973, 38.593407469433245 ], [ 23.189793836869658, 38.835117095952391 ], [ 23.075214742922959, 38.84466153552394 ], [ 23.016862913333853, 38.878737888646206 ], [ 22.950561529517739, 38.838620469753643 ], [ 22.848608754364548, 38.832665261702587 ], [ 22.849892026052643, 38.85959910570471 ], [ 23.063113384705673, 38.938990394371956 ], [ 23.128312579231345, 39.001909304304675 ], [ 23.310833509201967, 39.035355935763619 ], [ 23.422304407661962, 38.946722369869143 ], [ 23.473223049676726, 38.837158918541299 ], [ 23.611815140004726, 38.761124646136103 ], [ 23.714545874909874, 38.752461351926193 ], [ 23.753624546608496, 38.710254195730272 ], [ 23.884676638842052, 38.669634213367623 ], [ 24.048016346870661, 38.682200111569401 ], [ 24.128382655551174, 38.656093043292707 ], [ 24.134593076884286, 38.589610295545071 ], [ 24.217765991387761, 38.524620043459294 ], [ 24.185752501416129, 38.408463119350643 ], [ 24.260014324922601, 38.217605314416694 ], [ 24.347977058364105, 38.161711662597057 ], [ 24.501677969447393, 38.148741699333961 ], [ 24.576795386398128, 38.12011598475177 ], [ 24.551945495888848, 37.993005691751996 ], [ 24.501677969840916, 37.954504807931457 ], [ 24.432083658161638, 38.003087634006732 ], [ 24.355944483804603, 37.978210552512465 ], [ 24.292385486561724, 38.074145867532714 ], [ 24.2147188204166, 38.089076851992509 ], [ 24.179524547559165, 38.217605314539874 ], [ 24.153732990358641, 38.256970748223793 ], [ 24.107167127895075, 38.275892110353837 ], [ 24.017727597227314, 38.393042543630692 ], [ 23.672696301128376, 38.401047884021914 ], [ 23.65513453686129, 38.352496827751601 ], [ 23.951702018715189, 38.275297809298891 ], [ 24.04946374520312, 38.19780429740252 ], [ 24.058488207011024, 38.152416308332555 ], [ 23.994281788560762, 38.078396103407819 ], [ 24.0149533041801, 37.925942087187494 ], [ 24.068144260743882, 37.797759478286089 ], [ 24.053350816196058, 37.693202394815849 ], [ 24.009253147212231, 37.665268964957853 ], [ 23.819923139711705, 37.797759477674418 ], [ 23.780023511495074, 37.811112755705707 ], [ 23.672228331710183, 37.941893031465412 ], [ 23.565836150524806, 37.955404554613025 ], [ 23.464310291704976, 37.884144015722171 ], [ 23.411433009180595, 37.897789248984552 ], [ 23.413444433239714, 37.921586694807935 ], [ 23.472417674443452, 37.939405262875482 ], [ 23.456864317523078, 37.96487137082935 ], [ 23.478495691627135, 37.990879854608664 ], [ 23.571394386775086, 37.993224316806106 ], [ 23.597265892570277, 38.015648254257513 ], [ 23.522552591383079, 38.040504442988585 ], [ 23.378845210055918, 37.977070690455314 ], [ 23.17969936773401, 37.951590027394097 ], [ 23.034729435619354, 37.883936883102031 ], [ 23.162424938440299, 37.793635576613674 ], [ 23.120031738657566, 37.729985046843332 ], [ 23.164151676815287, 37.710811844750509 ], [ 23.165257356391589, 37.628443622240859 ], [ 23.200378692236985, 37.596652836654719 ], [ 23.33226815247108, 37.539729084987172 ], [ 23.356771984336888, 37.556956900627895 ], [ 23.329784051464468, 37.624091035074024 ], [ 23.397630567464343, 37.626201914604188 ], [ 23.38509140168545, 37.545851790118128 ], [ 23.429056216518816, 37.513864479935407 ], [ 23.494458951433167, 37.52696759731387 ], [ 23.478859069856298, 37.486752455491384 ], [ 23.518296206645921, 37.440945382758244 ], [ 23.424419604341157, 37.411701187188775 ], [ 23.267420941770535, 37.397306615249242 ], [ 23.167263885212936, 37.294093851496505 ], [ 23.073190821702813, 37.365999278141324 ], [ 23.106978983143872, 37.446218761671254 ], [ 23.005585327917967, 37.470637585928593 ], [ 22.952468454594552, 37.520628651123282 ], [ 22.846215033979533, 37.521838400609134 ], [ 22.778902609046263, 37.582203160725548 ], [ 22.738434366911342, 37.57444949503882 ], [ 22.765098344343027, 37.392760886782568 ], [ 22.894919705674354, 37.213054052252929 ], [ 22.903138562245001, 37.12775309836811 ], [ 22.955992263417961, 37.105508807882728 ], [ 23.072491802298796, 36.801968305806405 ], [ 23.041777536023254, 36.651863723044478 ], [ 23.129244345525557, 36.542021432055179 ], [ 23.151211360775129, 36.452077668718154 ], [ 23.104496196706346, 36.450948339621867 ], [ 23.030420018828309, 36.50387715429131 ], [ 22.957526231098456, 36.501394282945128 ], [ 22.772016181672463, 36.777542744419314 ], [ 22.656901128703549, 36.797939700824131 ], [ 22.580348330219635, 36.771984351305548 ], [ 22.524766298463621, 36.683431620558004 ], [ 22.485121896384278, 36.588043879840768 ], [ 22.4972908171382, 36.465983505779548 ], [ 22.471359169118383, 36.420052792348208 ], [ 22.367041666345749, 36.500292520546317 ], [ 22.361382008240795, 36.672443149477829 ], [ 22.260310379438501, 36.848261071241325 ], [ 22.146875156171966, 36.917528654562588 ], [ 22.125842961841546, 37.012552115379023 ], [ 22.057979727372782, 37.021202696969972 ], [ 21.945850783138422, 36.974557479976092 ], [ 21.943854800847102, 36.791414858464492 ], [ 21.891955535875361, 36.741426023662605 ], [ 21.795092436546785, 36.799011819560391 ], [ 21.69012410100499, 36.766883180661189 ], [ 21.696296664621158, 36.930455890569206 ], [ 21.588914759903226, 37.054693079296065 ], [ 21.571887505476059, 37.128260963443353 ], [ 21.593851722970978, 37.200474547790925 ], [ 21.678554384168248, 37.28967410663693 ], [ 21.680233141123047, 37.377433728142506 ], [ 21.543778100040335, 37.556539304752398 ], [ 21.316172132583723, 37.670624139267161 ], [ 21.287897778940721, 37.76792720113923 ], [ 21.115509369412308, 37.855829689833605 ], [ 21.126502402730541, 37.925118899800502 ], [ 21.253023320269719, 37.97478239657881 ], [ 21.351074370594326, 38.102138454518347 ], [ 21.379392883731228, 38.204073571864832 ], [ 21.602642426888892, 38.146521557001641 ], [ 21.718897304365246, 38.219025507665997 ], [ 21.767675537756258, 38.298663569426417 ], [ 21.856392139510319, 38.331514641704658 ], [ 22.000545479611279, 38.313803661159241 ], [ 22.148293117116165, 38.219025506902362 ], [ 22.372972484952452, 38.142223650561355 ], [ 22.631659036113966, 38.079205141250263 ], [ 22.880547411207122, 37.935095810509509 ], [ 22.962332502178491, 37.969257958088264 ], [ 22.874939357306701, 38.030501941783768 ], [ 22.888769886556478, 38.04937413906903 ], [ 22.960834628294368, 38.073332737897303 ], [ 23.117532031816793, 38.060645732780436 ], [ 23.203760549782999, 38.103227543600319 ], [ 23.178459207029366, 38.157941772006517 ], [ 23.005627621527069, 38.211823314772694 ], [ 22.952975501783207, 38.184784793330927 ], [ 22.895299683935118, 38.219025507685522 ], [ 22.782939653469665, 38.236784939341597 ], [ 22.775087334189813, 38.276555921479734 ], [ 22.665922762570283, 38.373259753349252 ], [ 22.608068681612714, 38.359401626590319 ], [ 22.570174601543801, 38.285911214240826 ], [ 22.439252681499095, 38.427354340516196 ], [ 22.366610589408747, 38.341538772028194 ], [ 22.24558496802603, 38.355714289034893 ], [ 22.176319763090728, 38.33201421028452 ], [ 22.068459300840516, 38.387120155558534 ], [ 21.952046079795398, 38.400760175515479 ], [ 21.743869913722829, 38.339266930493181 ], [ 21.614384160978755, 38.346215912137879 ], [ 21.517556488827132, 38.308001125192504 ], [ 21.35233382523462, 38.394813801732184 ], [ 21.277712100001967, 38.326629564559411 ], [ 21.174543884040833, 38.308379174235874 ], [ 21.118167869733664, 38.343117704821751 ], [ 21.114244564606778, 38.439499928182251 ], [ 21.077399436726196, 38.518654346137097 ], [ 21.021831040886109, 38.519316077494025 ], [ 21.011515173432876, 38.616092440211482 ], [ 20.978407864312889, 38.664412632737111 ], [ 20.913454105012871, 38.687315528736946 ], [ 20.868754351328754, 38.785391631501597 ], [ 20.773193934311351, 38.762359954662195 ], [ 20.733098417115446, 38.814495783878527 ], [ 20.771968412523876, 38.870036246885391 ], [ 20.770208228462188, 38.93412699882127 ], [ 20.980442767484597, 38.93829993799109 ], [ 21.05945487066802, 38.880370012989232 ], [ 21.157712641014072, 38.894224608838385 ], [ 21.152849294512677, 38.98618586662846 ], [ 21.108608480406332, 39.046146477510248 ], [ 21.032924394969136, 39.017734881522813 ], [ 20.814835658206576, 39.090004457524543 ], [ 20.767391592739067, 38.976870145585444 ], [ 20.737982255646017, 38.965435663063388 ], [ 20.688643389521808, 39.056124886408512 ], [ 20.498342943646872, 39.209599626429856 ], [ 20.477821569292509, 39.274841483714084 ], [ 20.346088086969974, 39.286595938771278 ], [ 20.300678563430683, 39.315735222953954 ], [ 20.229105130867801, 39.426395349138765 ], [ 20.251460878673043, 39.502474274973167 ], [ 20.149342150065433, 39.52256491199843 ], [ 20.177423312202198, 39.612847225726135 ], [ 20.134295732208443, 39.645564081124 ], [ 20.008812646770885, 39.691292235121281 ], [ 20.20421421116345, 39.653019018222416 ], [ 20.301310058159782, 39.72718132495384 ], [ 20.302345082595789, 39.812743109891152 ], [ 20.39130787986635, 39.78848353741315 ], [ 20.406181028568085, 39.852428877155653 ], [ 20.324666015552552, 39.985482753009826 ], [ 20.387999451239828, 40.001582801334649 ], [ 20.444027073514988, 40.067178532817799 ], [ 20.612876563311108, 40.079653468487081 ], [ 20.678734213116709, 40.108305967451422 ], [ 20.720074881374185, 40.278020629954632 ], [ 20.778451799528874, 40.348730593551068 ], [ 20.795661213294476, 40.43378955641505 ], [ 20.853391678524694, 40.474615069053556 ], [ 20.948307931376451, 40.476184444787975 ], [ 21.05606836890853, 40.616695330727453 ], [ 21.047975354683693, 40.675291411900254 ], [ 20.972368690333159, 40.772530805702829 ], [ 20.980204391010304, 40.855665050155736 ], [ 21.119612153603477, 40.854682876503446 ], [ 21.502939050508914, 40.910607339940121 ], [ 21.586049420175673, 40.870194650975833 ], [ 21.697743297469035, 40.935348084175317 ], [ 21.7873777739993, 40.931125359895717 ], [ 21.929438063566312, 41.100350402714973 ], [ 22.056775546114245, 41.150788294486787 ], [ 22.140400395275087, 41.132597359521029 ], [ 22.216216165370927, 41.170457396084025 ], [ 22.332051845521679, 41.120272519843418 ], [ 22.605696166522574, 41.126569031569353 ], [ 22.666470054781563, 41.186339606386923 ], [ 22.708616873843276, 41.150722835440611 ], [ 22.748710886523931, 41.173064974658281 ], [ 22.757236831193975, 41.302991106564541 ], [ 22.799353129911378, 41.34089947340096 ], [ 23.182807337184997, 41.322700477578188 ], [ 23.292869405371935, 41.397581135512006 ], [ 23.345997156419518, 41.374667620614446 ], [ 23.5086936198472, 41.40328320729472 ], [ 23.624308285296834, 41.375698383720859 ], [ 23.753624546535811, 41.40347363677445 ], [ 23.916767733513062, 41.46997601575373 ], [ 23.972452204614008, 41.446164736969017 ], [ 24.049564766535998, 41.457167035881589 ], [ 24.059744082195312, 41.522112174279947 ], [ 24.105716200509573, 41.543867342189529 ], [ 24.18734573570859, 41.526664848891393 ], [ 24.251890600275434, 41.565843926101422 ], [ 24.316819046418559, 41.519459665974864 ], [ 24.524577733783172, 41.561202319981369 ], [ 24.609555223066298, 41.438020448207197 ], [ 24.724155972509966, 41.409641246436344 ], [ 24.783955942217055, 41.36018913989296 ], [ 24.833296528540441, 41.3956207248563 ], [ 24.915383732078421, 41.401011173009927 ], [ 25.179375287305376, 41.310188062277781 ], [ 25.224698491864249, 41.264630841318855 ], [ 25.315430533798793, 41.238950820187576 ], [ 25.569407274512329, 41.312449956989298 ], [ 25.703363768623742, 41.300975017205758 ], [ 25.818104498514028, 41.339203067541838 ], [ 25.906437451680773, 41.307575070550051 ], [ 26.114450302652351, 41.35907060919611 ], [ 26.178191213446642, 41.432744205091829 ], [ 26.168000832344291, 41.557712724052102 ], [ 26.084233885144506, 41.653226676475079 ], [ 26.083779390318419, 41.708218833793147 ], [ 26.172264600901709, 41.743460078423098 ], [ 26.357879011590075, 41.71110454601785 ], [ 26.584668182079941, 41.591061495673152 ], [ 26.620170409673154, 41.367595130044784 ] ] ], [ [ [ 25.478446981517919, 36.824161227254429 ], [ 25.429036301113378, 36.818507129907587 ], [ 25.425444771053879, 36.842107123376486 ], [ 25.479927868370034, 36.866908943947969 ], [ 25.478446981517919, 36.824161227254429 ] ] ], [ [ [ 25.356995892975885, 36.453941884768064 ], [ 25.350233232380955, 36.40857210106914 ], [ 25.317166219263616, 36.419109851541684 ], [ 25.334372517557778, 36.459535214105209 ], [ 25.356995892975885, 36.453941884768064 ] ] ], [ [ [ 25.391437832828448, 36.717587721164165 ], [ 25.380216865021584, 36.655206414846418 ], [ 25.343807373964275, 36.655293773631662 ], [ 25.25037113079426, 36.729608675831862 ], [ 25.272262818859687, 36.781134524008628 ], [ 25.309474026380236, 36.784747393914216 ], [ 25.391437832828448, 36.717587721164165 ] ] ], [ [ [ 25.452293516474661, 37.458589460777709 ], [ 25.342546004516525, 37.408401388936042 ], [ 25.287630885837469, 37.489136055945757 ], [ 25.389194029932142, 37.500208294498172 ], [ 25.452293516474661, 37.458589460777709 ] ] ], [ [ [ 25.628066327025092, 38.565713226912969 ], [ 25.567495971172384, 38.530762476265735 ], [ 25.478594203461139, 38.556725907827591 ], [ 25.558938837546233, 38.599860148837578 ], [ 25.628066327025092, 38.565713226912969 ] ] ], [ [ [ 25.234254694716363, 36.994021901402796 ], [ 25.161720608548091, 36.978961209162065 ], [ 25.088069438594452, 37.02645765746211 ], [ 25.172025728286734, 37.126229109480747 ], [ 25.282036933370815, 37.141500147461933 ], [ 25.234254694716363, 36.994021901402796 ] ] ], [ [ [ 25.16889687596948, 36.696540908794766 ], [ 25.132840294059765, 36.65926380146734 ], [ 25.064009077549237, 36.67600533946807 ], [ 25.118045637487068, 36.709391574446755 ], [ 25.16889687596948, 36.696540908794766 ] ] ], [ [ [ 25.280148976710691, 37.38545279931337 ], [ 25.229667516167755, 37.374634203474528 ], [ 25.181304621974142, 37.425923460986908 ], [ 25.236798897699909, 37.429911876229809 ], [ 25.280148976710691, 37.38545279931337 ] ] ], [ [ [ 25.268347243696411, 37.544909581337251 ], [ 25.144580771226611, 37.524718167604775 ], [ 25.016909760656247, 37.622573068112466 ], [ 25.197585053684428, 37.637219755742109 ], [ 25.268347243696411, 37.544909581337251 ] ] ], [ [ [ 25.082892507821153, 37.031189851003596 ], [ 25.060317668421305, 36.967965550370685 ], [ 24.981812799112454, 36.974330399537465 ], [ 25.02872917516774, 37.023457730553062 ], [ 25.082892507821153, 37.031189851003596 ] ] ], [ [ [ 24.960870012745662, 36.595179086648976 ], [ 24.913799819755436, 36.594698207643972 ], [ 24.883142152010258, 36.628068668652404 ], [ 24.935499581542455, 36.637426202233861 ], [ 24.960870012745662, 36.595179086648976 ] ] ], [ [ [ 24.900756849540198, 36.632661191715378 ], [ 24.864328021274801, 36.628552924208485 ], [ 24.833010496374534, 36.654761273092198 ], [ 24.874839811304774, 36.663241044710851 ], [ 24.900756849540198, 36.632661191715378 ] ] ], [ [ [ 25.721759526011297, 40.464013021962714 ], [ 25.586512795349801, 40.389291629519278 ], [ 25.443375886705923, 40.448032749448032 ], [ 25.604118142687966, 40.521443431588331 ], [ 25.721759526011297, 40.464013021962714 ] ] ], [ [ [ 24.958370130518144, 37.389593733938938 ], [ 24.894305283825489, 37.363350284906261 ], [ 24.83568480269745, 37.385053243496706 ], [ 24.935098787458127, 37.500371344000584 ], [ 24.958370130518144, 37.389593733938938 ] ] ], [ [ [ 24.996078090752381, 37.758907396897108 ], [ 24.962322302912003, 37.698786317705711 ], [ 24.708261658527718, 37.891039057100357 ], [ 24.686782073406757, 37.950365777143205 ], [ 24.772610643318107, 37.991143375316348 ], [ 24.848393546661647, 37.921708898435547 ], [ 24.941042549406006, 37.892466234911403 ], [ 24.996078090752381, 37.758907396897108 ] ] ], [ [ [ 24.755905595929562, 36.953440901370648 ], [ 24.725239705475314, 36.901887132587539 ], [ 24.638143263296669, 37.037121509179968 ], [ 24.697299000424003, 37.028301704571859 ], [ 24.755905595929562, 36.953440901370648 ] ] ], [ [ [ 25.437950245065544, 39.992302809199636 ], [ 25.349270233371115, 39.870661083949344 ], [ 25.345970516588572, 39.785979042233421 ], [ 25.267566271827473, 39.841730439229011 ], [ 25.247096978436474, 39.905488190229434 ], [ 25.202535099076126, 39.881070759384485 ], [ 25.193828994608054, 39.805022962679757 ], [ 25.06958395879504, 39.848736708849977 ], [ 25.040382019024371, 39.957781909693665 ], [ 25.055990411541394, 39.984096230787038 ], [ 25.123225376997393, 40.002448619557775 ], [ 25.239805914911585, 40.000247936427257 ], [ 25.292746491731435, 39.952876211979479 ], [ 25.40889727014741, 40.01602052656856 ], [ 25.437950245065544, 39.992302809199636 ] ] ], [ [ [ 24.687650067937437, 36.757518001901396 ], [ 24.650701065343824, 36.736779862243019 ], [ 24.600639649857591, 36.759333597460312 ], [ 24.654891881929881, 36.783064468956084 ], [ 24.687650067937437, 36.757518001901396 ] ] ], [ [ [ 24.765728601090665, 37.612838206641101 ], [ 24.729638452199715, 37.590400498756424 ], [ 24.679374783779718, 37.613639883970095 ], [ 24.727302670531913, 37.637146832277679 ], [ 24.765728601090665, 37.612838206641101 ] ] ], [ [ [ 24.519709076049068, 36.67851295088429 ], [ 24.366236141438083, 36.652191631111911 ], [ 24.316924804807805, 36.669447958501983 ], [ 24.344681348524659, 36.717787254512672 ], [ 24.413350609457733, 36.718253171813807 ], [ 24.501677970119562, 36.772226193179463 ], [ 24.550532939431648, 36.830732450131102 ], [ 24.585785838366395, 36.8225562748217 ], [ 24.519709076049068, 36.67851295088429 ] ] ], [ [ [ 24.136904947958104, 34.835376109733765 ], [ 24.09976409966843, 34.813949485271522 ], [ 24.046180763698878, 34.83980601473688 ], [ 24.10600454303172, 34.86288390857294 ], [ 24.136904947958104, 34.835376109733765 ] ] ], [ [ [ 24.543420529061041, 37.147966707142835 ], [ 24.493793053280037, 37.109404245615153 ], [ 24.393652601841424, 37.157237409771881 ], [ 24.49977772744186, 37.202036920397738 ], [ 24.543420529061041, 37.147966707142835 ] ] ], [ [ [ 25.049283685586946, 39.545267232595144 ], [ 24.996510646468828, 39.466518174277411 ], [ 24.952376052086393, 39.505332413923675 ], [ 25.00315856811989, 39.560692936264182 ], [ 25.049283685586946, 39.545267232595144 ] ] ], [ [ [ 24.469376309602634, 37.384101035832352 ], [ 24.351904470126925, 37.319610235126582 ], [ 24.371956897836576, 37.42835936572844 ], [ 24.434571601901428, 37.478875788259167 ], [ 24.469376309602634, 37.384101035832352 ] ] ], [ [ [ 24.267494132022197, 36.788931458396526 ], [ 24.236660200898768, 36.757508939260354 ], [ 24.201240822733588, 36.800377915788729 ], [ 24.25017360174979, 36.816074636549118 ], [ 24.267494132022197, 36.788931458396526 ] ] ], [ [ [ 24.67341723052461, 38.777698595739579 ], [ 24.58252128619262, 38.761526288815823 ], [ 24.548723958221032, 38.831286718327554 ], [ 24.437580428727287, 38.890230076473372 ], [ 24.455591938646151, 38.964303009800659 ], [ 24.501677970354663, 38.97362459049036 ], [ 24.67341723052461, 38.777698595739579 ] ] ], [ [ [ 24.385528405808056, 37.606804742891562 ], [ 24.307265952932454, 37.530710261497617 ], [ 24.264183331921515, 37.531022842082578 ], [ 24.29332668678656, 37.652051376256843 ], [ 24.38428163961256, 37.679394134249833 ], [ 24.385528405808056, 37.606804742891562 ] ] ], [ [ [ 24.275703837428793, 38.027320315015011 ], [ 24.276242345430106, 37.980810167181367 ], [ 24.222075707086482, 37.981104394018779 ], [ 24.246229175527585, 38.030182863359926 ], [ 24.275703837428793, 38.027320315015011 ] ] ], [ [ [ 24.394924329505294, 38.836657300967879 ], [ 24.358937532640489, 38.813370121631465 ], [ 24.315573939583512, 38.836809937883643 ], [ 24.351517312345468, 38.864232938546401 ], [ 24.394924329505294, 38.836657300967879 ] ] ], [ [ [ 24.152192182373266, 37.723730548103362 ], [ 24.120745009455351, 37.671218126589849 ], [ 24.102357160460489, 37.674768091060272 ], [ 24.146974836207793, 37.760533162893623 ], [ 24.152192182373266, 37.723730548103362 ] ] ], [ [ [ 24.766334743399469, 40.608661263074296 ], [ 24.648860210818857, 40.574445384199024 ], [ 24.507242940412624, 40.658411818825329 ], [ 24.55881871053306, 40.755441261973473 ], [ 24.642492049668345, 40.797049825775083 ], [ 24.738447017492835, 40.766700915312654 ], [ 24.782397290330273, 40.671758397730542 ], [ 24.766334743399469, 40.608661263074296 ] ] ], [ [ [ 23.92781146441882, 36.822334987949461 ], [ 23.884418382954905, 36.819402023186704 ], [ 23.846479759338521, 36.848678284836652 ], [ 23.89379119945734, 36.865975998633289 ], [ 23.92781146441882, 36.822334987949461 ] ] ], [ [ [ 23.96947009945854, 37.457931220689204 ], [ 23.92536266395226, 37.450484095311836 ], [ 23.906144666728697, 37.46995047517342 ], [ 23.924915388270346, 37.486000197145628 ], [ 23.951702019164063, 37.480549176872913 ], [ 23.96947009945854, 37.457931220689204 ] ] ], [ [ [ 24.180312663983297, 39.372321994200767 ], [ 24.132865741578698, 39.359972881132315 ], [ 24.152547658860453, 39.416027824071776 ], [ 24.18966538623031, 39.412173913949509 ], [ 24.180312663983297, 39.372321994200767 ] ] ], [ [ [ 24.102121836286461, 39.345565071967933 ], [ 24.07966839055533, 39.294856738222713 ], [ 24.03105730404226, 39.317637846079741 ], [ 24.066988798372929, 39.361371460778138 ], [ 24.102121836286461, 39.345565071967933 ] ] ], [ [ [ 23.995715686302116, 39.160643455799104 ], [ 23.870620799367899, 39.153436335846457 ], [ 23.847884219462909, 39.163428516673335 ], [ 23.951702018499287, 39.244734984443845 ], [ 23.995715686302116, 39.160643455799104 ] ] ], [ [ [ 23.315066136450746, 35.892236312656244 ], [ 23.328196524296757, 35.836964826204778 ], [ 23.292767371351268, 35.841736115866027 ], [ 23.268422172339182, 35.882538434843553 ], [ 23.315066136450746, 35.892236312656244 ] ] ], [ [ [ 23.536195062571597, 37.349769394475921 ], [ 23.485648729554025, 37.315047089884764 ], [ 23.424329873674168, 37.332144813259987 ], [ 23.485331870413411, 37.365107832584407 ], [ 23.536195062571597, 37.349769394475921 ] ] ], [ [ [ 23.521985607444346, 37.689596599255097 ], [ 23.480800974923152, 37.673664742599911 ], [ 23.408291475907166, 37.765045869092297 ], [ 23.566207643504715, 37.766104387870428 ], [ 23.521985607444346, 37.689596599255097 ] ] ], [ [ [ 23.793490439012373, 39.092879496686002 ], [ 23.686561351975669, 39.067652317929934 ], [ 23.608829589612036, 39.123356066581216 ], [ 23.741439181787658, 39.136572912685565 ], [ 23.793490439012373, 39.092879496686002 ] ] ], [ [ [ 23.358379180985423, 37.337085308186929 ], [ 23.32642332661295, 37.309647871081246 ], [ 23.274664435552911, 37.333909209006933 ], [ 23.323519890996828, 37.35773533808981 ], [ 23.358379180985423, 37.337085308186929 ] ] ], [ [ [ 23.058627690411988, 36.206714113882448 ], [ 23.039093333807884, 36.136409895635943 ], [ 22.922744589818162, 36.183374849240948 ], [ 22.89074802946228, 36.32085469085736 ], [ 22.946307371304194, 36.377349654140019 ], [ 23.106099744456539, 36.23978230610247 ], [ 23.058627690411988, 36.206714113882448 ] ] ], [ [ [ 23.382464974481518, 37.708365759603538 ], [ 23.35092050619539, 37.669868934255049 ], [ 23.304846928904851, 37.678356769648474 ], [ 23.344086498139838, 37.71921016698883 ], [ 23.382464974481518, 37.708365759603538 ] ] ], [ [ [ 23.173927717278779, 37.248567294074896 ], [ 23.130916349101785, 37.233141778104688 ], [ 23.092011465774757, 37.27391136319514 ], [ 23.131985412766291, 37.282066835847125 ], [ 23.173927717278779, 37.248567294074896 ] ] ], [ [ [ 23.533487675755516, 39.177592372973372 ], [ 23.470901622304449, 39.14056915475328 ], [ 23.394519129591796, 39.160349890448011 ], [ 23.46846563207421, 39.200888885110857 ], [ 23.533487675755516, 39.177592372973372 ] ] ], [ [ [ 23.564867578012251, 39.966601147903965 ], [ 23.394506419124934, 39.954087734855129 ], [ 23.197434706116308, 40.152505880174715 ], [ 23.372826147370482, 40.161884080891156 ], [ 23.564867578012251, 39.966601147903965 ] ] ], [ [ [ 21.787254277270424, 36.748779512233256 ], [ 21.776786920924355, 36.710419131094049 ], [ 21.748698879898765, 36.713493645343824 ], [ 21.728677738598993, 36.757333316306052 ], [ 21.787254277270424, 36.748779512233256 ] ] ], [ [ [ 21.115011910321947, 38.400826245657761 ], [ 21.098357478101732, 38.3921565139999 ], [ 21.074109596464663, 38.405697152162844 ], [ 21.07410959720621, 38.433464306634598 ], [ 21.102815878037408, 38.43527136082934 ], [ 21.115011910321947, 38.400826245657761 ] ] ], [ [ [ 20.844047351481475, 37.66278044317329 ], [ 20.808434416529789, 37.660165762018892 ], [ 20.709491085376126, 37.73595100937974 ], [ 20.628144352468944, 37.861130304932971 ], [ 20.700952291112774, 37.904801178827036 ], [ 20.898010616719816, 37.797759478204192 ], [ 20.957582280567696, 37.72796594607361 ], [ 20.894307085529995, 37.721603161967728 ], [ 20.844047351481475, 37.66278044317329 ] ] ], [ [ [ 20.968157236709242, 38.63506628795875 ], [ 20.933033861457609, 38.611997697069278 ], [ 20.877965837812908, 38.634633050959948 ], [ 20.925847744619482, 38.656699725721758 ], [ 20.968157236709242, 38.63506628795875 ] ] ], [ [ [ 20.629461740226823, 38.292113438647021 ], [ 20.715912957584056, 38.228709459573139 ], [ 20.796308007411955, 38.098706798867518 ], [ 20.755834316603266, 38.072266072696273 ], [ 20.53307404699007, 38.107405622819272 ], [ 20.447444588349921, 38.233603336802446 ], [ 20.412707101780626, 38.175209216903923 ], [ 20.337666683520492, 38.184011747956845 ], [ 20.404783630537882, 38.318850391161661 ], [ 20.508961436470138, 38.349189543732209 ], [ 20.569675355910586, 38.436527600522631 ], [ 20.629461740226823, 38.292113438647021 ] ] ], [ [ [ 20.758061455031029, 38.326747986338496 ], [ 20.710775287363166, 38.306371042929548 ], [ 20.666835282156562, 38.361501729394107 ], [ 20.735720885097052, 38.387109036986331 ], [ 20.758061455031029, 38.326747986338496 ] ] ], [ [ [ 20.758228898612458, 38.639025097274335 ], [ 20.54371933110469, 38.581993926344026 ], [ 20.601922141631029, 38.790577592917124 ], [ 20.659586333095358, 38.846818495015405 ], [ 20.714919959956767, 38.854198737398399 ], [ 20.723026350397195, 38.682515976345371 ], [ 20.758228898612458, 38.639025097274335 ] ] ], [ [ [ 20.730479652177504, 38.575848074725087 ], [ 20.72753905587204, 38.526378668470493 ], [ 20.678440403085386, 38.530663223104554 ], [ 20.699125074295019, 38.579242040028639 ], [ 20.730479652177504, 38.575848074725087 ] ] ], [ [ [ 20.706153326556457, 38.428973865837108 ], [ 20.685057069542836, 38.385166065127521 ], [ 20.605125647260511, 38.4787752232317 ], [ 20.668907071882117, 38.498424569177295 ], [ 20.706153326556457, 38.428973865837108 ] ] ], [ [ [ 20.202303203341447, 39.187769347071722 ], [ 20.152826582436155, 39.185226712979308 ], [ 20.120282640963779, 39.215158008116539 ], [ 20.174223849158214, 39.227274818835099 ], [ 20.202303203341447, 39.187769347071722 ] ] ], [ [ [ 20.069309875718901, 39.432866167812747 ], [ 20.079389565448686, 39.398468976731664 ], [ 19.896770239021699, 39.444049541617893 ], [ 19.817066603864003, 39.567436376100787 ], [ 19.63650031038005, 39.737366119212737 ], [ 19.670069470985606, 39.785320475262886 ], [ 19.788787706354302, 39.815501327783615 ], [ 19.915666439535691, 39.791745211046305 ], [ 19.864015568593757, 39.671005395490752 ], [ 19.955575773501799, 39.483442629726788 ], [ 20.069309875718901, 39.432866167812747 ] ] ], [ [ [ 19.608339215625303, 39.882354417322404 ], [ 19.574361742187882, 39.856380008680709 ], [ 19.54332977166014, 39.894722397541159 ], [ 19.584144703371543, 39.916584436027776 ], [ 19.608339215625303, 39.882354417322404 ] ] ], [ [ [ 19.432267346358451, 39.849101417469548 ], [ 19.395009064937408, 39.825889637508503 ], [ 19.352208724488062, 39.852416180680635 ], [ 19.386266132906204, 39.876650348208706 ], [ 19.432267346358451, 39.849101417469548 ] ] ] ] } },
{ "type": "Feature", "properties": { "id": "FR", "name": "France" }, "geometry": { "type": "MultiPolygon", "coordinates": [ [ [ [ 55.802718412069886, -21.333104835873414 ], [ 55.650380497385896, -21.387551727842087 ], [ 55.458710143282147, -21.339442733253449 ], [ 55.321943946570997, -21.259922476467306 ], [ 55.214645073339113, -21.038112913136811 ], [ 55.291239752241822, -20.931684599617714 ], [ 55.407001977200117, -20.878758121160264 ], [ 55.640940378051468, -20.912838901833087 ], [ 55.829684074634848, -21.15949684920658 ], [ 55.802718412069886, -21.333104835873414 ] ] ], [ [ [ 45.307360997358693, -12.785605707530816 ], [ 45.28950571630844, -12.822593061093681 ], [ 45.252635734881601, -12.78733160150118 ], [ 45.291594458954762, -12.748797950106551 ], [ 45.307360997358693, -12.785605707530816 ] ] ], [ [ [ 45.21287941979692, -12.883376023641304 ], [ 45.145045671366731, -12.99504170990161 ], [ 45.112776607202186, -12.98546764489455 ], [ 45.08381317816773, -12.911091463823649 ], [ 45.127114758226291, -12.921696008171649 ], [ 45.134366798821453, -12.899753004251579 ], [ 45.041364193040188, -12.720594549886814 ], [ 45.09855064635191, -12.665838048691185 ], [ 45.134003585950815, -12.719577664442323 ], [ 45.228106822050634, -12.76752883192834 ], [ 45.196531531026082, -12.83696690930916 ], [ 45.21287941979692, -12.883376023641304 ] ] ], [ [ [ 9.484490621870716, 42.808449180105022 ], [ 9.457936211036326, 42.673920633686436 ], [ 9.525612734542074, 42.54244752470629 ], [ 9.552547099842414, 42.130558355783307 ], [ 9.419635428378935, 41.957529486252049 ], [ 9.392587013408596, 41.68892288752803 ], [ 9.311203327951025, 41.613394755747358 ], [ 9.347412314862666, 41.576210795680971 ], [ 9.28273208177014, 41.516904482876683 ], [ 9.22088453423291, 41.376263750661543 ], [ 9.111403511779306, 41.397933706409859 ], [ 9.088650679850081, 41.443429123015839 ], [ 8.864522534652703, 41.524757717503213 ], [ 8.790988942925244, 41.591061496183002 ], [ 8.867836108875919, 41.685608580879922 ], [ 8.730593546714829, 41.752448855971238 ], [ 8.771443018203639, 41.896856908123368 ], [ 8.622451261447663, 41.94135514298862 ], [ 8.711045201237919, 42.058326522873386 ], [ 8.589935968836983, 42.163037618600896 ], [ 8.596944130555734, 42.22875240026643 ], [ 8.653642183329108, 42.278805842476125 ], [ 8.573484378709709, 42.381283415372124 ], [ 8.663331876096853, 42.436369592730152 ], [ 8.672662644530647, 42.512370561361294 ], [ 8.825589601510359, 42.602021574956133 ], [ 9.029755861830838, 42.651722739713833 ], [ 9.137994832430945, 42.726953026381466 ], [ 9.311264117523773, 42.699814915941786 ], [ 9.336902423053816, 42.74592073269956 ], [ 9.321642978783794, 42.83860555072242 ], [ 9.344600509765362, 42.960327156220437 ], [ 9.404363700920218, 43.003625771367297 ], [ 9.445474325414706, 42.987105132653987 ], [ 9.463157728327383, 42.945270765736602 ], [ 9.484490621870716, 42.808449180105022 ] ] ], [ [ [ 2.796033435229701, 50.731788835188041 ], [ 2.908034824512136, 50.701705403075692 ], [ 3.018708738355985, 50.77353301120138 ], [ 3.098480837603599, 50.779019139741735 ], [ 3.176995843331754, 50.75616460786275 ], [ 3.251890458164071, 50.696029194729839 ], [ 3.303106453593903, 50.52254638794939 ], [ 3.385572518303989, 50.495024406728774 ], [ 3.48544952563278, 50.527188483981433 ], [ 3.615081370699013, 50.490398972127224 ], [ 3.655510061736411, 50.461735482091576 ], [ 3.666394965452219, 50.356495098116099 ], [ 3.705893073275478, 50.320835989377443 ], [ 3.764526834547469, 50.347745400826 ], [ 3.899589119124842, 50.332753841229319 ], [ 4.027774357626013, 50.35833050868569 ], [ 4.137948044012047, 50.268752865649759 ], [ 4.207815246670179, 50.256937429852847 ], [ 4.158740879651754, 50.212354560380703 ], [ 4.138785846506021, 50.141139391658619 ], [ 4.189597735592254, 50.128170203299753 ], [ 4.218385799878354, 50.073462497944071 ], [ 4.151195202724451, 50.032709103576607 ], [ 4.140853127347617, 49.978760149708634 ], [ 4.432493778654865, 49.941615969513123 ], [ 4.679174449372821, 49.997051970065812 ], [ 4.694369488380456, 50.080973839184033 ], [ 4.796697108254327, 50.148678157734864 ], [ 4.871186015965532, 50.139195699116044 ], [ 4.800959095709073, 49.968628080797068 ], [ 4.87658813381123, 49.91539173114532 ], [ 4.86989420937294, 49.806746139112285 ], [ 4.96943102038776, 49.80182612480246 ], [ 5.153738464074949, 49.717925986490108 ], [ 5.289262862461467, 49.680751286485759 ], [ 5.319927966334522, 49.621288471532324 ], [ 5.393511244511907, 49.617110893632656 ], [ 5.470883033327549, 49.49723786819817 ], [ 5.734526862018468, 49.545770759716632 ], [ 5.818116879399927, 49.546310570859227 ], [ 5.893386024111964, 49.496944628654013 ], [ 5.956040613470269, 49.494457536992506 ], [ 6.011492927139766, 49.449669327110705 ], [ 6.095661675560491, 49.458466694454117 ], [ 6.142114074628033, 49.497587573754636 ], [ 6.202954885080528, 49.506211990205152 ], [ 6.367107613804149, 49.469506980058611 ], [ 6.449555486059733, 49.468491204122152 ], [ 6.556985812897825, 49.419208385675837 ], [ 6.589815351161929, 49.327550846410624 ], [ 6.723465735797196, 49.218829137406971 ], [ 6.721882215367441, 49.184438377645343 ], [ 6.752831936637471, 49.166354662953452 ], [ 6.831794815999468, 49.158504988059711 ], [ 6.850277595366442, 49.208493568759799 ], [ 6.931167936446737, 49.216402274500759 ], [ 7.021558190815187, 49.18902532849922 ], [ 7.057066499507204, 49.124479201436877 ], [ 7.101069047568275, 49.15599803739125 ], [ 7.192431411264568, 49.118132002443957 ], [ 7.294853739377919, 49.121107825789117 ], [ 7.368755544731484, 49.161458091057298 ], [ 7.478251060454119, 49.164566943336425 ], [ 7.526591327399956, 49.101928472808574 ], [ 7.635650928423454, 49.053950390818443 ], [ 7.910654726008721, 49.045163378502401 ], [ 8.232632878579958, 48.966571391283075 ], [ 8.170153685455579, 48.927671198270232 ], [ 8.090737851107308, 48.810350411818703 ], [ 7.815085884281033, 48.60319746321025 ], [ 7.737330109900175, 48.33821301643971 ], [ 7.576981681665536, 48.119056386950163 ], [ 7.573397329140904, 48.041422989120392 ], [ 7.612283371717695, 47.971274577458118 ], [ 7.536092350449684, 47.793713958453075 ], [ 7.54599041370216, 47.743573960857233 ], [ 7.519984578259928, 47.681366382196614 ], [ 7.589039168443982, 47.589878019553737 ], [ 7.509615893971085, 47.5379228953026 ], [ 7.51090573428759, 47.502582579004489 ], [ 7.380893940646048, 47.43189252137509 ], [ 7.187767192389827, 47.443793539013328 ], [ 7.130353228511457, 47.503040429008792 ], [ 7.004928010589832, 47.497911978190835 ], [ 6.984817972589195, 47.452154654114452 ], [ 6.939185973117248, 47.43370440354736 ], [ 6.899541642620751, 47.368799749271005 ], [ 7.020597358778489, 47.367977961888727 ], [ 7.043069554376814, 47.339116006940472 ], [ 6.957396091198253, 47.28735929811522 ], [ 6.944665857147394, 47.241547981867257 ], [ 6.858913935720634, 47.16529459384396 ], [ 6.616593623871662, 46.995523522639218 ], [ 6.458979554214502, 46.946844947054053 ], [ 6.460010995009191, 46.851551541605929 ], [ 6.435646894378488, 46.765839623664021 ], [ 6.137969346617554, 46.593620149311 ], [ 6.138105761744775, 46.557666996075753 ], [ 6.064002809851224, 46.416229118848761 ], [ 6.156259916479373, 46.370810083418455 ], [ 6.111630021959168, 46.254024305651974 ], [ 5.982188457006033, 46.206700005421041 ], [ 5.956066776821599, 46.132095503840482 ], [ 6.142107601309023, 46.146695920464715 ], [ 6.289481121560884, 46.228134962753323 ], [ 6.297937255622612, 46.248022832895806 ], [ 6.219546988692885, 46.311877919642335 ], [ 6.314674997577295, 46.392598089092985 ], [ 6.518902874483413, 46.453270627754314 ], [ 6.821063854843043, 46.427154371898162 ], [ 6.781565372217262, 46.349257264202379 ], [ 6.853781437800536, 46.274844748792816 ], [ 6.801562561928147, 46.155425075115829 ], [ 6.891128315285606, 46.117843274131175 ], [ 6.89595549952596, 46.055288395669358 ], [ 6.945428255533381, 46.050001743079413 ], [ 7.044886013638479, 45.922413068294127 ], [ 6.970241752897036, 45.862405518731961 ], [ 6.823181963838318, 45.826738742925635 ], [ 6.802368307845005, 45.778562004915486 ], [ 6.836155115437494, 45.701558493608822 ], [ 6.989115020551137, 45.637176899181043 ], [ 7.006642726606651, 45.510312944646977 ], [ 7.104722952318007, 45.468454370064102 ], [ 7.176249476642189, 45.393165067169356 ], [ 7.118302292246815, 45.323807218515249 ], [ 7.109298230038339, 45.238019096204809 ], [ 6.978005165992706, 45.207734995164678 ], [ 6.870534219778803, 45.134483872742862 ], [ 6.770691395502586, 45.152703922539011 ], [ 6.630050928584914, 45.109856575043395 ], [ 6.677650753824108, 45.028354564061168 ], [ 6.748360248206021, 44.997318759616803 ], [ 6.764548427436478, 44.902510450150217 ], [ 6.869881690675119, 44.851698620805699 ], [ 7.000276006364803, 44.8392935844197 ], [ 7.03087903835847, 44.740406071377336 ], [ 7.065755124527523, 44.713464399341476 ], [ 7.06423601352224, 44.685893038327499 ], [ 6.948443098930043, 44.654741985309045 ], [ 6.93469759147998, 44.585629543417738 ], [ 6.861717826867015, 44.527977067288944 ], [ 6.923014701713798, 44.436042008367416 ], [ 6.887427980240159, 44.361286894180829 ], [ 7.019724399798683, 44.238840325831291 ], [ 7.36891494649254, 44.122487144749527 ], [ 7.67021253661485, 44.172114403637913 ], [ 7.714236356735006, 44.061513613180551 ], [ 7.511191993458295, 43.872644459203642 ], [ 7.529860025573349, 43.78401301406538 ], [ 7.440561472778985, 43.749876084237535 ], [ 7.415697031226476, 43.725910507153856 ], [ 7.156841246414704, 43.645159429490313 ], [ 7.117526321449594, 43.57594630992201 ], [ 6.973588798235713, 43.540250422043478 ], [ 6.93132528273324, 43.480257926477528 ], [ 6.843792493840711, 43.419048483500823 ], [ 6.747822913167405, 43.402730156070213 ], [ 6.629515864074844, 43.301143441377306 ], [ 6.675047620697569, 43.256959907591266 ], [ 6.616640851046707, 43.181469226695832 ], [ 6.428830309217451, 43.149263067031775 ], [ 6.340493337082371, 43.103561962608381 ], [ 6.217041259223226, 43.104547650183662 ], [ 6.138775111153111, 43.059635856387054 ], [ 5.972197214316452, 43.097775948164845 ], [ 5.8357591037531, 43.071516381219304 ], [ 5.671879307449549, 43.179269108609304 ], [ 5.391353533875632, 43.20179186652814 ], [ 5.362856964349768, 43.225347630453548 ], [ 5.353202340978648, 43.315704553881659 ], [ 5.324487201564225, 43.346748996068648 ], [ 5.070941804775135, 43.333359742496917 ], [ 4.944834351628642, 43.426836120358594 ], [ 4.856805363318551, 43.409463080776682 ], [ 4.869265778003734, 43.352145332341991 ], [ 4.828945073724766, 43.33507244642076 ], [ 4.600477794247073, 43.358196587958325 ], [ 4.573870101906771, 43.381223907935023 ], [ 4.578659742178361, 43.424170214883347 ], [ 4.529127313457655, 43.449836891834408 ], [ 4.230280408507965, 43.460183482936522 ], [ 4.137215943489111, 43.49213701567578 ], [ 4.101083698063826, 43.554705414953617 ], [ 3.89688918139114, 43.50930913867122 ], [ 3.516460872073397, 43.286993298416867 ], [ 3.376010150411957, 43.275593618577112 ], [ 3.240516155232901, 43.212867460039945 ], [ 3.071712591278417, 43.029961098249181 ], [ 3.043406559914668, 42.83817255129582 ], [ 3.048563380568154, 42.566514388103116 ], [ 3.126731761860083, 42.512333882095248 ], [ 3.174022445931382, 42.435239137506656 ], [ 2.925389755661062, 42.465253419580542 ], [ 2.722768700397096, 42.413875198498275 ], [ 2.633188875823973, 42.349216118139076 ], [ 2.554340689832572, 42.342086738921289 ], [ 2.262851337705969, 42.425522700236307 ], [ 2.027519672116866, 42.369001253591584 ], [ 1.893683154465067, 42.453834263550199 ], [ 1.731010891408831, 42.492400832113177 ], [ 1.725801229804506, 42.504401992398201 ], [ 1.786098653150582, 42.573658103787693 ], [ 1.538096976865736, 42.652764568571598 ], [ 1.442566157058681, 42.603667848750284 ], [ 1.347723169492101, 42.712972002162779 ], [ 1.174779499203773, 42.716813555768674 ], [ 1.068172958575351, 42.778506108582249 ], [ 0.858215052673562, 42.825741153698694 ], [ 0.67733887052265, 42.84324965945914 ], [ 0.660127053562029, 42.690952644316887 ], [ 0.354443516976973, 42.712972002371522 ], [ 0.296009798287016, 42.683240249311183 ], [ 0.179828278339496, 42.732358852459704 ], [ -0.046495984050024, 42.697262352365627 ], [ -0.313341956515901, 42.84936493228723 ], [ -0.396315350046348, 42.807678222034632 ], [ -0.562512750670349, 42.794724915468457 ], [ -0.76022201602756, 42.960519107595921 ], [ -0.994116149059332, 42.969404061697084 ], [ -1.251286848169742, 43.049101646683447 ], [ -1.304474639661754, 43.093085837920121 ], [ -1.367020645192759, 43.041032524295282 ], [ -1.416882302824728, 43.045649719629267 ], [ -1.452349744419285, 43.082767606301722 ], [ -1.397511783483384, 43.181767825050947 ], [ -1.407084658802322, 43.256848077393663 ], [ -1.728903006250957, 43.296088949382117 ], [ -1.785981393981024, 43.350584323511072 ], [ -1.781006417900275, 43.364582259480834 ], [ -1.646457100148258, 43.399664866070594 ], [ -1.524757116953306, 43.529595122772562 ], [ -1.435597154683423, 43.654672918977688 ], [ -1.254085936527999, 44.467638531365026 ], [ -1.196914394299369, 44.598558204809343 ], [ -1.11246636436919, 44.680584433992372 ], [ -1.140440180670104, 44.714673157209965 ], [ -1.211752322570464, 44.730243703439918 ], [ -1.228465952490227, 44.768334581194274 ], [ -1.113017130009065, 45.474870216914702 ], [ -1.066440384518404, 45.503694587258423 ], [ -1.01236546790754, 45.488048192598328 ], [ -0.737528974087438, 45.238638706630169 ], [ -0.714825320424344, 45.32836998828202 ], [ -0.806429745763352, 45.479209123544877 ], [ -1.020626220541204, 45.613947793567135 ], [ -1.223928454887952, 45.700931006008524 ], [ -1.258528960969051, 45.855640359082798 ], [ -1.376464160052509, 45.949007432585041 ], [ -1.402985480668118, 46.035399296010155 ], [ -1.252340099547294, 45.982748898987168 ], [ -1.197215179416005, 45.883288427858517 ], [ -1.213888633546025, 45.798772086922163 ], [ -1.145462725110865, 45.807522794594838 ], [ -1.144516389137734, 45.852107006714391 ], [ -1.081932047613884, 45.908185416431508 ], [ -1.061429159367149, 46.025778322430178 ], [ -1.137728775055485, 46.129263047937748 ], [ -1.218512057659025, 46.160433712970331 ], [ -1.122667446496179, 46.258950459141232 ], [ -1.115156552568648, 46.304482717901259 ], [ -1.075737723216117, 46.320038957732606 ], [ -1.181003265138005, 46.318709649717057 ], [ -1.225109736264371, 46.277618476317464 ], [ -1.332361553200813, 46.337749561018271 ], [ -1.465443749101517, 46.350053526744674 ], [ -1.525363310753315, 46.401855387746572 ], [ -1.810263052136533, 46.504293091705378 ], [ -1.884170663882663, 46.63506104896183 ], [ -2.143424829905954, 46.835621198084127 ], [ -2.144105468281419, 46.885148630233729 ], [ -1.980464576329756, 47.028722057743714 ], [ -2.067387416573781, 47.091647897759252 ], [ -2.208993810005965, 47.136395555860425 ], [ -2.152051638759585, 47.274301077518466 ], [ -2.304439218149041, 47.246731645109342 ], [ -2.468485116205356, 47.292845053765632 ], [ -2.512087686949628, 47.371794309275344 ], [ -2.458475858559114, 47.448005033758136 ], [ -2.527373440206236, 47.515091413750419 ], [ -2.806829676687436, 47.500012800407589 ], [ -2.947203116720064, 47.588213919543563 ], [ -2.987744741899033, 47.561435374952929 ], [ -3.12529046112187, 47.573734524216505 ], [ -3.357578311570876, 47.717732612176412 ], [ -3.472002895757264, 47.710957160680699 ], [ -3.521991465352809, 47.767569717778947 ], [ -3.528054576384382, 47.843402310572159 ], [ -3.602987150558025, 47.775957570269085 ], [ -3.816039125867907, 47.800283411474602 ], [ -3.982349498896316, 47.876229159746103 ], [ -4.227023531421377, 47.811347015131616 ], [ -4.331347646862971, 47.820519411151132 ], [ -4.431092599450366, 47.943645807649858 ], [ -4.559153482962811, 48.028042357485518 ], [ -4.317918367688282, 48.129766056545598 ], [ -4.346717674611468, 48.189591298851376 ], [ -4.522294917457594, 48.216411076125844 ], [ -4.567705720606198, 48.255843114815605 ], [ -4.545895377606861, 48.297025238733625 ], [ -4.412814615387633, 48.295937173370973 ], [ -4.376651849022548, 48.330692192996381 ], [ -4.47107915785107, 48.367972387688631 ], [ -4.695755656373628, 48.349533211216091 ], [ -4.751918224309367, 48.399231069447318 ], [ -4.707256276906527, 48.534049231811366 ], [ -4.413087891420893, 48.648776556446819 ], [ -4.035915617340438, 48.701444113532915 ], [ -3.903506523138705, 48.670847861550826 ], [ -3.763464033432351, 48.692966275132612 ], [ -3.659154031212672, 48.659423919082364 ], [ -3.590329218604058, 48.695532229157251 ], [ -3.568812538448493, 48.792037354245736 ], [ -3.526412415640382, 48.820475590842648 ], [ -3.399898861149961, 48.8076310506857 ], [ -3.126907705386754, 48.862398481398998 ], [ -2.86522869968007, 48.680036638770424 ], [ -2.812319996990011, 48.605147468725328 ], [ -2.688893100972323, 48.513700181128932 ], [ -2.333305143636323, 48.665948539278652 ], [ -2.193093873848691, 48.59073962611447 ], [ -2.124009314477692, 48.604951472815927 ], [ -2.141463215098879, 48.627324493418065 ], [ -2.113629320470413, 48.638910405055121 ], [ -2.051770615493971, 48.633620633076561 ], [ -2.032371974352225, 48.604951472889283 ], [ -2.008458163125491, 48.604951472246874 ], [ -2.017710391540946, 48.646842749116928 ], [ -1.987637307572452, 48.67765906721538 ], [ -1.859885117929784, 48.700806944371671 ], [ -1.856558493045007, 48.63709266431237 ], [ -1.779224174507699, 48.60495147247908 ], [ -1.453236909278378, 48.626137792927949 ], [ -1.407845240321059, 48.65374502584541 ], [ -1.498240738240583, 48.687958458537175 ], [ -1.56654045510079, 48.753922571384912 ], [ -1.594478614895003, 48.836097916744301 ], [ -1.5587665220222, 49.006663412774543 ], [ -1.602330397387841, 49.055801514256416 ], [ -1.606851862091114, 49.19382799508567 ], [ -1.711862404824007, 49.323240305143294 ], [ -1.806109403142847, 49.383968113963611 ], [ -1.872117129381883, 49.53533751268256 ], [ -1.848952026945883, 49.617882080026078 ], [ -1.937305873043354, 49.679205132456708 ], [ -1.937726159459245, 49.714291201015037 ], [ -1.613761502524103, 49.648712060162467 ], [ -1.43558112009644, 49.699994800774675 ], [ -1.295249113239719, 49.688551020575026 ], [ -1.235310058996106, 49.62167648048618 ], [ -1.297705043600545, 49.568554657252612 ], [ -1.298226292027229, 49.534363927860248 ], [ -1.119587380122807, 49.322266925492094 ], [ -1.081320164671868, 49.381933710007353 ], [ -0.964260187997146, 49.395521024987993 ], [ -0.194821988447516, 49.286710874086573 ], [ -0.019308750476912, 49.320792992591166 ], [ 0.155923680622376, 49.409700734763689 ], [ 0.404843993839708, 49.446074124072581 ], [ 0.502450948386155, 49.481086760373735 ], [ 0.611607083210923, 49.428106549098992 ], [ 0.634421681589682, 49.438081510689614 ], [ 0.502068048853514, 49.483211503082934 ], [ 0.382273533827929, 49.453881349532018 ], [ 0.18688940931341, 49.453858812742297 ], [ 0.115165827746866, 49.4766173734223 ], [ 0.078397667055872, 49.526379941091299 ], [ 0.167796013729536, 49.681661158727429 ], [ 0.213625689999344, 49.713592211478073 ], [ 0.589726467420023, 49.852277156692701 ], [ 1.102220319549998, 49.937316211470538 ], [ 1.379640261684281, 50.06512050671364 ], [ 1.524440630197802, 50.192891305178925 ], [ 1.631036227735385, 50.197566480566664 ], [ 1.549732831486932, 50.300212469212397 ], [ 1.570590004485851, 50.347569067184459 ], [ 1.644737129826385, 50.350412975607171 ], [ 1.561680540477875, 50.409609262745001 ], [ 1.592010473373211, 50.865077397890239 ], [ 1.85326126542775, 50.974981039263078 ], [ 2.546088192167626, 51.089388267936542 ], [ 2.613675197328718, 50.968080645057825 ], [ 2.60703610939938, 50.912689383504848 ], [ 2.630896673481568, 50.824213856724491 ], [ 2.717275913732686, 50.806815882730824 ], [ 2.796033435229701, 50.731788835188041 ] ], [ [ 1.93891211053187, 42.455034160396394 ], [ 1.980651602047796, 42.436523729965536 ], [ 2.005345362901614, 42.451288875038529 ], [ 1.978718319610637, 42.497368146164312 ], [ 1.93891211053187, 42.455034160396394 ] ] ], [ [ [ 6.438153237912263, 43.011768759425777 ], [ 6.408695845281198, 42.980339791801811 ], [ 6.361659222372168, 43.006219251708835 ], [ 6.402266494644417, 43.032620639129803 ], [ 6.438153237912263, 43.011768759425777 ] ] ], [ [ [ 6.246580271489811, 42.997383147370265 ], [ 6.222713328028534, 42.992028662628016 ], [ 6.212284117741593, 42.999647812410778 ], [ 6.240444198900775, 43.023148617220912 ], [ 6.246580271489811, 42.997383147370265 ] ] ], [ [ [ 6.218094346596109, 42.992295384656948 ], [ 6.199904943694946, 42.976119799420623 ], [ 6.186435729670485, 42.995117944867395 ], [ 6.2054135779935, 43.007490863536233 ], [ 6.218094346596109, 42.992295384656948 ] ] ], [ [ [ -1.274528276481756, 46.162757702899654 ], [ -1.33494855438119, 46.141981347782981 ], [ -1.404404543032324, 46.181867189014028 ], [ -1.317954219863742, 46.20132209200446 ], [ -1.274528276481756, 46.162757702899654 ] ] ], [ [ [ -1.441645053708939, 46.208053516844011 ], [ -1.505409120076767, 46.193184820657791 ], [ -1.574110182321238, 46.233048867641344 ], [ -1.494988661743978, 46.252942852674423 ], [ -1.441645053708939, 46.208053516844011 ] ] ], [ [ [ -2.151993616068792, 46.952726307263127 ], [ -2.147800477964392, 46.911453199932737 ], [ -2.167914232354424, 46.91167977422856 ], [ -2.210854712832723, 46.963102161779751 ], [ -2.184525341475218, 46.969069106336541 ], [ -2.151993616068792, 46.952726307263127 ] ] ], [ [ [ -2.228438606455782, 47.015980188200693 ], [ -2.22699895918194, 46.962528278390629 ], [ -2.282599736342916, 46.969077511322162 ], [ -2.311444300408784, 47.029145429771148 ], [ -2.228438606455782, 47.015980188200693 ] ] ], [ [ [ -2.297023594028622, 46.700836748686896 ], [ -2.335404538995484, 46.680829122887317 ], [ -2.384592655717872, 46.702098029048024 ], [ -2.328705261772998, 46.726808856410017 ], [ -2.297023594028622, 46.700836748686896 ] ] ], [ [ [ -2.967786961036263, 48.84889191875336 ], [ -2.999000887070237, 48.823221061707478 ], [ -3.044438528235414, 48.851710599501274 ], [ -2.988217288356113, 48.875463388272074 ], [ -2.967786961036263, 48.84889191875336 ] ] ], [ [ [ -3.121520743457652, 47.524710659780652 ], [ -3.112264788325295, 47.472033967525299 ], [ -3.151159467957389, 47.48651072707225 ], [ -3.172876824840631, 47.530048473544298 ], [ -3.121520743457652, 47.524710659780652 ] ] ], [ [ [ -3.125845434433888, 47.305474391440065 ], [ -3.213733351310682, 47.289336140433406 ], [ -3.319268289512921, 47.362944842387186 ], [ -3.208494477395262, 47.382241620413616 ], [ -3.125845434433888, 47.305474391440065 ] ] ], [ [ [ -3.428522539315785, 47.618949247530864 ], [ -3.466759448800435, 47.611628728250835 ], [ -3.513775732443258, 47.644971052949302 ], [ -3.466199469628175, 47.658785672056517 ], [ -3.428522539315785, 47.618949247530864 ] ] ], [ [ [ -5.050026216191023, 48.464907279306814 ], [ -5.091056770153167, 48.43792970276639 ], [ -5.135043552399938, 48.461880992655104 ], [ -5.083727598475864, 48.485649756165053 ], [ -5.050026216191023, 48.464907279306814 ] ] ], [ [ [ -52.670237633884611, 2.379307845552265 ], [ -52.841113777973959, 2.281917335370279 ], [ -52.912990749858558, 2.197326209236321 ], [ -52.991529085559364, 2.177638053518272 ], [ -53.120545853746215, 2.219377625772032 ], [ -53.252122505334796, 2.205685526714558 ], [ -53.254410807467458, 2.270591244480915 ], [ -53.323111192226847, 2.32996286790605 ], [ -53.525743361241425, 2.258887920558955 ], [ -53.704374376151733, 2.304632563639276 ], [ -53.772109365439455, 2.356334378333279 ], [ -54.118341161746926, 2.130252705108291 ], [ -54.197339629083807, 2.161333279258769 ], [ -54.296072937121174, 2.154173608419215 ], [ -54.472432055889463, 2.224672720616147 ], [ -54.600285869026905, 2.337452207033671 ], [ -54.520744579328017, 2.352356276318958 ], [ -54.380041282384745, 2.4915163021097 ], [ -54.204187439195991, 2.824438571926423 ], [ -54.195972854088041, 3.169331750151313 ], [ -54.070253712166313, 3.324427558034891 ], [ -53.994649297436453, 3.587494718848054 ], [ -54.330639326018556, 4.017264938134464 ], [ -54.339277727208007, 4.134582443318878 ], [ -54.390265730959761, 4.201182432950823 ], [ -54.393481251610552, 4.330738574331072 ], [ -54.435280863619141, 4.403637472323976 ], [ -54.429052339257403, 4.677859783943545 ], [ -54.469674888885081, 4.895766140194324 ], [ -54.419636389268149, 5.061286585369115 ], [ -54.299212789048447, 5.234903606543519 ], [ -54.155255294373525, 5.357252161212219 ], [ -54.005783939050872, 5.561616484951333 ], [ -54.013863520458152, 5.638132225969763 ], [ -53.967745133476711, 5.745115674595046 ], [ -53.793288929922298, 5.717083682135892 ], [ -53.478042431784864, 5.57254066806803 ], [ -53.229509081095927, 5.537260999125305 ], [ -52.935770233650452, 5.436498481353762 ], [ -52.385283406117821, 4.948272506863146 ], [ -52.286713570064414, 4.929762258239029 ], [ -52.043677096008828, 4.72937233785131 ], [ -51.827457323080914, 4.631440393010216 ], [ -51.705144007246616, 4.310139109753827 ], [ -51.624285639040082, 4.200962315746438 ], [ -51.664870297413643, 4.060021700498445 ], [ -51.767031591983731, 3.971592647013944 ], [ -51.80971796890335, 3.88065499333836 ], [ -51.972906155142205, 3.689873066163194 ], [ -52.193795660867664, 3.299022317982605 ], [ -52.331106181645382, 3.15134279382955 ], [ -52.345450071095584, 3.042188873827699 ], [ -52.535903683247312, 2.655623787979831 ], [ -52.577031489124671, 2.495407641925807 ], [ -52.670237633884611, 2.379307845552265 ] ] ], [ [ [ -61.02202665971339, 16.341423131940399 ], [ -61.038678976990468, 16.297417777232095 ], [ -61.08786987127236, 16.307616263632084 ], [ -61.063742776952722, 16.345828587216101 ], [ -61.02202665971339, 16.341423131940399 ] ] ], [ [ [ -63.022892153786216, 18.122634072325535 ], [ -63.010661418833358, 18.055716268283408 ], [ -63.094808331155548, 18.050854160441379 ], [ -63.071301846976688, 18.100683881603114 ], [ -63.022892153786216, 18.122634072325535 ] ] ], [ [ [ -61.369047089962343, 16.359591046289648 ], [ -61.253928767091274, 16.276259651077048 ], [ -61.442366745756054, 16.205376606023638 ], [ -61.572033376917624, 16.213885569622054 ], [ -61.571567291841745, 16.035592434410372 ], [ -61.624056436626958, 15.970515157613738 ], [ -61.684637695111938, 15.949488442215538 ], [ -61.769015960185129, 16.04086040232648 ], [ -61.819826464114357, 16.273435981102409 ], [ -61.759284756466442, 16.351944056602687 ], [ -61.605714836060002, 16.286438655727245 ], [ -61.562444153284986, 16.293817694448155 ], [ -61.504512293156047, 16.367389859341166 ], [ -61.51854147112509, 16.462290900881129 ], [ -61.468251538868998, 16.503850161772807 ], [ -61.41116674345318, 16.470210596679028 ], [ -61.369047089962343, 16.359591046289648 ] ] ], [ [ [ -61.194305204289698, 15.919699938669678 ], [ -61.278026961845114, 15.862317947676887 ], [ -61.324191325266469, 15.88326542232234 ], [ -61.346677466053897, 15.938317953117034 ], [ -61.275103260722503, 16.006070898536422 ], [ -61.217304978898966, 15.977600735061582 ], [ -61.194305204289698, 15.919699938669678 ] ] ], [ [ [ -61.608624479373418, 15.872854150786537 ], [ -61.622360884723868, 15.829838411934571 ], [ -61.67617098322561, 15.838912157633835 ], [ -61.638829838870834, 15.881297220440546 ], [ -61.608624479373418, 15.872854150786537 ] ] ], [ [ [ -60.822810385732609, 14.528665419187375 ], [ -60.833457402564356, 14.42225328931517 ], [ -61.063424892215401, 14.474521316125992 ], [ -61.04104838575541, 14.567996870532907 ], [ -61.158509661187416, 14.665789282235822 ], [ -61.241561433770151, 14.832021747765305 ], [ -61.142405374839697, 14.875238959583047 ], [ -60.966460485212203, 14.769796286248928 ], [ -60.893047444941487, 14.765631155698493 ], [ -60.916916414901245, 14.689936194137346 ], [ -60.822810385732609, 14.528665419187375 ] ] ] ] } },
{ "type": "Feature", "properties": { "id": "HR", "name": "Croatia" }, "geometry": { "type": "MultiPolygon", "coordinates": [ [ [ [ 16.596804964532385, 46.47590243718723 ], [ 16.854754874494606, 46.35044098148223 ], [ 16.952907410136731, 46.23896070912766 ], [ 17.16578986577392, 46.152561815162954 ], [ 17.294325238383156, 45.988544468928048 ], [ 17.38154827296491, 45.936899531639156 ], [ 17.578058283930552, 45.928724993890604 ], [ 17.651498945426951, 45.847835499315266 ], [ 17.865791545533572, 45.77750016353643 ], [ 17.912089395644763, 45.790780647354524 ], [ 18.432099857713546, 45.741427423851341 ], [ 18.567354876437186, 45.802093881404829 ], [ 18.672070848425737, 45.911890468675402 ], [ 18.782637124304586, 45.886717204171141 ], [ 18.821305917104969, 45.914383112866979 ], [ 18.889734226918243, 45.921180385274695 ], [ 18.864512360616228, 45.829702153040301 ], [ 18.967062415626014, 45.713646396434811 ], [ 18.920399032042717, 45.572699265448904 ], [ 19.049214165674737, 45.524018280787971 ], [ 19.033942110436563, 45.486821378747308 ], [ 19.001145265577097, 45.477373641319943 ], [ 18.99256854447183, 45.366167232530657 ], [ 19.171444547552152, 45.273255806099101 ], [ 19.417021329619121, 45.226899388285453 ], [ 19.42525675518722, 45.167717515388475 ], [ 19.305256548864641, 45.202755794662174 ], [ 19.266961318436287, 45.17746302271329 ], [ 19.203940058136382, 45.185738302163905 ], [ 19.150828951550057, 45.140441302161634 ], [ 19.087079614567372, 45.132787686034185 ], [ 19.100363024162775, 45.05545296809661 ], [ 19.091778672356387, 44.984486066993171 ], [ 19.144808003838545, 44.9565150067396 ], [ 19.072834791462814, 44.91242559404045 ], [ 19.004226812168252, 44.907954131390653 ], [ 19.022069416566858, 44.855353935858737 ], [ 19.004920775435927, 44.854158609139297 ], [ 18.834362312786514, 44.864649831444943 ], [ 18.773608690424567, 44.906351066405364 ], [ 18.785681341582027, 44.966247033912097 ], [ 18.667575541388111, 45.081603024331962 ], [ 18.529553109873913, 45.088251286210699 ], [ 18.527138278867191, 45.0614003502115 ], [ 18.491485843480163, 45.055452968005227 ], [ 18.417749100577609, 45.105414045980496 ], [ 18.254390413312777, 45.131481781549482 ], [ 18.197291263951779, 45.078847556206384 ], [ 18.001542028827267, 45.1332422198317 ], [ 17.845413247818595, 45.049966192126668 ], [ 17.671328710408186, 45.123300751333275 ], [ 17.505640009485699, 45.113422172655618 ], [ 17.294403378634957, 45.174536077542299 ], [ 17.141192856802331, 45.163287926572117 ], [ 16.923823877091536, 45.265423866300594 ], [ 16.819114016612332, 45.189458592354498 ], [ 16.542853311250823, 45.226412484452801 ], [ 16.402125404415113, 45.110539646012079 ], [ 16.383137045001764, 45.055452968364094 ], [ 16.344111266297805, 45.006941102114524 ], [ 16.288761195675868, 44.995689667959937 ], [ 16.175722815596536, 45.055452968628813 ], [ 15.999030767681422, 45.216780652663687 ], [ 15.840033894901905, 45.22453704346276 ], [ 15.7761662890499, 45.174983949006439 ], [ 15.781382070128773, 45.107986758077786 ], [ 15.749578921518511, 45.055452967970254 ], [ 15.779463060651201, 44.989105924428401 ], [ 15.73672187905445, 44.935631047919351 ], [ 15.779688295508743, 44.849162168547892 ], [ 15.741171167443436, 44.821782287557113 ], [ 15.750049172023425, 44.796184573499055 ], [ 15.814445441345105, 44.728606702908166 ], [ 15.907408816401139, 44.732940423390289 ], [ 16.036632280391235, 44.643032738462828 ], [ 16.030186833775335, 44.561598051342671 ], [ 16.12129495570635, 44.506220843493203 ], [ 16.158963913247693, 44.411541665846521 ], [ 16.145724066301224, 44.381487358665609 ], [ 16.207459425389953, 44.34502039379052 ], [ 16.20424565042622, 44.22862408092859 ], [ 16.172855343560887, 44.210380450187699 ], [ 16.241745153538485, 44.1956310947525 ], [ 16.544347754571778, 43.974178334828672 ], [ 17.020395410989693, 43.57275937855978 ], [ 17.26934796185505, 43.467468762805197 ], [ 17.282804543891295, 43.346108326950315 ], [ 17.450725956451741, 43.176943239598806 ], [ 17.628430011255936, 43.092228320198871 ], [ 17.670906087204585, 43.03732345223289 ], [ 17.697108188381165, 42.973067398278744 ], [ 17.581335080470573, 42.938422932297634 ], [ 17.519706597512869, 42.954767494878041 ], [ 17.356053558136644, 43.084161137849421 ], [ 17.095573739500487, 43.225347630357561 ], [ 16.892314522822971, 43.3878633194118 ], [ 16.445823104584427, 43.505648210947392 ], [ 16.410249490119611, 43.545455263896848 ], [ 16.319991114290485, 43.538717430904143 ], [ 16.310954662906443, 43.485998353741962 ], [ 16.218547826564841, 43.512466900032209 ], [ 16.0408656522104, 43.477473377396002 ], [ 15.944625586158162, 43.544348745970609 ], [ 15.913247060457429, 43.670624244468584 ], [ 15.86370458662741, 43.701867546787639 ], [ 15.837310386620329, 43.676552764743377 ], [ 15.81477348437822, 43.727940136692929 ], [ 15.632646782904956, 43.779360886544218 ], [ 15.641578242487817, 43.832632857189601 ], [ 15.574824854456393, 43.83871482946946 ], [ 15.558876826706815, 43.871878659022151 ], [ 15.451462237692219, 43.929763730024312 ], [ 15.394463135631973, 43.903360787958427 ], [ 15.299827487625048, 43.973293879100005 ], [ 15.289574090532913, 43.995266488608458 ], [ 15.33364794247716, 44.015952412096958 ], [ 15.168031631745089, 44.176435347119622 ], [ 15.132722498039126, 44.254224358030967 ], [ 15.19852249398412, 44.26350223804301 ], [ 15.206748547076282, 44.290836903744051 ], [ 15.118540852708136, 44.3336701390513 ], [ 14.896666420276949, 44.528027491513789 ], [ 14.862227389596489, 44.599621854211357 ], [ 14.919907503602284, 44.595572820151254 ], [ 14.964856782742835, 44.551284975476356 ], [ 14.91548725553416, 44.5384314968327 ], [ 15.209561704818656, 44.366250477328308 ], [ 15.254946985595446, 44.274863475065715 ], [ 15.321882667944307, 44.303302338261794 ], [ 15.491199416073318, 44.248088824865761 ], [ 15.519201933965618, 44.194381944363073 ], [ 15.561771086083192, 44.202898824337666 ], [ 15.512694355854705, 44.262163294718214 ], [ 15.289482110492266, 44.363242547887367 ], [ 15.094921248024219, 44.502504559117284 ], [ 15.034533095968229, 44.514565664841868 ], [ 14.911666006849972, 44.703281470646118 ], [ 14.888039045925046, 44.818254820839655 ], [ 14.910469099535501, 44.946443102462496 ], [ 14.88127628373635, 45.031146917321202 ], [ 14.814568686381509, 45.11397263910127 ], [ 14.658924634622741, 45.181712336834025 ], [ 14.661419626526721, 45.122591718781202 ], [ 14.758217052984303, 45.027928810701873 ], [ 14.771318286499511, 44.971432817317698 ], [ 14.708293381602605, 44.957566319667066 ], [ 14.484826387588591, 45.0402021183803 ], [ 14.462852272799383, 45.085622823591109 ], [ 14.52665004299222, 45.15744139745081 ], [ 14.540570690785245, 45.254032823730007 ], [ 14.475155348978285, 45.306671809885003 ], [ 14.388866368391836, 45.328999012520363 ], [ 14.311951619477925, 45.31681322263168 ], [ 14.157314076212565, 45.055452968471862 ], [ 14.155326155467913, 44.973831235888923 ], [ 14.067461047226912, 44.96675370773518 ], [ 13.97646529066316, 44.815635099338039 ], [ 13.910928603191143, 44.80013954584453 ], [ 13.832093389731327, 44.841571468294724 ], [ 13.779889634382169, 44.958072292926317 ], [ 13.673152881261251, 45.055452968387748 ], [ 13.635237075283493, 45.070574308925131 ], [ 13.589912701506496, 45.161782821373819 ], [ 13.582221046223667, 45.30077376102841 ], [ 13.49974298182673, 45.48444070128717 ], [ 13.585056297972038, 45.478721960342853 ], [ 13.670264802424418, 45.445517939868076 ], [ 13.771449454237235, 45.461813390589953 ], [ 13.882136265843069, 45.430889635275975 ], [ 13.975307825627452, 45.456927878345809 ], [ 14.001949577331645, 45.520062662891277 ], [ 14.118196295984204, 45.481239102693145 ], [ 14.344887927368918, 45.478909795479943 ], [ 14.470751795296966, 45.53231004369961 ], [ 14.569820646375678, 45.672429028495763 ], [ 14.689006077593241, 45.581200593617069 ], [ 14.697140755317136, 45.536513569329642 ], [ 14.839758327945688, 45.465950814807449 ], [ 14.96249307419345, 45.511159546946082 ], [ 15.057328790342726, 45.492308922077065 ], [ 15.152389062373144, 45.431393750155813 ], [ 15.226437266274834, 45.427088048602336 ], [ 15.353809704471661, 45.485443631786133 ], [ 15.297424709170842, 45.585687329359921 ], [ 15.303034736268746, 45.626059017367915 ], [ 15.394659564365581, 45.658641943596656 ], [ 15.356741542867045, 45.702473420224166 ], [ 15.294137747536068, 45.698939899839083 ], [ 15.259645549481737, 45.726086015696978 ], [ 15.404489318447142, 45.792765497876047 ], [ 15.464062823029131, 45.799639999944539 ], [ 15.478899825359472, 45.827496029634119 ], [ 15.537639245024344, 45.842205954914206 ], [ 15.690317844683801, 45.842937667749325 ], [ 15.719908721354866, 46.054871456506696 ], [ 15.627262053073553, 46.085953418674194 ], [ 15.605134869730277, 46.141211606298796 ], [ 15.674853215916231, 46.227124035153935 ], [ 15.767498423778038, 46.213632867192104 ], [ 15.791475514417872, 46.259327495398814 ], [ 16.070813219813303, 46.349254604514392 ], [ 16.058116683776692, 46.39356600282953 ], [ 16.30154886347351, 46.378287902876245 ], [ 16.242148436167444, 46.490075568774294 ], [ 16.344073705581319, 46.541102005725669 ], [ 16.596804964532385, 46.47590243718723 ] ] ], [ [ [ 17.021244004509327, 43.043355071756835 ], [ 17.075140555752686, 43.02235808795993 ], [ 17.278428512187904, 43.008124935479287 ], [ 17.427687341694444, 42.956139068698377 ], [ 17.459603832445097, 42.928562187367618 ], [ 17.628630475126041, 42.882577179651989 ], [ 17.696044273965494, 42.918284836063165 ], [ 17.825913890772103, 42.907748827466932 ], [ 17.893170183044152, 42.81835160781457 ], [ 18.23894971640939, 42.613036278529911 ], [ 18.324838319347524, 42.617125877330828 ], [ 18.438103880178378, 42.555705067591333 ], [ 18.453513356902008, 42.482216267861141 ], [ 18.525291915855671, 42.420556032416435 ], [ 18.286095033414561, 42.528119313142788 ], [ 18.201450339242118, 42.615271642697707 ], [ 18.086669401095779, 42.64435246810767 ], [ 17.98504379056012, 42.702422427673056 ], [ 17.973509993559894, 42.693792319604832 ], [ 17.986876189375252, 42.676318611616885 ], [ 17.93879493021382, 42.665572732235006 ], [ 17.907186963330275, 42.689002688291879 ], [ 17.949190458821374, 42.723033835518166 ], [ 17.9301411678988, 42.733589442977014 ], [ 17.861289718478584, 42.724489211101613 ], [ 17.847826595501708, 42.743554601733223 ], [ 17.881468860194708, 42.756576127786751 ], [ 17.836360477576665, 42.798453389322816 ], [ 17.748851002936711, 42.788803857761422 ], [ 17.530854150475609, 42.845012510578456 ], [ 17.280870359970859, 42.948692324464133 ], [ 17.175560505444622, 42.976317137295531 ], [ 17.148152928057389, 42.964254967176913 ], [ 17.167859863405354, 42.935016604840122 ], [ 17.149546185159409, 42.914533893844563 ], [ 16.98229752002355, 42.92370048813941 ], [ 16.804599035086859, 42.897998875915718 ], [ 16.656457628004716, 42.930471512372705 ], [ 16.698419412771234, 42.985432705242388 ], [ 16.846862440110087, 42.96105911421656 ], [ 17.023815633520439, 42.980675643070342 ], [ 17.021244004509327, 43.043355071756835 ] ] ], [ [ [ 17.445534147215557, 42.785174781539155 ], [ 17.420232030872899, 42.77817854968854 ], [ 17.283689444937462, 42.827575532651622 ], [ 17.315610040430613, 42.836395008280178 ], [ 17.445534147215557, 42.785174781539155 ] ] ], [ [ [ 16.931096759826271, 42.744813766723048 ], [ 16.877700698850642, 42.723067598737238 ], [ 16.805809852148389, 42.763583031072734 ], [ 16.884472703735227, 42.780232491155068 ], [ 16.931096759826271, 42.744813766723048 ] ] ], [ [ [ 16.884085862085325, 43.301268170735803 ], [ 16.78402030403128, 43.258214149322576 ], [ 16.54208906356261, 43.265206823433623 ], [ 16.43098890020925, 43.313653616895422 ], [ 16.406946421437667, 43.395518052079638 ], [ 16.772535307329676, 43.360721104791999 ], [ 16.884085862085325, 43.301268170735803 ] ] ], [ [ [ 16.730609438003931, 43.144702872384372 ], [ 16.616330627755435, 43.117091338974561 ], [ 16.414054634023405, 43.19809579676609 ], [ 16.553046358474287, 43.250394752567416 ], [ 16.730609438003931, 43.144702872384372 ] ] ], [ [ [ 16.355891909523425, 43.379219255576118 ], [ 16.297662231469086, 43.365417657577723 ], [ 16.218090274466906, 43.407869511785826 ], [ 16.311076282522553, 43.422914017847617 ], [ 16.355891909523425, 43.379219255576118 ] ] ], [ [ [ 16.243666763673659, 43.043378177159134 ], [ 16.154971475096449, 43.002685321240818 ], [ 16.057018720513224, 43.051082689857125 ], [ 16.167995715374246, 43.084984825752485 ], [ 16.243666763673659, 43.043378177159134 ] ] ], [ [ [ 16.186091985516665, 43.458121464633827 ], [ 16.15494836870193, 43.424133650894611 ], [ 16.097748245792179, 43.437919182569864 ], [ 16.143482463052468, 43.467183835264962 ], [ 16.186091985516665, 43.458121464633827 ] ] ], [ [ [ 16.029463396240601, 42.955981202717297 ], [ 15.976802288911056, 42.943034861660479 ], [ 15.992337987093242, 42.997846464394371 ], [ 16.016986301059479, 43.00640217832035 ], [ 16.029463396240601, 42.955981202717297 ] ] ], [ [ [ 15.79249566159751, 43.041175390493159 ], [ 15.757341877801542, 43.003707561156709 ], [ 15.707558566980998, 43.019545181252013 ], [ 15.754630459483412, 43.05052106801098 ], [ 15.79249566159751, 43.041175390493159 ] ] ], [ [ [ 15.708257701852467, 43.625581413106737 ], [ 15.669721416461909, 43.62377950455577 ], [ 15.623727648607035, 43.660727727863183 ], [ 15.670151134055086, 43.671333582528803 ], [ 15.708257701852467, 43.625581413106737 ] ] ], [ [ [ 15.53600244763026, 43.84225209592411 ], [ 15.5008536238308, 43.822254625111313 ], [ 15.461981251347186, 43.853733083864924 ], [ 15.506756203721251, 43.875848520831624 ], [ 15.53600244763026, 43.84225209592411 ] ] ], [ [ [ 15.337743052373781, 43.820719261013672 ], [ 15.372264079409792, 43.761829098927393 ], [ 15.31843584951535, 43.763983358682054 ], [ 15.271053253469049, 43.806697447512356 ], [ 15.337743052373781, 43.820719261013672 ] ] ], [ [ [ 15.366087366587612, 43.863528191956853 ], [ 15.329025875462793, 43.841968170599856 ], [ 15.280235841646217, 43.865137183520872 ], [ 15.334012156727505, 43.888872741927045 ], [ 15.366087366587612, 43.863528191956853 ] ] ], [ [ [ 15.242706578560357, 44.047115572881246 ], [ 15.193305101579606, 44.034969114780068 ], [ 15.131282742019145, 44.076105678126758 ], [ 15.206081207030692, 44.085329907798972 ], [ 15.242706578560357, 44.047115572881246 ] ] ], [ [ [ 15.041602008225663, 44.067075302160987 ], [ 15.146510629587112, 43.894338978580912 ], [ 15.126280537438911, 43.901266190176969 ], [ 14.969584064111595, 44.070779678079916 ], [ 15.041602008225663, 44.067075302160987 ] ] ], [ [ [ 15.099452920542177, 44.297174830643002 ], [ 15.060502859451482, 44.28013871738937 ], [ 15.013801181740751, 44.309678567714478 ], [ 15.064596810604176, 44.326648714282236 ], [ 15.099452920542177, 44.297174830643002 ] ] ], [ [ [ 15.038824405038731, 44.136710666549661 ], [ 15.002878751094125, 44.123620734930505 ], [ 14.960366659773301, 44.157596691745582 ], [ 15.006918755159324, 44.173972325231865 ], [ 15.038824405038731, 44.136710666549661 ] ] ], [ [ [ 14.9263288739639, 44.211077989839076 ], [ 14.897994427525271, 44.186789175412748 ], [ 14.852866810445731, 44.209345028137442 ], [ 14.882695610627023, 44.24135256905214 ], [ 14.9263288739639, 44.211077989839076 ] ] ], [ [ [ 14.83769076794926, 44.216373582093553 ], [ 14.775821916186841, 44.20607790262931 ], [ 14.694777665579741, 44.25211547825181 ], [ 14.782081227265587, 44.271904355677911 ], [ 14.83769076794926, 44.216373582093553 ] ] ], [ [ [ 14.85669188837303, 44.707965629587143 ], [ 14.82454768373958, 44.700608785928146 ], [ 14.656464328691824, 44.788400632002229 ], [ 14.70957490252542, 44.841877280094536 ], [ 14.758359953739921, 44.855542162380267 ], [ 14.75662737493634, 44.811184460567965 ], [ 14.85669188837303, 44.707965629587143 ] ] ], [ [ [ 14.806033979589884, 44.405171620291092 ], [ 14.801922561063156, 44.346609436296291 ], [ 14.747770253840471, 44.362786068430879 ], [ 14.76374603749797, 44.410104007953997 ], [ 14.806033979589884, 44.405171620291092 ] ] ], [ [ [ 14.837207129114324, 44.907243775973576 ], [ 14.800020060623648, 44.887200093647031 ], [ 14.752187797609752, 44.91095737561011 ], [ 14.805959043278351, 44.934398731450031 ], [ 14.837207129114324, 44.907243775973576 ] ] ], [ [ [ 14.792653298417438, 44.65543868229507 ], [ 14.761452248561012, 44.642010838533722 ], [ 14.725447776755244, 44.680415842532142 ], [ 14.765114956576785, 44.700687084312143 ], [ 14.792653298417438, 44.65543868229507 ] ] ], [ [ [ 14.719641870444272, 44.383408788705566 ], [ 14.686574157991851, 44.373372269662859 ], [ 14.641539765528332, 44.405158251890612 ], [ 14.689935819109945, 44.424097373925605 ], [ 14.719641870444272, 44.383408788705566 ] ] ], [ [ [ 14.565984334766473, 44.452944466321576 ], [ 14.521017866969133, 44.449297187273871 ], [ 14.460610758498714, 44.506689918365105 ], [ 14.533041492504641, 44.508102414470066 ], [ 14.565984334766473, 44.452944466321576 ] ] ], [ [ [ 14.56288960658777, 44.955062532618804 ], [ 14.526275382037653, 44.947846686480084 ], [ 14.481909697405172, 44.982678824401759 ], [ 14.529029770974132, 44.996732710654172 ], [ 14.56288960658777, 44.955062532618804 ] ] ], [ [ [ 14.459727004486741, 44.958311270914258 ], [ 14.492049131665755, 44.63375009596777 ], [ 14.426984518231105, 44.642509149154286 ], [ 14.395963963474404, 44.614816006776081 ], [ 14.367857542355557, 44.648990235107561 ], [ 14.378428898983238, 44.759080204395261 ], [ 14.329687349670928, 44.898573914975053 ], [ 14.378804456299493, 44.951987229283311 ], [ 14.283464871515653, 45.1015045194846 ], [ 14.317578732721636, 45.138711889780978 ], [ 14.34921417429843, 45.135485323570109 ], [ 14.459727004486741, 44.958311270914258 ] ] ], [ [ [ 14.279427099919127, 44.676028429099347 ], [ 14.263003261627961, 44.616300946302154 ], [ 14.222471128495696, 44.638304774371043 ], [ 14.244260594597238, 44.674728706520703 ], [ 14.279427099919127, 44.676028429099347 ] ] ] ] } },
{ "type": "Feature", "properties": { "id": "HU", "name": "Hungary" }, "geometry": { "type": "Polygon", "coordinates": [ [ [ 21.605489695008902, 48.503341558374075 ], [ 21.672902370663529, 48.395056123837925 ], [ 21.746117055694448, 48.345280428412558 ], [ 22.121077289339677, 48.378311434866092 ], [ 22.155305928265857, 48.403396528291104 ], [ 22.248266306199696, 48.411935594838113 ], [ 22.366707648501766, 48.252763591043319 ], [ 22.497675295385715, 48.240432634235461 ], [ 22.565601185429429, 48.189572042832111 ], [ 22.6089337619578, 48.106713130980864 ], [ 22.820019259353309, 48.109801804982453 ], [ 22.871391895418423, 48.050725457111085 ], [ 22.851200567519626, 47.983067228887748 ], [ 22.896270513298973, 47.954120534091558 ], [ 22.677645175465582, 47.793224700991949 ], [ 22.572803594415213, 47.773701720411417 ], [ 22.472645429179668, 47.802069799543439 ], [ 22.409015575439543, 47.759770104237788 ], [ 22.306550933073495, 47.746148833075111 ], [ 22.180837315509567, 47.60009435743855 ], [ 22.128230234699458, 47.59808935441886 ], [ 22.019362314317149, 47.505461195981994 ], [ 22.020221799480435, 47.393194873756038 ], [ 21.93456855739672, 47.360994784992954 ], [ 21.792951445570292, 47.117598819385279 ], [ 21.721400564697465, 47.08963552346389 ], [ 21.658955200081223, 47.022131523723623 ], [ 21.672137520706261, 46.980673634654416 ], [ 21.498736079373909, 46.774210626500114 ], [ 21.518100606565476, 46.716013585367001 ], [ 21.446011389111366, 46.689446716494054 ], [ 21.441398021259612, 46.651467104929772 ], [ 21.322908375410869, 46.619071433993142 ], [ 21.267052998389147, 46.508913586039739 ], [ 21.300022159647696, 46.428085793678882 ], [ 21.216950081426301, 46.403326219063565 ], [ 21.172125209332524, 46.311066488559661 ], [ 21.083431372286892, 46.255034736378398 ], [ 20.775600194482472, 46.275909916160835 ], [ 20.705303478874171, 46.160937350966272 ], [ 20.6270789834604, 46.135409854867149 ], [ 20.511263759461251, 46.184030671420835 ], [ 20.457260324366317, 46.150514803106503 ], [ 20.349117604343359, 46.165325465420537 ], [ 20.264296224765818, 46.126373643191954 ], [ 19.986285223358156, 46.176051701135641 ], [ 19.799152130473988, 46.135619516528514 ], [ 19.698098775235206, 46.187930896303286 ], [ 19.546064741005967, 46.165783980927309 ], [ 19.423266678424159, 46.053159554046672 ], [ 19.299194886046926, 46.020495370639622 ], [ 19.302709396396335, 45.991550553510166 ], [ 19.164939377629921, 45.998396852318884 ], [ 19.109328220365633, 46.034569685216049 ], [ 19.065437055860006, 45.966107892235456 ], [ 18.821305917104969, 45.914383112866979 ], [ 18.782637124304586, 45.886717204171141 ], [ 18.672070848425737, 45.911890468675402 ], [ 18.567354876437186, 45.802093881404829 ], [ 18.432099857713546, 45.741427423851341 ], [ 17.912089395644763, 45.790780647354524 ], [ 17.865791545533572, 45.77750016353643 ], [ 17.651498945426951, 45.847835499315266 ], [ 17.578058283930552, 45.928724993890604 ], [ 17.38154827296491, 45.936899531639156 ], [ 17.294325238383156, 45.988544468928048 ], [ 17.16578986577392, 46.152561815162954 ], [ 16.952907410136731, 46.23896070912766 ], [ 16.854754874494606, 46.35044098148223 ], [ 16.596804964532385, 46.47590243718723 ], [ 16.390379310087031, 46.638222252940494 ], [ 16.422299329439205, 46.689861529597948 ], [ 16.368553271586038, 46.704229407882025 ], [ 16.370793261080035, 46.722243534061995 ], [ 16.31216147079326, 46.778002425408737 ], [ 16.343455650961026, 46.835463346677052 ], [ 16.297566577861904, 46.866372461711386 ], [ 16.134600967539935, 46.856080984821808 ], [ 16.113849224648447, 46.869068117143819 ], [ 16.293037030148458, 46.99662018522681 ], [ 16.480922642550574, 47.005805366618844 ], [ 16.496869570551812, 47.064224042989657 ], [ 16.474520838625832, 47.094469598992582 ], [ 16.519260420591333, 47.134010132187505 ], [ 16.428982785538622, 47.196017825212181 ], [ 16.481258188899766, 47.284429454058625 ], [ 16.433761690702887, 47.352918665367746 ], [ 16.459203212410003, 47.402648532110447 ], [ 16.568369366591075, 47.408554385014625 ], [ 16.646220083977436, 47.446596932575964 ], [ 16.70275182562392, 47.538746624445075 ], [ 16.654899077905, 47.610841569351265 ], [ 16.421542384692948, 47.66529808788647 ], [ 16.604865862642654, 47.75609096564326 ], [ 16.710520992631803, 47.733327107000079 ], [ 16.770195735508729, 47.682872462138086 ], [ 16.860680212266242, 47.709987518860657 ], [ 16.907157375600072, 47.688974405650228 ], [ 17.043357295680998, 47.703734507096392 ], [ 17.068930102507377, 47.72711147798222 ], [ 17.036340009649074, 47.861377085670107 ], [ 17.094401671630965, 47.902413623627453 ], [ 17.108811927578667, 47.975452792933034 ], [ 17.160797384405882, 48.00665656242419 ], [ 17.247427296701833, 48.012008995987046 ], [ 17.347075801044515, 47.982336603669538 ], [ 17.454494880129825, 47.890929064265372 ], [ 17.705436496202939, 47.758992498011835 ], [ 17.893922756242731, 47.739456968348911 ], [ 18.623289495984075, 47.760049533881471 ], [ 18.766626767382022, 47.815435074644874 ], [ 18.849373507529343, 47.817225239212675 ], [ 18.766013090727803, 47.883818860897577 ], [ 18.766585166574068, 47.972628280137663 ], [ 18.837233612872669, 48.045630111404584 ], [ 19.014322597321353, 48.077736526989533 ], [ 19.229253230026981, 48.058091005611999 ], [ 19.472707069026313, 48.10287352429819 ], [ 19.527292442571706, 48.196800628090259 ], [ 19.632404091668349, 48.244437702237214 ], [ 19.925690475544524, 48.136298251605886 ], [ 20.051878785909643, 48.167704144531918 ], [ 20.150677919636959, 48.246179085261424 ], [ 20.316640566335501, 48.274657490213848 ], [ 20.519920748724523, 48.531138562570717 ], [ 20.834547287209698, 48.576284108918586 ], [ 21.125967671727565, 48.500895537256895 ], [ 21.448044828640498, 48.576726720311939 ], [ 21.605489695008902, 48.503341558374075 ] ] ] } },
{ "type": "Feature", "properties": { "id": "IE", "name": "Ireland" }, "geometry": { "type": "MultiPolygon", "coordinates": [ [ [ [ -7.256068589437315, 55.067034966999827 ], [ -7.387893368881525, 55.015158302836127 ], [ -7.455468261554016, 54.859002589216097 ], [ -7.55305731467182, 54.748876068987613 ], [ -7.74743688047062, 54.710411374512034 ], [ -7.830444258566089, 54.728397938055039 ], [ -7.900928484513753, 54.686661681172865 ], [ -7.849549677123506, 54.639883153846476 ], [ -7.703411741741595, 54.60828787419409 ], [ -7.857494747646235, 54.539946547734218 ], [ -8.010807808607781, 54.531577668661456 ], [ -8.138660052421383, 54.449952188190025 ], [ -8.054142704063638, 54.372998002171364 ], [ -7.882710703273598, 54.28962795467924 ], [ -7.817113748146505, 54.210410276849167 ], [ -7.689238198731214, 54.201309624667047 ], [ -7.558852881339865, 54.134452691154692 ], [ -7.270896971262077, 54.152482447474284 ], [ -7.16376935153546, 54.239370229612369 ], [ -7.188510303459504, 54.337681028029536 ], [ -7.017378626535693, 54.415598654061625 ], [ -6.864229730664453, 54.330165639712213 ], [ -6.788126262341249, 54.212569797970595 ], [ -6.643909148872876, 54.18001940103909 ], [ -6.655949565592098, 54.068047583774046 ], [ -6.595093107251577, 54.044582470472918 ], [ -6.401796512607772, 54.060329303371681 ], [ -6.356911671896969, 54.10107633293179 ], [ -6.268015422127919, 54.102337006048003 ], [ -6.115008217641212, 54.005596494479391 ], [ -6.179712037586236, 53.980366377916809 ], [ -6.322904247404741, 54.006834302698032 ], [ -6.372207773543826, 53.956447714004149 ], [ -6.348664824107205, 53.890251819514944 ], [ -6.250689676461151, 53.857314205437717 ], [ -6.24670889909244, 53.72217965683771 ], [ -6.213106854621444, 53.633641410607353 ], [ -6.083344757505062, 53.547438722230204 ], [ -6.143608689256643, 53.459298476489025 ], [ -6.136349789719761, 53.409065351725921 ], [ -6.21071066116759, 53.348668529317152 ], [ -6.115538066727948, 53.277086577699208 ], [ -6.10321204172752, 53.210621044714109 ], [ -6.049420617067181, 53.118224312959505 ], [ -6.01790625852318, 52.957613514282095 ], [ -6.130207002295845, 52.801656411255415 ], [ -6.144516329922278, 52.73769640665023 ], [ -6.22259848517181, 52.641989405722171 ], [ -6.212456379182667, 52.538010998737136 ], [ -6.338539068399124, 52.420154336284327 ], [ -6.365622724555553, 52.356048641396363 ], [ -6.443972469946188, 52.342009508430017 ], [ -6.437037092241792, 52.310597388277913 ], [ -6.328335242241095, 52.238192333486772 ], [ -6.355972253422343, 52.186964223650833 ], [ -6.580459235135852, 52.175418426046043 ], [ -6.685606108836254, 52.210968028211276 ], [ -6.770728304016281, 52.206522731572903 ], [ -6.796540780616827, 52.220388464795569 ], [ -6.879951727833604, 52.161953697686101 ], [ -6.959464551545804, 52.230131745993567 ], [ -6.976021489681625, 52.16580338355066 ], [ -7.01818556296619, 52.141547914197595 ], [ -7.360902387355709, 52.138014329653934 ], [ -7.601312976979671, 52.093470671983731 ], [ -7.630325120867879, 52.071622458164306 ], [ -7.578159882674171, 52.038838287350693 ], [ -7.597431179370916, 51.99403985265058 ], [ -7.726106841680161, 51.948867420438496 ], [ -7.842156246500953, 51.954218583007034 ], [ -8.029100372120253, 51.847366657086702 ], [ -8.262755133336187, 51.798765911949424 ], [ -8.561836240042494, 51.64867904293898 ], [ -9.337254259641131, 51.497389878252108 ], [ -9.661839315763201, 51.526036678554178 ], [ -9.677378248454906, 51.569153704805466 ], [ -9.652773151183844, 51.666741896895154 ], [ -9.97535677937157, 51.643060978563106 ], [ -10.007755488540987, 51.75939256496023 ], [ -10.304124262481245, 51.861306186187335 ], [ -10.284645512690469, 51.929978975642143 ], [ -10.118324555425756, 52.059468298454213 ], [ -10.360958604659512, 52.121709625734979 ], [ -10.387251271602045, 52.151996926143461 ], [ -10.369709309427465, 52.182744718534245 ], [ -10.187925683266007, 52.256162603054214 ], [ -9.91544840676098, 52.275280120098898 ], [ -9.730626134916246, 52.489163276764344 ], [ -9.588405015912933, 52.550701485828291 ], [ -9.365202981713368, 52.572118790795962 ], [ -9.417529362499803, 52.609148618467792 ], [ -9.656047271577677, 52.669572699448651 ], [ -9.467614148593469, 52.819031129387191 ], [ -9.391957189210956, 52.997044093523961 ], [ -9.307551093405115, 53.087977940632577 ], [ -9.00930869330549, 53.140817575809407 ], [ -8.969374607646097, 53.19204224095499 ], [ -9.01979372874356, 53.246373489770214 ], [ -9.664033366590273, 53.247436431097533 ], [ -9.699504098532879, 53.331968362381687 ], [ -9.833518847770966, 53.316464933950471 ], [ -10.117240066234862, 53.431400770537607 ], [ -10.082967224395469, 53.47787280433856 ], [ -10.114092718140087, 53.561828540223324 ], [ -9.998114525750662, 53.561069742779999 ], [ -9.98513926165189, 53.598929529512844 ], [ -9.911578443270306, 53.634362935460537 ], [ -9.871878500217212, 53.747498908663644 ], [ -9.667642648326053, 53.79877174729301 ], [ -9.637657479227803, 53.84898274865899 ], [ -9.740794214238013, 53.891115109703605 ], [ -9.936799052814445, 53.88226232403899 ], [ -10.159658233845539, 53.974944382693828 ], [ -10.138226580882764, 54.005130615119107 ], [ -10.031761034693925, 54.01406435947947 ], [ -9.917199670893599, 53.960464475739698 ], [ -9.873399355425516, 53.981892287061633 ], [ -9.880831558546163, 54.047154227842228 ], [ -9.945660648654806, 54.09837029168343 ], [ -9.978723555873712, 54.188529294394357 ], [ -10.071089005370622, 54.17447760563477 ], [ -10.039684456501048, 54.265076429087614 ], [ -9.991495400798517, 54.278050223136617 ], [ -9.88112864875122, 54.246826286880562 ], [ -9.751073020428409, 54.330782872085024 ], [ -9.344689779015546, 54.315013986257512 ], [ -9.234413871375638, 54.27275017235921 ], [ -9.132258380750162, 54.16236056314542 ], [ -9.114135280388595, 54.216342539848043 ], [ -9.029851355426104, 54.285907856059318 ], [ -8.607142431470203, 54.243246949754713 ], [ -8.524020524710137, 54.301236494284367 ], [ -8.62383601967049, 54.373556931550617 ], [ -8.454066339714123, 54.456959806420727 ], [ -8.285434491925468, 54.490950934092702 ], [ -8.18761424600576, 54.585629452104413 ], [ -8.18588727337159, 54.630584331033972 ], [ -8.57969174397812, 54.61801059075205 ], [ -8.778945762663103, 54.686668573863649 ], [ -8.671948511858441, 54.760262640951709 ], [ -8.527397724803031, 54.77515835774777 ], [ -8.495424689980416, 54.83419491690627 ], [ -8.389709661188871, 54.875903312557099 ], [ -8.428927023750401, 54.91817298387808 ], [ -8.424534537384494, 54.996077691840284 ], [ -8.2766475371228, 55.14032003876946 ], [ -8.136715130088403, 55.142316892071349 ], [ -7.985608404213645, 55.206951572061598 ], [ -7.859439565876781, 55.161227788147762 ], [ -7.831146639598609, 55.229460897032929 ], [ -7.651606008214815, 55.262551670319404 ], [ -7.540112858296981, 55.133713534251619 ], [ -7.578263057407663, 55.066682319796861 ], [ -7.554322893538022, 55.039344358691494 ], [ -7.481571153920248, 55.105060851618077 ], [ -7.534590813491824, 55.200327858179847 ], [ -7.518021039382971, 55.259475217594293 ], [ -7.378376651808629, 55.306929734073016 ], [ -7.338556139617648, 55.365659810612676 ], [ -7.222430409582243, 55.348713094702887 ], [ -6.969999552547736, 55.236387792291595 ], [ -7.256068589437315, 55.067034966999827 ] ] ], [ [ [ -6.039020006432911, 53.376763013841689 ], [ -6.067173940254068, 53.355355449404236 ], [ -6.116144027450639, 53.384223914087684 ], [ -6.064468781571173, 53.407410162694696 ], [ -6.039020006432911, 53.376763013841689 ] ] ], [ [ [ -8.487604744696819, 54.985170513187619 ], [ -8.508662047499786, 54.968422810108684 ], [ -8.57659970421267, 54.976231785576232 ], [ -8.53474697847877, 55.020804531441911 ], [ -8.487604744696819, 54.985170513187619 ] ] ], [ [ [ -9.5043808236672, 53.054176211416326 ], [ -9.555001318739603, 53.041484485785318 ], [ -9.617285372300268, 53.078466371517393 ], [ -9.550729069566666, 53.094734154743605 ], [ -9.5043808236672, 53.054176211416326 ] ] ], [ [ [ -9.943141410128646, 53.80432529708667 ], [ -9.991054521504067, 53.784503465798025 ], [ -10.031181079059166, 53.799058275970346 ], [ -9.97963888661385, 53.831016341515465 ], [ -9.943141410128646, 53.80432529708667 ] ] ], [ [ [ -9.644801564414365, 53.121398037446326 ], [ -9.667736001011811, 53.09481950267535 ], [ -9.740561315585884, 53.130961848403466 ], [ -9.708992479560674, 53.146134841392545 ], [ -9.644801564414365, 53.121398037446326 ] ] ], [ [ [ -9.726007551439146, 53.259464711566665 ], [ -9.723273355308068, 53.221819743717255 ], [ -9.762268348645502, 53.223375811650214 ], [ -9.774457266077883, 53.282151586948835 ], [ -9.726007551439146, 53.259464711566665 ] ] ], [ [ [ -9.739870329163407, 53.131451611852931 ], [ -9.771215583167344, 53.119884632356261 ], [ -9.804554275072658, 53.14301339369684 ], [ -9.769454102595043, 53.156343677044006 ], [ -9.739870329163407, 53.131451611852931 ] ] ], [ [ [ -10.161180246086163, 53.62556477861272 ], [ -10.203442186167951, 53.596469569605063 ], [ -10.242070528141923, 53.619218608951172 ], [ -10.199759323720002, 53.646639054522304 ], [ -10.161180246086163, 53.62556477861272 ] ] ], [ [ [ -10.094324711236107, 51.609787956937666 ], [ -10.152102960152943, 51.578401052041649 ], [ -10.16997159149156, 51.617094083413129 ], [ -10.129019237061215, 51.629509559118944 ], [ -10.094324711236107, 51.609787956937666 ] ] ] ] } },
{ "type": "Feature", "properties": { "id": "IS", "name": "Iceland" }, "geometry": { "type": "MultiPolygon", "coordinates": [ [ [ [ -15.655227739625154, 66.249108363123796 ], [ -15.472757719959361, 66.194450301505867 ], [ -14.888663334203592, 66.342610147182825 ], [ -14.887394221309174, 66.306547765221595 ], [ -15.062889046680775, 66.110122589466101 ], [ -14.981099105741635, 66.050928083771211 ], [ -14.767260665216277, 66.034706590620445 ], [ -14.688178737928245, 65.998947710465544 ], [ -14.674456320506438, 65.929818281294104 ], [ -14.74572393919367, 65.837263839139325 ], [ -14.748920585499828, 65.781154018333496 ], [ -14.415847050363997, 65.761486588163322 ], [ -14.239937641427321, 65.674393596691402 ], [ -13.722298803399678, 65.528726772273316 ], [ -13.676944783249915, 65.46609028613436 ], [ -13.711787873920214, 65.328123978209192 ], [ -13.633454055314498, 65.169479860504865 ], [ -13.575763894860902, 65.114428125167848 ], [ -13.576391564602106, 65.07098984664556 ], [ -13.690676174523629, 65.010646004548988 ], [ -13.857740786951181, 64.996940110874789 ], [ -13.836250912191527, 64.916862643514307 ], [ -13.866170190249651, 64.8412848205069 ], [ -14.05892259149913, 64.73805463313758 ], [ -14.32858709443097, 64.718188405464403 ], [ -14.375911500909339, 64.659251552038185 ], [ -14.496839905571392, 64.576720599124187 ], [ -14.533254647484718, 64.452026697886453 ], [ -14.726409865665103, 64.397105697616567 ], [ -14.945193171640495, 64.274347678520726 ], [ -15.326152468238202, 64.276107309484843 ], [ -15.947887403618468, 64.128106259049602 ], [ -16.676185804292302, 63.80772429684545 ], [ -17.327399060705599, 63.769746266886528 ], [ -17.622158844611448, 63.718239136246325 ], [ -17.940417038080202, 63.541284885542929 ], [ -18.192153072323837, 63.465141180582322 ], [ -18.733233283458606, 63.400777256211114 ], [ -19.104355488773166, 63.405041964748435 ], [ -19.747059766032567, 63.518453369819625 ], [ -20.153032237926034, 63.543350195610039 ], [ -20.699403272008595, 63.739933600603791 ], [ -21.185966705884454, 63.866515128820488 ], [ -21.596879238960277, 63.83064225581797 ], [ -21.798038350908438, 63.857398634774327 ], [ -22.07209668395118, 63.829875357707991 ], [ -22.340130887606161, 63.851735574624087 ], [ -22.703209996689708, 63.807322881653405 ], [ -22.725793565221256, 63.878619165890015 ], [ -22.698639299263338, 63.937032049070538 ], [ -22.738917752956382, 63.973728644008482 ], [ -22.67323010171938, 64.077251186122609 ], [ -22.576155663024689, 64.038180459547348 ], [ -22.53428501665439, 63.98321686405243 ], [ -22.431915995725575, 63.973554731602874 ], [ -22.02494258179685, 64.050368261737248 ], [ -21.928875269152801, 64.102316716914416 ], [ -21.947766060792109, 64.152165995438068 ], [ -21.763171610393044, 64.167778611342783 ], [ -21.767327156665399, 64.196510355621029 ], [ -21.872013699286079, 64.245333355721471 ], [ -21.778371402443863, 64.314199078429866 ], [ -21.581413759470188, 64.371196820044744 ], [ -21.45891046306409, 64.356342677134734 ], [ -21.370047817256623, 64.38032600900533 ], [ -21.641938686802828, 64.38802541805093 ], [ -21.960451728822697, 64.331507297641849 ], [ -21.982323053855062, 64.415074819700976 ], [ -21.961325796642861, 64.504857828332106 ], [ -22.2151886954438, 64.508793510092417 ], [ -22.336327790227706, 64.602694660440662 ], [ -22.3737226528999, 64.735844192309855 ], [ -22.485114426808405, 64.787036300115005 ], [ -23.28662182427049, 64.81819548698742 ], [ -23.795235657155185, 64.74247039008246 ], [ -23.908643734310171, 64.776193128596574 ], [ -23.97693394574614, 64.850564241655334 ], [ -23.856611474229126, 64.909075872639434 ], [ -23.623794411172863, 64.905646996092713 ], [ -23.18033813396756, 64.975644753656198 ], [ -23.063024595336124, 64.963796863222086 ], [ -22.810736932177864, 65.037453060812453 ], [ -22.620453365891994, 65.029237249876928 ], [ -22.447703466769514, 65.07440371616309 ], [ -22.163402567790097, 65.036931649697834 ], [ -21.895026633960526, 65.04191251829441 ], [ -21.812047228035084, 65.113263828175988 ], [ -21.819769894680668, 65.156654549578505 ], [ -22.10678022229477, 65.130857161455552 ], [ -22.423727958707666, 65.190720579124076 ], [ -22.338188667005149, 65.275919126551514 ], [ -21.973517089811743, 65.437077929663374 ], [ -22.064059818381722, 65.480415337881183 ], [ -22.271682094691204, 65.466764854068003 ], [ -22.523795755289182, 65.559005669557763 ], [ -22.903541461472347, 65.580116105115451 ], [ -23.85991200097704, 65.437077929780358 ], [ -24.294779130460203, 65.566709331016469 ], [ -24.242363559424529, 65.60507159176818 ], [ -24.01459092564907, 65.604657896766952 ], [ -24.026341291947933, 65.729339805626523 ], [ -23.997035762053951, 65.754609099907285 ], [ -23.533168822381814, 65.65063184229254 ], [ -23.458994433826472, 65.66198874990431 ], [ -23.415735955318038, 65.749380060828315 ], [ -23.646541708516988, 65.792421032857135 ], [ -23.752524247749534, 65.86204366417158 ], [ -23.701759304853638, 65.936994804158886 ], [ -23.696370224171709, 66.031386354899297 ], [ -23.460390052202527, 66.164072842874404 ], [ -23.246194300753142, 66.148665767904021 ], [ -22.871194710789144, 65.990520479796956 ], [ -22.694967239541953, 66.007385830010151 ], [ -22.554616914052403, 65.944298260896161 ], [ -22.434370136837149, 65.930712985979184 ], [ -22.439112446994127, 65.980117844630669 ], [ -22.507913346524063, 66.052578734935381 ], [ -22.774456242001555, 66.140470163976261 ], [ -22.852628557679942, 66.192052287061671 ], [ -22.779844218871755, 66.240484003731282 ], [ -22.621899493866486, 66.258150135740365 ], [ -22.606754051564458, 66.296725842354135 ], [ -23.028127588323169, 66.344222651350293 ], [ -23.02235549003618, 66.413257058787281 ], [ -22.923815311343489, 66.445855352697222 ], [ -22.434113223289703, 66.427444911108822 ], [ -22.181907649778331, 66.291828822588158 ], [ -21.920724297614399, 66.228296665074339 ], [ -21.675827919412718, 66.078700199469026 ], [ -21.484691637953556, 66.011706013117575 ], [ -21.3613698136019, 65.908749746325412 ], [ -21.3429895192868, 65.838072081980229 ], [ -21.410059381431324, 65.751074763900647 ], [ -21.544705128636675, 65.6694486925593 ], [ -21.367347602663465, 65.573121210885802 ], [ -21.295037124128097, 65.458455224112456 ], [ -21.124524540038401, 65.288317834969604 ], [ -21.065219827684246, 65.381343356796719 ], [ -20.974995764503586, 65.419169663961867 ], [ -20.93683883735865, 65.518091026788497 ], [ -20.857506174226376, 65.596221061949649 ], [ -20.736994077631188, 65.646778803580247 ], [ -20.527335569392235, 65.608821606806544 ], [ -20.347901204859696, 65.665412119683864 ], [ -20.314023695086583, 65.761733310924001 ], [ -20.372914353122592, 65.991300051048285 ], [ -20.299416128314252, 66.072922734608284 ], [ -20.086655440444041, 66.06748371727636 ], [ -19.667723838884779, 65.801357380771279 ], [ -19.511824741707954, 65.767726613136077 ], [ -19.429503599575543, 65.814284945852819 ], [ -19.437020646653544, 65.945616501787825 ], [ -19.372450637585629, 66.03430999276749 ], [ -18.985123748050285, 66.156799356538102 ], [ -18.818578486671683, 66.165577947799534 ], [ -18.600184529051248, 66.085855971065442 ], [ -18.470966480590906, 65.980123257260146 ], [ -18.292466946475383, 65.896370932925763 ], [ -18.132192887070303, 65.781613225635667 ], [ -18.123739745126183, 65.874165460082466 ], [ -18.265003673326493, 66.063397268622907 ], [ -18.233142447185465, 66.133799816984379 ], [ -17.978368899246767, 66.133651578412653 ], [ -17.657816393243355, 66.018166341555002 ], [ -17.491618551846081, 66.008810985808282 ], [ -17.156524364023106, 66.177301220639222 ], [ -16.837998287262426, 66.14769375591375 ], [ -16.557447502964344, 66.206984308887286 ], [ -16.473262865611801, 66.292673788940348 ], [ -16.461408010429817, 66.476515278285277 ], [ -16.064395895938006, 66.506778918612184 ], [ -15.767685573411885, 66.384262651597354 ], [ -15.655227739625154, 66.249108363123796 ] ] ], [ [ [ -14.571827375297687, 66.376732843727211 ], [ -14.611568083773385, 66.342390449960149 ], [ -14.659064341893037, 66.362319792776418 ], [ -14.615160118806736, 66.388048611986179 ], [ -14.571827375297687, 66.376732843727211 ] ] ], [ [ [ -17.964089868159704, 66.541568970220254 ], [ -18.000948475386302, 66.520770195403529 ], [ -18.050542160685328, 66.543058745650285 ], [ -17.996464450165995, 66.56736435062281 ], [ -17.964089868159704, 66.541568970220254 ] ] ], [ [ [ -18.340105730179634, 65.982520450049023 ], [ -18.380002858916271, 65.968065438947477 ], [ -18.424884386267951, 65.998338936391562 ], [ -18.367590994848602, 66.013342339803813 ], [ -18.340105730179634, 65.982520450049023 ] ] ], [ [ [ -20.225027602833524, 63.439949892508501 ], [ -20.275609576417544, 63.406307171810205 ], [ -20.319463762266064, 63.442711434328935 ], [ -20.259419801852545, 63.45807991598523 ], [ -20.225027602833524, 63.439949892508501 ] ] ], [ [ [ -22.566473281461263, 65.142724302896355 ], [ -22.583807804666414, 65.100594441840883 ], [ -22.634329182897272, 65.109601480464789 ], [ -22.599106735678433, 65.152588564003707 ], [ -22.566473281461263, 65.142724302896355 ] ] ], [ [ [ -22.308025851334964, 64.530145051859776 ], [ -22.337111405442066, 64.504392966944522 ], [ -22.388778941533939, 64.523817977538357 ], [ -22.346005933071229, 64.553661364721933 ], [ -22.308025851334964, 64.530145051859776 ] ] ] ] } },
{ "type": "Feature", "properties": { "id": "IT", "name": "Italy" }, "geometry": { "type": "MultiPolygon", "coordinates": [ [ [ [ 12.130957782514276, 47.006907360603691 ], [ 12.155546913663956, 46.917692815189113 ], [ 12.276770098339698, 46.872628020560633 ], [ 12.294783800778314, 46.787661390042686 ], [ 12.477924086306549, 46.67983561070659 ], [ 12.69063519592004, 46.656972038128821 ], [ 12.731393018169976, 46.634288097736928 ], [ 13.045434976958477, 46.597021181570845 ], [ 13.26338929752896, 46.553036849695694 ], [ 13.504249359530172, 46.56630384612243 ], [ 13.714185081104839, 46.522703436818034 ], [ 13.684031873864656, 46.437472358623261 ], [ 13.598527423149385, 46.432078288142193 ], [ 13.451950103265858, 46.356304960930693 ], [ 13.402879967444214, 46.300137003372249 ], [ 13.423996433903026, 46.219485060132527 ], [ 13.633614378458894, 46.191790826778465 ], [ 13.664051766610068, 46.170440605462993 ], [ 13.496939052950424, 46.051335023391523 ], [ 13.488467130635367, 46.004036456876136 ], [ 13.51470435846192, 45.979582791556297 ], [ 13.620869161530226, 45.984596023041995 ], [ 13.63717239080904, 45.938025609790756 ], [ 13.582943617527354, 45.86137089841791 ], [ 13.596242760471197, 45.807937324772205 ], [ 13.793923503545329, 45.740202429720348 ], [ 13.89868555510818, 45.643424790155116 ], [ 13.826545672467935, 45.585296608587065 ], [ 13.723158648707658, 45.594806766403458 ], [ 13.77236848430892, 45.619467584665045 ], [ 13.750767511835541, 45.67505063752008 ], [ 13.579783202424668, 45.786951550228409 ], [ 13.537642973630939, 45.772845225479912 ], [ 13.502613527363609, 45.713660458361957 ], [ 13.125007547558775, 45.76079446960857 ], [ 13.085304446440912, 45.711004848765207 ], [ 13.098785272810265, 45.644532896820024 ], [ 12.915614591368978, 45.612861341618199 ], [ 12.6015070485078, 45.486838786132502 ], [ 12.581178573421903, 45.496599936670243 ], [ 12.618545123467923, 45.534208090977906 ], [ 12.545061484620049, 45.563045678325778 ], [ 12.398658066098438, 45.53423470418668 ], [ 12.169526788407204, 45.393888647230447 ], [ 12.132562140600335, 45.300370485249168 ], [ 12.140487037080709, 45.268129711308632 ], [ 12.200493965481296, 45.257336884665058 ], [ 12.230003687788853, 45.196142972674828 ], [ 12.299720137627196, 45.198426055436663 ], [ 12.330572226332455, 45.160550601170762 ], [ 12.270832113848035, 45.097302832553261 ], [ 12.321350550287764, 45.041655594016405 ], [ 12.313870238536898, 45.00416095626656 ], [ 12.350438874960762, 44.990020283101053 ], [ 12.417436232414074, 45.019933619242636 ], [ 12.487027249918855, 44.959272596919831 ], [ 12.457519168869442, 44.853384509254624 ], [ 12.425626445121539, 44.88958819862291 ], [ 12.400669497476215, 44.87469506268954 ], [ 12.399056638112196, 44.792615335567625 ], [ 12.282692505384308, 44.826163800044263 ], [ 12.243813709538204, 44.721709050380461 ], [ 12.29121824540073, 44.460042635358725 ], [ 12.38428203347744, 44.224726441602506 ], [ 12.667492014547566, 44.001818447003991 ], [ 12.898392403932906, 43.924958858197364 ], [ 13.214233061572884, 43.725239976629304 ], [ 13.417046623486558, 43.623701956090805 ], [ 13.527899873849208, 43.617244782552199 ], [ 13.617649116385582, 43.545919530934519 ], [ 13.849476115436271, 43.066739106726232 ], [ 14.008044621543736, 42.695587265829005 ], [ 14.146269234094394, 42.530505897425833 ], [ 14.253960642498289, 42.444798470105766 ], [ 14.393302591710414, 42.370686327483881 ], [ 14.524927390919528, 42.245559807960312 ], [ 14.704354430465795, 42.17127822895943 ], [ 14.72715981988453, 42.106287457277311 ], [ 14.779562767586054, 42.070059353905478 ], [ 15.13817867906134, 41.927007598310325 ], [ 15.444937026153211, 41.904868721869988 ], [ 16.01210140576692, 41.945733651341079 ], [ 16.155111713736058, 41.893969054724359 ], [ 16.171739558725299, 41.772882078970348 ], [ 15.900810018435113, 41.59106149549195 ], [ 15.932034215178394, 41.488933088651393 ], [ 16.02473859247625, 41.42559043951006 ], [ 16.542302545978902, 41.229440853795211 ], [ 17.080556102468677, 41.067121645106575 ], [ 17.513565665518808, 40.816593592537664 ], [ 17.940570789590762, 40.676275233579553 ], [ 18.022507075976943, 40.62825925880135 ], [ 18.097446023965603, 40.51530452798967 ], [ 18.240704878891336, 40.441443281423389 ], [ 18.433888793947371, 40.271461522231029 ], [ 18.464827375500089, 40.195760120179955 ], [ 18.511395852166846, 40.136860511925846 ], [ 18.515774221966677, 40.109183772584132 ], [ 18.433888793717365, 40.014944670195881 ], [ 18.371993090722679, 39.808829025823194 ], [ 18.182185634577912, 39.848371255329525 ], [ 18.012489946053091, 39.975092077036258 ], [ 18.003404147370059, 40.105825947491169 ], [ 17.901747139288105, 40.252482266419108 ], [ 17.763496420634834, 40.295497393370354 ], [ 17.52335482818571, 40.297121732235773 ], [ 17.394230391406811, 40.336076194176073 ], [ 17.24142695457547, 40.401250245174097 ], [ 17.226955964516769, 40.471566066590583 ], [ 17.099696436176206, 40.51639752509179 ], [ 16.975231090772017, 40.482059328248546 ], [ 16.86726385482358, 40.397845333376551 ], [ 16.786968782728714, 40.303149204479588 ], [ 16.737162562505031, 40.210660441497403 ], [ 16.603833442805431, 40.058668493067849 ], [ 16.619388498594663, 39.954141578021279 ], [ 16.492184365985189, 39.794110387986656 ], [ 16.561270435155269, 39.645564080615664 ], [ 16.773075874299924, 39.61566132062822 ], [ 16.878967399526108, 39.533700831256994 ], [ 17.02506450352254, 39.483578641974759 ], [ 17.145961584121103, 39.392362541857359 ], [ 17.110839791938592, 39.292371994259291 ], [ 17.14001731765061, 39.206299226056757 ], [ 17.115445738412866, 39.113171876271558 ], [ 17.175940543697653, 39.015137488693647 ], [ 17.156489874792666, 38.949998474621445 ], [ 17.101682507960035, 38.904228864632849 ], [ 16.890732053895853, 38.927128675706406 ], [ 16.645883782379496, 38.832414600677517 ], [ 16.570607790811188, 38.767317997532984 ], [ 16.543789430571394, 38.710893443439829 ], [ 16.582084461684566, 38.469790347178623 ], [ 16.496767939441359, 38.360846351099184 ], [ 16.326773017419381, 38.292304739046372 ], [ 16.186839768288845, 38.153492821679713 ], [ 16.070817279638351, 37.934029643609236 ], [ 15.754460751531635, 37.922062150599189 ], [ 15.646096389463382, 38.004085109215794 ], [ 15.63802555667858, 38.216038160372541 ], [ 15.800465969356585, 38.289882120110839 ], [ 15.91895642663045, 38.506761543165581 ], [ 15.916575798035318, 38.554757511143812 ], [ 15.839785089509597, 38.621253521605915 ], [ 15.855704557998584, 38.654591134711829 ], [ 15.996759829465878, 38.721930881856018 ], [ 16.136149545927875, 38.722187753738297 ], [ 16.213753436711045, 38.810439753807565 ], [ 16.213159900650037, 38.915032583612074 ], [ 16.093152917906771, 39.048742892012861 ], [ 16.028140856482423, 39.366689109683861 ], [ 15.838953515890873, 39.645564081371639 ], [ 15.755955854470685, 39.923418013478525 ], [ 15.644965154332134, 40.0428371949058 ], [ 15.551331447389876, 40.074855367827297 ], [ 15.420875902938242, 39.998940905211114 ], [ 15.365024627931616, 40.000613151958305 ], [ 15.128919486592741, 40.165113409132452 ], [ 15.045923713433799, 40.173187148131127 ], [ 14.926042441449612, 40.237428195497799 ], [ 14.950424055469737, 40.328770068624095 ], [ 14.990462652708581, 40.366606953984792 ], [ 14.983334721038114, 40.4166484081275 ], [ 14.882132425547875, 40.578301767105472 ], [ 14.784234527488476, 40.664378661320484 ], [ 14.550865638366387, 40.611443708264154 ], [ 14.468572555160254, 40.620196331803804 ], [ 14.335033369419255, 40.57830068460337 ], [ 14.347175067602695, 40.622027936641878 ], [ 14.468269598163452, 40.695878491116297 ], [ 14.451731246474647, 40.741462228257433 ], [ 14.2696429815309, 40.838407554703487 ], [ 14.185912531898257, 40.802482597524929 ], [ 14.096889057073342, 40.826694763163239 ], [ 14.057960523439062, 40.795778637776074 ], [ 14.032136106867291, 40.89889417517756 ], [ 13.762086965694055, 41.222503118344932 ], [ 13.621717107588983, 41.255413855610286 ], [ 13.541672708705105, 41.213946062492354 ], [ 13.281520852717771, 41.294585622176058 ], [ 13.065082339146723, 41.228535817716249 ], [ 12.944021657195419, 41.365499124994564 ], [ 12.61246253214256, 41.459402435082865 ], [ 12.438507208540276, 41.637848585093138 ], [ 12.235224243025408, 41.744822540156974 ], [ 12.126987637767151, 41.920911914179491 ], [ 11.919859926268266, 42.03258607610011 ], [ 11.836871565511297, 42.037794036389293 ], [ 11.635865896060366, 42.290461590285403 ], [ 11.449938679583298, 42.377670452046843 ], [ 11.268332563429267, 42.412004281452859 ], [ 11.144434727933463, 42.377085083010812 ], [ 11.106366874128359, 42.419727205918221 ], [ 11.170991739814458, 42.466228816690858 ], [ 11.161422946518437, 42.542447524705942 ], [ 10.965494929938966, 42.716454955029853 ], [ 10.791000766388246, 42.787563085182072 ], [ 10.765277980452929, 42.890828466047289 ], [ 10.705672412696112, 42.941864592675778 ], [ 10.505839569319008, 42.952958383459233 ], [ 10.526080077606194, 43.225347630625343 ], [ 10.420811806413965, 43.397251217648673 ], [ 10.329303598514938, 43.490411580400384 ], [ 10.258118041717562, 43.81514718882228 ], [ 10.143475973019028, 43.975420548865287 ], [ 10.018769669458909, 44.044535918363209 ], [ 9.954847659458661, 44.04479173014834 ], [ 9.847799082228475, 44.101121407024252 ], [ 9.804121497336229, 44.067343982814791 ], [ 9.266137524700971, 44.335049612746076 ], [ 9.188376111271033, 44.309636302275443 ], [ 9.063825114394726, 44.378215245792305 ], [ 8.77193870049604, 44.424866995853968 ], [ 8.633010367519732, 44.37980353079648 ], [ 8.466973161506965, 44.295019392721734 ], [ 8.39642904499693, 44.182840767052802 ], [ 8.270701848980126, 44.135930048903596 ], [ 8.135350904125294, 43.938940421504455 ], [ 7.958121283348656, 43.851628956803445 ], [ 7.670287558097256, 43.781778047408274 ], [ 7.529860025573349, 43.78401301406538 ], [ 7.511191993458295, 43.872644459203642 ], [ 7.714236356735006, 44.061513613180551 ], [ 7.67021253661485, 44.172114403637913 ], [ 7.36891494649254, 44.122487144749527 ], [ 7.019724399798683, 44.238840325831291 ], [ 6.887427980240159, 44.361286894180829 ], [ 6.923014701713798, 44.436042008367416 ], [ 6.861717826867015, 44.527977067288944 ], [ 6.93469759147998, 44.585629543417738 ], [ 6.948443098930043, 44.654741985309045 ], [ 7.06423601352224, 44.685893038327499 ], [ 7.065755124527523, 44.713464399341476 ], [ 7.03087903835847, 44.740406071377336 ], [ 7.000276006364803, 44.8392935844197 ], [ 6.869881690675119, 44.851698620805699 ], [ 6.764548427436478, 44.902510450150217 ], [ 6.748360248206021, 44.997318759616803 ], [ 6.677650753824108, 45.028354564061168 ], [ 6.630050928584914, 45.109856575043395 ], [ 6.770691395502586, 45.152703922539011 ], [ 6.870534219778803, 45.134483872742862 ], [ 6.978005165992706, 45.207734995164678 ], [ 7.109298230038339, 45.238019096204809 ], [ 7.118302292246815, 45.323807218515249 ], [ 7.176249476642189, 45.393165067169356 ], [ 7.104722952318007, 45.468454370064102 ], [ 7.006642726606651, 45.510312944646977 ], [ 6.989115020551137, 45.637176899181043 ], [ 6.836155115437494, 45.701558493608822 ], [ 6.802368307845005, 45.778562004915486 ], [ 6.823181963838318, 45.826738742925635 ], [ 6.970241752897036, 45.862405518731961 ], [ 7.044886013638479, 45.922413068294127 ], [ 7.110186188594137, 45.870068832191585 ], [ 7.186161481373539, 45.86708376660637 ], [ 7.294815035017269, 45.915150547545792 ], [ 7.396470029968218, 45.904406330931522 ], [ 7.561001164974892, 45.977431282740177 ], [ 7.864076428328577, 45.916750421437115 ], [ 7.89681802660491, 45.985342952956088 ], [ 7.995642604665479, 46.006116101049393 ], [ 8.037243414455725, 46.09341547258591 ], [ 8.151916042984411, 46.15116654060563 ], [ 8.155430195465167, 46.192931826347639 ], [ 8.104120429409642, 46.275755607555062 ], [ 8.215418153970884, 46.317253117118959 ], [ 8.297925315431817, 46.376204281104719 ], [ 8.306270441232696, 46.416115979055114 ], [ 8.384716933731539, 46.452158565743893 ], [ 8.462038473301424, 46.435939021423152 ], [ 8.43654351771448, 46.291730094345645 ], [ 8.463545438616158, 46.243139876354995 ], [ 8.61739640925928, 46.125478776866665 ], [ 8.713935970650262, 46.097271949835765 ], [ 8.75099825704995, 46.112721386596277 ], [ 8.838172156491247, 46.072091059557792 ], [ 8.795268731481041, 45.997199727983876 ], [ 8.887866294031827, 45.952774937496308 ], [ 8.933784730583394, 45.875627072967788 ], [ 8.912146832221961, 45.830445076440007 ], [ 9.040517636937372, 45.840590824241765 ], [ 9.07566046263482, 45.896141352813373 ], [ 9.009059894581759, 45.953279436245133 ], [ 9.016486130147621, 46.035814110615718 ], [ 9.248531338543906, 46.233767857136208 ], [ 9.291851081374698, 46.325646346051101 ], [ 9.258705833802507, 46.443144847853681 ], [ 9.303220549456139, 46.497011898871982 ], [ 9.412521943871766, 46.476509301556341 ], [ 9.456292259977031, 46.494797954633256 ], [ 9.464089746646801, 46.387351519481157 ], [ 9.556173179182112, 46.306620841967565 ], [ 9.702499398645879, 46.299007191519451 ], [ 9.734387478419441, 46.336955866400565 ], [ 9.93756425741439, 46.37824722904935 ], [ 10.055834991539479, 46.235469641480776 ], [ 10.115683265103279, 46.230914115575715 ], [ 10.165622659624638, 46.255129283892387 ], [ 10.112934867489233, 46.338563072959154 ], [ 10.156918027470532, 46.406828124777022 ], [ 10.062771778594801, 46.433199172848262 ], [ 10.044022577172194, 46.468589582439932 ], [ 10.050752220347784, 46.53778915851278 ], [ 10.107064082138397, 46.602310397134609 ], [ 10.232708063159656, 46.627736572788628 ], [ 10.3027876601394, 46.55307747274847 ], [ 10.4528011864139, 46.53068305387368 ], [ 10.483347369450742, 46.613076889692472 ], [ 10.406368916741428, 46.64466329384971 ], [ 10.390437970305261, 46.681059615619418 ], [ 10.469651302255382, 46.854908998200997 ], [ 10.666884010621352, 46.870487845207741 ], [ 10.76153774790709, 46.798492943818587 ], [ 11.008317853410716, 46.769142645972082 ], [ 11.16428131536764, 46.965722619327387 ], [ 11.329777139230695, 46.990268397085401 ], [ 11.412602911379352, 46.97058111506756 ], [ 11.478015834446371, 47.002260108609434 ], [ 11.627199511745951, 47.013298837370506 ], [ 11.741946794644853, 46.979848417739291 ], [ 12.136013771373326, 47.080667456045099 ], [ 12.240745396712335, 47.069168359391313 ], [ 12.130957782514276, 47.006907360603691 ] ], [ [ 12.423796962952455, 41.905503023891264 ], [ 12.475141299531053, 41.882711556626951 ], [ 12.511196742407945, 41.904337022205041 ], [ 12.471232626500147, 41.928929171047209 ], [ 12.423796962952455, 41.905503023891264 ] ], [ [ 12.415155672459559, 43.908930689515017 ], [ 12.487415448872794, 43.896451067759195 ], [ 12.512561978916333, 43.94370468971394 ], [ 12.505813734515753, 43.985055609387359 ], [ 12.411716205449267, 43.949231480026953 ], [ 12.415155672459559, 43.908930689515017 ] ] ], [ [ [ 15.599376447466419, 38.277446165372481 ], [ 15.493792476493573, 38.079322042528261 ], [ 15.214258041005397, 37.745115176776707 ], [ 15.170838439013824, 37.581478387407245 ], [ 15.093130621744908, 37.487909392824896 ], [ 15.091498994129191, 37.357708633397529 ], [ 15.113700086423728, 37.313100862027277 ], [ 15.225574377477374, 37.263692592556332 ], [ 15.192631164981057, 37.190395399392756 ], [ 15.226998318510651, 37.129562804882852 ], [ 15.289890084565899, 37.098369472020025 ], [ 15.280520796280943, 37.049066101599465 ], [ 15.317493946508664, 37.020856791386194 ], [ 15.170492991446586, 36.929009638373046 ], [ 15.108538782242583, 36.828340920642837 ], [ 15.124722447135948, 36.678508892153374 ], [ 15.078558985456093, 36.657369470183419 ], [ 15.000358137509188, 36.702847609276546 ], [ 14.699208289477935, 36.723370130973166 ], [ 14.50083050350354, 36.789939723239662 ], [ 14.45800423775955, 36.82834092085308 ], [ 14.337611975545165, 37.001971265383105 ], [ 14.197859985451451, 37.081178471855459 ], [ 14.036207324626767, 37.106028414103179 ], [ 13.900192179698172, 37.100395165145954 ], [ 13.73596002420382, 37.158307949042786 ], [ 13.553935457981034, 37.280367034544156 ], [ 13.450613709773688, 37.297785538161321 ], [ 13.289278297434061, 37.38365171140903 ], [ 13.174877239327945, 37.484001911203919 ], [ 13.025806499609258, 37.50245946564656 ], [ 12.944021657155384, 37.57103860733806 ], [ 12.674273436452363, 37.568071654564854 ], [ 12.595698380554619, 37.643437287277003 ], [ 12.490970423084512, 37.687177808051118 ], [ 12.436132356971731, 37.798365398004407 ], [ 12.515559382736212, 38.013257608293863 ], [ 12.713053263320344, 38.117638117526063 ], [ 12.736172934462612, 38.170143235330727 ], [ 12.875012636960539, 38.040459102541668 ], [ 12.944021657358835, 38.030597369176675 ], [ 13.064032786160093, 38.087541893904827 ], [ 13.0637415179029, 38.142942972493948 ], [ 13.102966291536532, 38.182444477276206 ], [ 13.208461351379453, 38.177832912601247 ], [ 13.312407927844898, 38.215554852718498 ], [ 13.395240718032484, 38.109487971210761 ], [ 13.5293784288581, 38.103621890630571 ], [ 13.565622318512988, 38.045493207333799 ], [ 13.740788438294702, 37.975518478867784 ], [ 13.998549246590251, 38.037322063419332 ], [ 14.183486324891419, 38.019396452548719 ], [ 14.487782042322268, 38.03865731589844 ], [ 14.637750255590644, 38.076440063395538 ], [ 14.745705010951912, 38.157049848090388 ], [ 14.913496785210317, 38.182964884185289 ], [ 15.104501504961515, 38.127889763091417 ], [ 15.235279032461564, 38.211438874290671 ], [ 15.361684397756571, 38.220995333914324 ], [ 15.529195890437187, 38.295567748349058 ], [ 15.599376447466419, 38.277446165372481 ] ] ], [ [ [ 15.250468571369376, 38.804571385185682 ], [ 15.220288176450788, 38.766023896845354 ], [ 15.171985059284554, 38.789719684357877 ], [ 15.217558104511024, 38.816917459460662 ], [ 15.250468571369376, 38.804571385185682 ] ] ], [ [ [ 15.00890825056732, 38.372932223403353 ], [ 14.96963704505499, 38.368687016277356 ], [ 14.928979041033191, 38.406344428015053 ], [ 14.975261558763506, 38.416816159142478 ], [ 15.00890825056732, 38.372932223403353 ] ] ], [ [ [ 14.963551596293083, 38.517787970823264 ], [ 14.955868869744915, 38.442302464059964 ], [ 14.88922945551583, 38.476701279411998 ], [ 14.912904806610129, 38.518232252561731 ], [ 14.963551596293083, 38.517787970823264 ] ] ], [ [ [ 14.894688134730952, 38.560871406559464 ], [ 14.862706276180207, 38.535860662491658 ], [ 14.808921650430936, 38.55970335346165 ], [ 14.857633498258943, 38.58283619724223 ], [ 14.894688134730952, 38.560871406559464 ] ] ], [ [ [ 14.614423406629237, 38.570173341195549 ], [ 14.573108147930903, 38.546005047423115 ], [ 14.525023602738202, 38.567757062545752 ], [ 14.578671168202813, 38.591288072499033 ], [ 14.614423406629237, 38.570173341195549 ] ] ], [ [ [ 14.384081487867848, 38.552684679267749 ], [ 14.356360330364323, 38.513211221149781 ], [ 14.312267147808583, 38.543077942364796 ], [ 14.348781243392354, 38.568381838571959 ], [ 14.384081487867848, 38.552684679267749 ] ] ], [ [ [ 14.25339937928149, 40.553765358985515 ], [ 14.20766018732839, 40.52405695198734 ], [ 14.173007307420344, 40.546499850559357 ], [ 14.205428886784027, 40.574044969401022 ], [ 14.25339937928149, 40.553765358985515 ] ] ], [ [ [ 13.968322522173869, 40.722685370554558 ], [ 13.927102828632528, 40.694029785913031 ], [ 13.836848216165935, 40.707052913544942 ], [ 13.872397010417744, 40.761794116428717 ], [ 13.968322522173869, 40.722685370554558 ] ] ], [ [ [ 13.232939274102376, 38.709558191153249 ], [ 13.197705889565755, 38.687906442104399 ], [ 13.143017099729486, 38.710797189756661 ], [ 13.19085522640912, 38.73287132150336 ], [ 13.232939274102376, 38.709558191153249 ] ] ], [ [ [ 12.902594852779503, 35.856785721350263 ], [ 12.857193675469183, 35.843834156653131 ], [ 12.819656884677959, 35.872703625350063 ], [ 12.875928320539105, 35.888887533432538 ], [ 12.902594852779503, 35.856785721350263 ] ] ], [ [ [ 12.664429230634457, 35.50894722533328 ], [ 12.624279765260484, 35.483991886511497 ], [ 12.574978645107345, 35.502968806488035 ], [ 12.627651093209117, 35.529324254476307 ], [ 12.664429230634457, 35.50894722533328 ] ] ], [ [ [ 12.364260421326444, 37.982575842319903 ], [ 12.329043254455197, 37.974664584198969 ], [ 12.300867067715515, 38.002272193222211 ], [ 12.334054759461555, 38.036755373789568 ], [ 12.364260421326444, 37.982575842319903 ] ] ], [ [ [ 12.353283323789043, 37.924219740006478 ], [ 12.315599735240102, 37.904462890041692 ], [ 12.267346798492083, 37.927456234809689 ], [ 12.321995917802624, 37.951173534952915 ], [ 12.353283323789043, 37.924219740006478 ] ] ], [ [ [ 12.563932132729084, 45.486734831830901 ], [ 12.521145794371421, 45.45404957785324 ], [ 12.442184402904982, 45.473919114271773 ], [ 12.510990464743506, 45.507419201129217 ], [ 12.563932132729084, 45.486734831830901 ] ] ], [ [ [ 12.064714142816179, 36.768628508683094 ], [ 11.999751769008737, 36.73090666226306 ], [ 11.914090438536777, 36.804936058937045 ], [ 11.987503224912937, 36.840785881742583 ], [ 12.064714142816179, 36.768628508683094 ] ] ], [ [ [ 12.099863844154688, 37.961594887936499 ], [ 12.059880450638857, 37.945733384036771 ], [ 12.014185376523624, 37.973282575992265 ], [ 12.071588079946322, 37.991229257453298 ], [ 12.099863844154688, 37.961594887936499 ] ] ], [ [ [ 12.354205559557947, 45.436178255501659 ], [ 12.342403644737788, 45.395951787738433 ], [ 12.283575085567788, 45.397984723505125 ], [ 12.31941202961764, 45.440645252322682 ], [ 12.354205559557947, 45.436178255501659 ] ] ], [ [ [ 10.913255779530994, 42.382429552398762 ], [ 10.922790840025254, 42.327032455910199 ], [ 10.884255482576942, 42.339802233208729 ], [ 10.865674563630709, 42.382209062052162 ], [ 10.913255779530994, 42.382429552398762 ] ] ], [ [ [ 10.441234477412138, 42.848783483112406 ], [ 10.41656827891539, 42.711963470420507 ], [ 10.343653927451069, 42.754453888825481 ], [ 10.188157361282537, 42.727218434547147 ], [ 10.093985116903289, 42.765996540120561 ], [ 10.137030660216736, 42.807472548753978 ], [ 10.349903726002331, 42.807199655726343 ], [ 10.416847762185906, 42.864828874619917 ], [ 10.441234477412138, 42.848783483112406 ] ] ], [ [ [ 10.345509188909134, 42.330499171667213 ], [ 10.299085221418895, 42.306973070904981 ], [ 10.268588085378216, 42.334171076435226 ], [ 10.307808507898603, 42.359011074356431 ], [ 10.345509188909134, 42.330499171667213 ] ] ], [ [ [ 10.112893066832724, 42.588791710718596 ], [ 10.093638964209584, 42.55832934105613 ], [ 10.039658698172142, 42.57698918662588 ], [ 10.079874790466066, 42.611206150267186 ], [ 10.112893066832724, 42.588791710718596 ] ] ], [ [ [ 9.842037025539858, 43.066805266491038 ], [ 9.825328623119914, 43.00919829830039 ], [ 9.782012145769848, 43.017454429780926 ], [ 9.810496741747119, 43.067417700197545 ], [ 9.842037025539858, 43.066805266491038 ] ] ], [ [ [ 9.590478940442349, 40.931592316032173 ], [ 9.678802387355871, 40.828571264590664 ], [ 9.820136170998921, 40.508030696089307 ], [ 9.763659203304098, 40.398975484160921 ], [ 9.630548619986083, 40.255909179163531 ], [ 9.645518778763179, 40.164865494037414 ], [ 9.725017959028689, 40.07132350988735 ], [ 9.651118649709234, 39.549323989896102 ], [ 9.565524544318114, 39.154572672981686 ], [ 9.526198672870377, 39.126014728974482 ], [ 9.442284696404238, 39.126983400985523 ], [ 9.245950298411511, 39.222308024119741 ], [ 9.081232434978963, 39.200408294029117 ], [ 9.021297922039242, 39.140279303012683 ], [ 9.038469986501713, 39.050629511015622 ], [ 9.018766109157523, 38.99749654253381 ], [ 8.851089584492636, 38.888629751534296 ], [ 8.73430931449793, 38.924868935297638 ], [ 8.629570110246446, 38.905601155441296 ], [ 8.556992199836456, 39.035065046717108 ], [ 8.479005531432035, 39.068106566402776 ], [ 8.433254695983193, 38.969905737758523 ], [ 8.380845972080756, 38.997533224460483 ], [ 8.353343439461117, 39.083785666831204 ], [ 8.451478296132349, 39.102992081978343 ], [ 8.386530679625645, 39.219177528173233 ], [ 8.420708470633389, 39.299390935964418 ], [ 8.393667053674861, 39.454960761952925 ], [ 8.453126149456121, 39.569039751721007 ], [ 8.4582657055185, 39.726086967058563 ], [ 8.50225472443717, 39.713007208043663 ], [ 8.548107067905343, 39.814355134037093 ], [ 8.542518730360353, 39.876222262199626 ], [ 8.503180822544348, 39.9036182488923 ], [ 8.433392622505401, 39.882871918850753 ], [ 8.403343088231013, 39.915558466433374 ], [ 8.409636990544968, 40.025272871393945 ], [ 8.483826903401331, 40.092892813564035 ], [ 8.461626595950113, 40.169290679276408 ], [ 8.474439455487746, 40.289878797226486 ], [ 8.392271468418755, 40.346512815342535 ], [ 8.399809168067803, 40.407568301094649 ], [ 8.29754530003822, 40.561241638215009 ], [ 8.17336407946074, 40.626179407470687 ], [ 8.165484003580767, 40.755553862377006 ], [ 8.213062927575066, 40.91135453855523 ], [ 8.352341560146836, 40.851798089566728 ], [ 8.590161687275312, 40.85094208150435 ], [ 8.80410036627455, 40.9432240214405 ], [ 9.191054392635381, 41.223368431683788 ], [ 9.30003148152689, 41.230025072707306 ], [ 9.342752049540994, 41.268512047584572 ], [ 9.380476158536297, 41.220668323623848 ], [ 9.461494067383777, 41.214951372147418 ], [ 9.462001809028017, 41.149217309574446 ], [ 9.53550465511111, 41.100749307017729 ], [ 9.590478940442349, 40.931592316032173 ] ] ], [ [ [ 8.348982345255486, 41.074381631440282 ], [ 8.309786904071869, 41.050194524233206 ], [ 8.263533807613857, 41.099669069833205 ], [ 8.319967061566697, 41.116593134543095 ], [ 8.348982345255486, 41.074381631440282 ] ] ], [ [ [ 8.266532498352991, 40.995707940293819 ], [ 8.23343253571182, 40.978817871032042 ], [ 8.203480253144088, 41.002213192887545 ], [ 8.224113048045202, 41.043771582417904 ], [ 8.266532498352991, 40.995707940293819 ] ] ], [ [ [ 8.310877305564512, 39.109284960163528 ], [ 8.261860766496286, 39.101644992454666 ], [ 8.207443098141487, 39.147298809303216 ], [ 8.306649144535527, 39.187074640833814 ], [ 8.310877305564512, 39.109284960163528 ] ] ] ] } },
{ "type": "Feature", "properties": { "id": "MT", "name": "Malta" }, "geometry": { "type": "MultiPolygon", "coordinates": [ [ [ [ 14.500529379115363, 35.886344027734637 ], [ 14.545329099199028, 35.890686386814792 ], [ 14.564253390498665, 35.877483507932915 ], [ 14.567220565238449, 35.845497021129873 ], [ 14.500316562121649, 35.8117177036561 ], [ 14.430229653725648, 35.826297284035526 ], [ 14.360122795581963, 35.863460885440453 ], [ 14.336948143085211, 35.886533681129649 ], [ 14.344424401487503, 35.987288755361817 ], [ 14.370196103609604, 35.987873030138644 ], [ 14.389762445864019, 35.957817918858929 ], [ 14.489682626827042, 35.930393460509734 ], [ 14.500529379115363, 35.886344027734637 ] ] ], [ [ [ 14.519726416425698, 35.902657303266018 ], [ 14.511120436678249, 35.893120109349866 ], [ 14.505758477340937, 35.899059241958611 ], [ 14.519726416425698, 35.902657303266018 ] ] ], [ [ [ 14.327773062319491, 36.034863977328712 ], [ 14.230643786025766, 36.021203736576581 ], [ 14.187471519401155, 36.036581992481921 ], [ 14.191377417735271, 36.062036244559991 ], [ 14.212801765728127, 36.079846627572827 ], [ 14.265192730042124, 36.072805177298129 ], [ 14.327773062319491, 36.034863977328712 ] ] ] ] } },
{ "type": "Feature", "properties": { "id": "LI", "name": "Liechtenstein" }, "geometry": { "type": "Polygon", "coordinates": [ [ [ 9.630707947648764, 47.091965073939214 ], [ 9.607078007215934, 47.060774530370892 ], [ 9.476047355473506, 47.051797490728305 ], [ 9.512246786361596, 47.085359648964882 ], [ 9.515219953935688, 47.121946060678262 ], [ 9.487607900294439, 47.190294411659458 ], [ 9.530749051451899, 47.270581012081259 ], [ 9.555658633438627, 47.252738838888945 ], [ 9.573164515590028, 47.187838440270738 ], [ 9.620580375481051, 47.151645494005862 ], [ 9.630707947648764, 47.091965073939214 ] ] ] } },
{ "type": "Feature", "properties": { "id": "LT", "name": "Lithuania" }, "geometry": { "type": "MultiPolygon", "coordinates": [ [ [ [ 24.89305390460876, 56.442906159901575 ], [ 25.082541007221991, 56.199021715266916 ], [ 25.171266373735612, 56.17424691837104 ], [ 25.671913037577273, 56.13997667667514 ], [ 25.707545919896535, 56.083384283290947 ], [ 25.821386271179843, 56.052178952058455 ], [ 25.868883992444086, 56.004568536667406 ], [ 26.046154367528185, 55.944105950114768 ], [ 26.38194708992906, 55.713177240322402 ], [ 26.630367927387123, 55.680575783564485 ], [ 26.632426319666219, 55.608186989959094 ], [ 26.551843793826876, 55.513009007796889 ], [ 26.516836102815933, 55.361461327045227 ], [ 26.774397540871774, 55.296778779528921 ], [ 26.649184667436774, 55.154366690217699 ], [ 26.344471382222597, 55.145787535235371 ], [ 26.25436557793261, 55.108690848850316 ], [ 26.208658245541152, 54.997426447790502 ], [ 25.874324215734859, 54.926385459888458 ], [ 25.751852898088185, 54.822770382203096 ], [ 25.735411125494871, 54.689887599102498 ], [ 25.755484094471594, 54.583614953686393 ], [ 25.638004190885464, 54.476861691394774 ], [ 25.556665890689015, 54.327654727079583 ], [ 25.678813448643414, 54.315468727593696 ], [ 25.753685812626941, 54.26052333465811 ], [ 25.760447918514675, 54.166493066803866 ], [ 25.644694614873522, 54.136601544474139 ], [ 25.543024137161826, 54.158815973923375 ], [ 25.558952919461291, 54.261993742770734 ], [ 25.492307567205096, 54.302506161724168 ], [ 25.226058645494934, 54.251957594948856 ], [ 25.067784863440608, 54.139019582449407 ], [ 24.95163065646743, 54.166223254488258 ], [ 24.835949670841213, 54.149027403380202 ], [ 24.785900928379135, 54.109941079305024 ], [ 24.822885060364968, 54.017672821651111 ], [ 24.723917456934828, 53.967639701961787 ], [ 24.658820311529087, 54.010229710243948 ], [ 24.447521330601752, 53.910321889644209 ], [ 24.365557127802205, 53.899625664667077 ], [ 24.201624574037464, 53.969946403293882 ], [ 24.08797318392449, 53.938794636569156 ], [ 23.833971809866103, 53.953027788012037 ], [ 23.79081657438774, 53.906663044213815 ], [ 23.514649981027137, 53.956560135641361 ], [ 23.492002642539457, 53.997457202952432 ], [ 23.523961918536706, 54.061099751616297 ], [ 23.481990775440796, 54.149695905015378 ], [ 23.321498450982055, 54.253325926027742 ], [ 23.066790966603065, 54.309189748760595 ], [ 23.002049964526037, 54.38368048293141 ], [ 22.848411259500228, 54.401745194156135 ], [ 22.792011657932466, 54.363377298835339 ], [ 22.704333209043561, 54.466943395467432 ], [ 22.696371003518127, 54.587382140650384 ], [ 22.737884736984, 54.630539779711569 ], [ 22.748475165355803, 54.727019006853446 ], [ 22.849610905474393, 54.771609596813178 ], [ 22.874451277279025, 54.817129719632092 ], [ 22.838397779185406, 54.894816335715156 ], [ 22.702963112219607, 54.973497220125978 ], [ 22.638979236400434, 54.980917276843535 ], [ 22.588967914679177, 55.070251634234829 ], [ 22.473806303600071, 55.047475257302601 ], [ 22.2773316723938, 55.064251059744457 ], [ 22.068940958467273, 55.033338348671229 ], [ 22.02281119692158, 55.078035250932558 ], [ 21.867281615434436, 55.094340923909449 ], [ 21.651071036114136, 55.17998357930302 ], [ 21.497187479574169, 55.193863241570561 ], [ 21.380284033614135, 55.285980704895749 ], [ 21.272059243898074, 55.245401727269474 ], [ 21.288168512189948, 55.306289090029743 ], [ 21.241573209912492, 55.352243013873071 ], [ 21.211153424141752, 55.35849271030343 ], [ 21.244757508369123, 55.416808146297043 ], [ 21.250866969412765, 55.466274917673275 ], [ 21.13334414013454, 55.670151429321393 ], [ 21.100656286603922, 55.415225922996811 ], [ 20.984297304329836, 55.277525434792011 ], [ 20.954232327642707, 55.280822049465066 ], [ 21.071898704421578, 55.455878637492219 ], [ 21.098330626130423, 55.54524959673207 ], [ 21.104147675431392, 55.667425056190361 ], [ 21.058289069677116, 55.855177091778714 ], [ 21.064573398427473, 56.069163504886248 ], [ 21.201662950908375, 56.08560818733617 ], [ 21.226957849821822, 56.146124612432267 ], [ 21.511983555376077, 56.294705015454774 ], [ 21.978208905674155, 56.385142956747565 ], [ 22.023567659938422, 56.418714809121923 ], [ 22.134435204068531, 56.429720145709425 ], [ 22.635563693656504, 56.368167980985532 ], [ 22.86117548859502, 56.369302590623185 ], [ 22.920516840036306, 56.399142863012329 ], [ 22.990391235321116, 56.403727027002716 ], [ 23.027992377400601, 56.338712556023054 ], [ 23.093298698564467, 56.304705949068342 ], [ 23.193655850452075, 56.365823877904141 ], [ 23.321518819782018, 56.380685003476508 ], [ 23.528860350501485, 56.336240644163631 ], [ 23.738796280918763, 56.369703741739755 ], [ 23.779751842775369, 56.330807089999524 ], [ 24.017727441517337, 56.32942540217217 ], [ 24.04840607745442, 56.299012623228172 ], [ 24.04730019852877, 56.279964066990033 ], [ 24.151799912999245, 56.253348453940198 ], [ 24.301626073603646, 56.295907994332879 ], [ 24.447340868396619, 56.263431165314685 ], [ 24.567875305786306, 56.29136128890876 ], [ 24.642381616890315, 56.372256529323565 ], [ 24.89305390460876, 56.442906159901575 ] ] ], [ [ [ 21.239606765894891, 55.347152147189149 ], [ 21.229907955400712, 55.345958226998171 ], [ 21.239325828327026, 55.35033921633319 ], [ 21.239606765894891, 55.347152147189149 ] ] ] ] } },
{ "type": "Feature", "properties": { "id": "LU", "name": "Luxembourg" }, "geometry": { "type": "Polygon", "coordinates": [ [ [ 6.024899633938699, 50.182779390294222 ], [ 6.137662259454002, 50.129951505348018 ], [ 6.126924857648275, 50.029131931898675 ], [ 6.244290075459821, 49.897646893308163 ], [ 6.326949510284004, 49.844938105269208 ], [ 6.474962737645637, 49.821275076008227 ], [ 6.510930899579578, 49.782459039788762 ], [ 6.500915892253473, 49.718307896809321 ], [ 6.432479861330182, 49.661634478248189 ], [ 6.380052606148396, 49.551105031055627 ], [ 6.367107613804149, 49.469506980058611 ], [ 6.202954885080528, 49.506211990205152 ], [ 6.142114074628033, 49.497587573754636 ], [ 6.095661675560491, 49.458466694454117 ], [ 6.011492927139766, 49.449669327110705 ], [ 5.956040613470269, 49.494457536992506 ], [ 5.893386024111964, 49.496944628654013 ], [ 5.818116879399927, 49.546310570859227 ], [ 5.860620763554787, 49.573466834213981 ], [ 5.89900555601185, 49.657432167949075 ], [ 5.871741174391857, 49.716157466161349 ], [ 5.758110992321038, 49.802669494155481 ], [ 5.746363995092075, 49.853614451826076 ], [ 5.77365174136029, 49.94483085845296 ], [ 5.825047283498458, 49.979368941622262 ], [ 5.896343958511147, 50.103507193526724 ], [ 6.024899633938699, 50.182779390294222 ] ] ] } },
{ "type": "Feature", "properties": { "id": "LV", "name": "Latvia" }, "geometry": { "type": "Polygon", "coordinates": [ [ [ 25.193188666811338, 58.077065392375943 ], [ 25.279978057206584, 57.997025874275423 ], [ 25.296809749701424, 58.072180047565141 ], [ 25.625261103512518, 57.929708997954322 ], [ 25.768295227924643, 57.909728024442146 ], [ 25.844640864730788, 57.859379000059107 ], [ 26.02460369180459, 57.84894403764573 ], [ 26.048620780216783, 57.828327233064563 ], [ 26.037524634018165, 57.773541212133708 ], [ 26.18660745138941, 57.716004658885879 ], [ 26.278453884286137, 57.601604026581967 ], [ 26.461842898543868, 57.570595671192144 ], [ 26.526623015139805, 57.520544657122464 ], [ 26.611027066403615, 57.52208927051764 ], [ 26.910309108874621, 57.628358287967735 ], [ 27.351577279489639, 57.518273513010165 ], [ 27.54563953180271, 57.534128383498796 ], [ 27.560810229050876, 57.505086682029493 ], [ 27.533155053646631, 57.425340099456989 ], [ 27.841891216950135, 57.31060427981803 ], [ 27.866576106954401, 57.266044328892242 ], [ 27.81638629324312, 57.153073217818282 ], [ 27.765036990375396, 57.122036745548755 ], [ 27.724821466048919, 57.019371179870127 ], [ 27.75447377159167, 56.967158576693706 ], [ 27.687074641623713, 56.904183898487233 ], [ 27.667338982153833, 56.84527698385233 ], [ 27.844677120891706, 56.872277370926298 ], [ 27.96520921059729, 56.823792239200145 ], [ 27.91394301989477, 56.746437283250465 ], [ 28.049131491195251, 56.597577839246348 ], [ 28.125079522135294, 56.571065314383361 ], [ 28.107702459338764, 56.514516058792815 ], [ 28.188659741648451, 56.43776543117292 ], [ 28.176984243303451, 56.374826782339056 ], [ 28.231573063486191, 56.280645724774857 ], [ 28.154555436086515, 56.169843616264679 ], [ 27.970638057333886, 56.112927574991723 ], [ 27.782480030666882, 55.980933158141092 ], [ 27.663200356637635, 55.932065460295014 ], [ 27.600122753381989, 55.789495190781153 ], [ 27.365307853264071, 55.809087503283351 ], [ 27.274168464396862, 55.790945415244458 ], [ 27.135504746965786, 55.847917582059615 ], [ 26.947923887736032, 55.798876213203179 ], [ 26.866956031182898, 55.717244735838285 ], [ 26.782213255939482, 55.68430618297451 ], [ 26.672502521923345, 55.704815180719798 ], [ 26.630367927387123, 55.680575783564485 ], [ 26.38194708992906, 55.713177240322402 ], [ 26.046154367528185, 55.944105950114768 ], [ 25.868883992444086, 56.004568536667406 ], [ 25.821386271179843, 56.052178952058455 ], [ 25.707545919896535, 56.083384283290947 ], [ 25.671913037577273, 56.13997667667514 ], [ 25.171266373735612, 56.17424691837104 ], [ 25.082541007221991, 56.199021715266916 ], [ 24.89305390460876, 56.442906159901575 ], [ 24.642381616890315, 56.372256529323565 ], [ 24.567875305786306, 56.29136128890876 ], [ 24.447340868396619, 56.263431165314685 ], [ 24.301626073603646, 56.295907994332879 ], [ 24.151799912999245, 56.253348453940198 ], [ 24.04730019852877, 56.279964066990033 ], [ 24.04840607745442, 56.299012623228172 ], [ 24.017727441517337, 56.32942540217217 ], [ 23.779751842775369, 56.330807089999524 ], [ 23.738796280918763, 56.369703741739755 ], [ 23.528860350501485, 56.336240644163631 ], [ 23.321518819782018, 56.380685003476508 ], [ 23.193655850452075, 56.365823877904141 ], [ 23.093298698564467, 56.304705949068342 ], [ 23.027992377400601, 56.338712556023054 ], [ 22.990391235321116, 56.403727027002716 ], [ 22.920516840036306, 56.399142863012329 ], [ 22.86117548859502, 56.369302590623185 ], [ 22.635563693656504, 56.368167980985532 ], [ 22.134435204068531, 56.429720145709425 ], [ 22.023567659938422, 56.418714809121923 ], [ 21.978208905674155, 56.385142956747565 ], [ 21.511983555376077, 56.294705015454774 ], [ 21.226957849821822, 56.146124612432267 ], [ 21.201662950908375, 56.08560818733617 ], [ 21.064573398427473, 56.069163504886248 ], [ 20.990180825570238, 56.211395284821137 ], [ 20.97443486657151, 56.352592997569189 ], [ 20.996957014441346, 56.545492364223776 ], [ 21.053349789888703, 56.688824401357778 ], [ 21.058510837779654, 56.823878067228051 ], [ 21.375957153572024, 57.011372842120004 ], [ 21.413908828611824, 57.076231696081535 ], [ 21.425434217193047, 57.292839538655286 ], [ 21.724475664736914, 57.57417058820581 ], [ 22.020356443754171, 57.609751053323897 ], [ 22.589119123896047, 57.753109498357865 ], [ 22.582760534388239, 57.661409268280408 ], [ 22.624584392043619, 57.599698361646375 ], [ 22.954375206392822, 57.411762396814567 ], [ 23.12180592533058, 57.35675480584927 ], [ 23.259668110382201, 57.093400980991547 ], [ 23.485313328556252, 57.030691241355562 ], [ 23.552945562451882, 56.979896873825012 ], [ 23.791378751127706, 56.976538253827101 ], [ 24.176225274953964, 57.108124984754149 ], [ 24.339403918488742, 57.195788862162523 ], [ 24.407687300589327, 57.283413585885967 ], [ 24.378565946830268, 57.621595116480066 ], [ 24.345374674012103, 57.714614314413232 ], [ 24.353252565829873, 57.876085498557728 ], [ 24.435608240864518, 57.873811745658841 ], [ 24.471196673463663, 57.920652850459668 ], [ 24.5694879401691, 57.953567854491922 ], [ 24.850333021239496, 57.97926600784664 ], [ 25.193188666811338, 58.077065392375943 ] ] ] } },
{ "type": "Feature", "properties": { "id": "ME", "name": "Montenegro" }, "geometry": { "type": "Polygon", "coordinates": [ [ [ 18.525291915855671, 42.420556032416435 ], [ 18.453513356902008, 42.482216267861141 ], [ 18.438103880178378, 42.555705067591333 ], [ 18.532603358408185, 42.588316248456806 ], [ 18.559386708672218, 42.650472836253044 ], [ 18.551090711573345, 42.712104799143709 ], [ 18.467476286632522, 42.790961124047975 ], [ 18.495683250656597, 42.971313454863662 ], [ 18.543690235083805, 43.018708662243498 ], [ 18.650909548457651, 43.04578697117806 ], [ 18.686030865745167, 43.225347630462437 ], [ 18.713930903317937, 43.267838285758295 ], [ 18.867171252917505, 43.352117662597088 ], [ 18.937665512528032, 43.340952665979721 ], [ 19.000604306565872, 43.261017057596284 ], [ 19.069837498894895, 43.314364559930723 ], [ 18.946011134138914, 43.518069373464101 ], [ 19.005687284446623, 43.545514336350962 ], [ 19.062388800707648, 43.512122221678638 ], [ 19.224123169478361, 43.527485998026748 ], [ 19.239383531549127, 43.47567906041585 ], [ 19.43578731279219, 43.387881750135257 ], [ 19.552091808420272, 43.251657656389568 ], [ 19.592381522590976, 43.225347630726901 ], [ 19.963315514462362, 43.09373154962104 ], [ 20.063936273520447, 43.006824145680859 ], [ 20.325261587309747, 42.90827783534106 ], [ 20.352928393310513, 42.833381369122392 ], [ 20.276033305591358, 42.820430668837552 ], [ 20.220678444231456, 42.754434941686519 ], [ 20.02893804426045, 42.756776527767684 ], [ 20.033005659492993, 42.708095786700774 ], [ 20.097412697789672, 42.656225097049038 ], [ 20.076299916480593, 42.555823530729434 ], [ 19.830933205619505, 42.466384167651441 ], [ 19.759323357358543, 42.518179896616935 ], [ 19.763127663388826, 42.610668415648881 ], [ 19.714121447255152, 42.652434291606006 ], [ 19.644908107297489, 42.610262493543644 ], [ 19.484940713966093, 42.408363145106911 ], [ 19.425430424136362, 42.370686327267165 ], [ 19.420086848735725, 42.329745320133071 ], [ 19.292248812529621, 42.182082756977138 ], [ 19.387165616019772, 42.109753995341237 ], [ 19.372528224583132, 41.844148059695875 ], [ 19.17551617636552, 41.942865848396032 ], [ 19.073056820058618, 42.11302685527582 ], [ 18.891862498564322, 42.259496344645889 ], [ 18.761607504151193, 42.288802341766903 ], [ 18.689066152599832, 42.369943943728039 ], [ 18.590196063609365, 42.383427486600702 ], [ 18.546944946227416, 42.445604152422426 ], [ 18.525291915855671, 42.420556032416435 ] ] ] } },
{ "type": "Feature", "properties": { "id": "MK", "name": "North Macedonia" }, "geometry": { "type": "Polygon", "coordinates": [ [ [ 22.360206291819384, 42.311157164360239 ], [ 22.510411952468537, 42.155158453196933 ], [ 22.66119596628241, 42.073034126665199 ], [ 22.867214076469004, 42.02219965774492 ], [ 22.901933665951198, 41.877642067681997 ], [ 23.006274148675335, 41.754288799322168 ], [ 23.013414726986888, 41.691821891569596 ], [ 22.95428347179266, 41.631006791277677 ], [ 22.968327256442915, 41.519835642995851 ], [ 22.959701809137872, 41.365455194922276 ], [ 22.927591411164041, 41.338539330316252 ], [ 22.799353129911378, 41.34089947340096 ], [ 22.779613253161155, 41.327059134035537 ], [ 22.757236831193975, 41.302991106564541 ], [ 22.748710886523931, 41.173064974658281 ], [ 22.708616873843276, 41.150722835440611 ], [ 22.666470054781563, 41.186339606386923 ], [ 22.605696166522574, 41.126569031569353 ], [ 22.332051845521679, 41.120272519843418 ], [ 22.216216165370927, 41.170457396084025 ], [ 22.140400395275087, 41.132597359521029 ], [ 22.056775546114245, 41.150788294486787 ], [ 21.929438063566312, 41.100350402714973 ], [ 21.7873777739993, 40.931125359895717 ], [ 21.697743297469035, 40.935348084175317 ], [ 21.586049420175673, 40.870194650975833 ], [ 21.502939050508914, 40.910607339940121 ], [ 21.119612153603477, 40.854682876503446 ], [ 20.980204391010304, 40.855665050155736 ], [ 20.97766373757997, 40.889660836816972 ], [ 20.837822960861462, 40.927682925489805 ], [ 20.732362154110742, 40.911645677600248 ], [ 20.670625842817678, 41.087351597102483 ], [ 20.597745022582746, 41.092033495586875 ], [ 20.581168268258903, 41.155729618000137 ], [ 20.520858933436237, 41.227640139779894 ], [ 20.501660206407621, 41.317153905766396 ], [ 20.560362917349984, 41.408458344608668 ], [ 20.469837292139871, 41.529720798930029 ], [ 20.557773818133761, 41.58187049560982 ], [ 20.525658727354347, 41.720437900711943 ], [ 20.573575608608255, 41.798247811763851 ], [ 20.562872105583946, 41.846136605954882 ], [ 20.594285897901997, 41.877327465695835 ], [ 20.727972573104399, 41.864277175923384 ], [ 20.772944172012391, 41.926757894658294 ], [ 20.752694282816229, 42.009876986686983 ], [ 20.775823387767659, 42.067424659331785 ], [ 21.049343404658767, 42.166252394406058 ], [ 21.101016422235595, 42.200118924418057 ], [ 21.150845532204627, 42.197024414329533 ], [ 21.212697331110597, 42.110700990520591 ], [ 21.248181562503024, 42.092498553535172 ], [ 21.321326160224825, 42.108013520910546 ], [ 21.314114591589956, 42.159457378864644 ], [ 21.377179691386949, 42.238032065094252 ], [ 21.444318747690836, 42.23493032693267 ], [ 21.464352881860147, 42.273786679880111 ], [ 21.675934671101064, 42.240684998158741 ], [ 21.777148238024573, 42.264997617044642 ], [ 21.844399204530571, 42.315452898157325 ], [ 21.906280586166357, 42.307229931418938 ], [ 21.953965152480361, 42.334736595098548 ], [ 22.065600963443334, 42.298496897187484 ], [ 22.1326913734713, 42.307227009753447 ], [ 22.265965651786377, 42.357523220607504 ], [ 22.360206291819384, 42.311157164360239 ] ] ] } },
{ "type": "Feature", "properties": { "id": "RS", "name": "Serbia" }, "geometry": { "type": "Polygon", "coordinates": [ [ [ 19.698098775235206, 46.187930896303286 ], [ 19.799152130473988, 46.135619516528514 ], [ 19.986285223358156, 46.176051701135641 ], [ 20.264296224765818, 46.126373643191954 ], [ 20.365763218641572, 45.991314457938543 ], [ 20.566811221244173, 45.89871447878771 ], [ 20.718154507944384, 45.753950085671853 ], [ 20.812079995317458, 45.771956339220175 ], [ 20.771405970900627, 45.60618845083922 ], [ 20.821293300146209, 45.540563794156263 ], [ 20.777864383166538, 45.489121880283903 ], [ 20.85264370987138, 45.465393561904932 ], [ 21.016575129315974, 45.324627569155417 ], [ 21.176535787999466, 45.313656588470998 ], [ 21.242846711927491, 45.242565175787661 ], [ 21.479178678685173, 45.193027653081352 ], [ 21.517953164243231, 45.145240165489575 ], [ 21.447650935752453, 45.055452968328979 ], [ 21.37486360111841, 45.011501437333514 ], [ 21.532914818638567, 44.933316445431856 ], [ 21.550651598908644, 44.895493619307508 ], [ 21.385724594178757, 44.864423488871743 ], [ 21.358469960517478, 44.821612129442833 ], [ 21.405628173630436, 44.782229107264413 ], [ 21.580216736110916, 44.7573022787657 ], [ 21.642819487438377, 44.66502874301375 ], [ 21.933753131353978, 44.643828334434346 ], [ 22.012350642172681, 44.602318527698813 ], [ 22.051121543500912, 44.533250676074111 ], [ 22.144703168425092, 44.478114996899635 ], [ 22.190022812823354, 44.496800148415602 ], [ 22.312014287525361, 44.657174015208319 ], [ 22.439393492417466, 44.708708793382776 ], [ 22.601032060550168, 44.624159679148498 ], [ 22.702798826529683, 44.602556901325045 ], [ 22.751330318570083, 44.561612021431003 ], [ 22.744468369869825, 44.535785136767558 ], [ 22.596434761422309, 44.543807165210168 ], [ 22.538812014496585, 44.484344807764252 ], [ 22.466716293651377, 44.460997215200095 ], [ 22.540352099916745, 44.327927156322893 ], [ 22.672399570808359, 44.275059867983543 ], [ 22.675161314798697, 44.215662905919601 ], [ 22.622676878329514, 44.172091332900798 ], [ 22.610748476603622, 44.068167411451761 ], [ 22.41642638524398, 43.998248639457117 ], [ 22.365598466424935, 43.810256737919197 ], [ 22.416337120046876, 43.69447498355477 ], [ 22.476959793814235, 43.645507345084262 ], [ 22.528599958613857, 43.486850728563809 ], [ 22.666975488733261, 43.402747534159275 ], [ 22.7474537952559, 43.386613169232881 ], [ 22.91016550715846, 43.22534763052284 ], [ 23.006209801678111, 43.192878429046175 ], [ 22.973422213730284, 43.111415424447905 ], [ 22.794597469867789, 42.980144864150091 ], [ 22.748399735061533, 42.889787668292826 ], [ 22.515510739200675, 42.868538577692362 ], [ 22.442821703155978, 42.825456536578827 ], [ 22.491183899739898, 42.741078077998601 ], [ 22.447637917487427, 42.572725770973705 ], [ 22.552067213984927, 42.481006989225683 ], [ 22.523658487638581, 42.412076670562428 ], [ 22.360206291819384, 42.311157164360239 ], [ 22.265965651786377, 42.357523220607504 ], [ 22.1326913734713, 42.307227009753447 ], [ 22.065600963443334, 42.298496897187484 ], [ 21.953965152480361, 42.334736595098548 ], [ 21.906280586166357, 42.307229931418938 ], [ 21.844399204530571, 42.315452898157325 ], [ 21.777148238024573, 42.264997617044642 ], [ 21.675934671101064, 42.240684998158741 ], [ 21.464352881860147, 42.273786679880111 ], [ 21.444318747690836, 42.23493032693267 ], [ 21.377179691386949, 42.238032065094252 ], [ 21.314114591589956, 42.159457378864644 ], [ 21.321326160224825, 42.108013520910546 ], [ 21.248181562503024, 42.092498553535172 ], [ 21.212697331110597, 42.110700990520591 ], [ 21.150845532204627, 42.197024414329533 ], [ 21.101016422235595, 42.200118924418057 ], [ 21.049343404658767, 42.166252394406058 ], [ 20.775823387767659, 42.067424659331785 ], [ 20.752694282816229, 42.009876986686983 ], [ 20.772944172012391, 41.926757894658294 ], [ 20.727972573104399, 41.864277175923384 ], [ 20.594285897901997, 41.877327465695835 ], [ 20.619650579678524, 41.973906551014785 ], [ 20.543065801766684, 42.160664943500414 ], [ 20.480168292413854, 42.251328443930639 ], [ 20.253741095841757, 42.340175763175701 ], [ 20.16557679850467, 42.498460991268075 ], [ 20.076299916480593, 42.555823530729434 ], [ 20.097412697789672, 42.656225097049038 ], [ 20.033005659492993, 42.708095786700774 ], [ 20.02893804426045, 42.756776527767684 ], [ 20.220678444231456, 42.754434941686519 ], [ 20.276033305591358, 42.820430668837552 ], [ 20.352928393310513, 42.833381369122392 ], [ 20.325261587309747, 42.90827783534106 ], [ 20.063936273520447, 43.006824145680859 ], [ 19.963315514462362, 43.09373154962104 ], [ 19.592381522590976, 43.225347630726901 ], [ 19.552091808420272, 43.251657656389568 ], [ 19.43578731279219, 43.387881750135257 ], [ 19.239383531549127, 43.47567906041585 ], [ 19.224123169478361, 43.527485998026748 ], [ 19.271803073853569, 43.597767558574319 ], [ 19.498534923588505, 43.590130761487117 ], [ 19.516806831616666, 43.705946771774947 ], [ 19.382694599579143, 43.814116885295718 ], [ 19.243977639105001, 43.988589659261038 ], [ 19.267782780706519, 44.006421471805247 ], [ 19.395507918185768, 43.962624779710744 ], [ 19.508225675072222, 43.959022255097416 ], [ 19.612283786923701, 44.02077974838646 ], [ 19.606041670032592, 44.059386352738414 ], [ 19.497113024463275, 44.099052842694618 ], [ 19.367088419285878, 44.187970562396671 ], [ 19.322116696564898, 44.263763078714753 ], [ 19.171289291377445, 44.290074690859299 ], [ 19.114512172846705, 44.360426772876394 ], [ 19.135916156406594, 44.511016874346822 ], [ 19.284605888564148, 44.673020100126301 ], [ 19.351161595427993, 44.889059352169198 ], [ 19.168761083850281, 44.913661922463106 ], [ 19.022069416566858, 44.855353935858737 ], [ 19.004226812168252, 44.907954131390653 ], [ 19.072834791462814, 44.91242559404045 ], [ 19.144808003838545, 44.9565150067396 ], [ 19.091778672356387, 44.984486066993171 ], [ 19.100363024162775, 45.05545296809661 ], [ 19.087079614567372, 45.132787686034185 ], [ 19.150828951550057, 45.140441302161634 ], [ 19.203940058136382, 45.185738302163905 ], [ 19.266961318436287, 45.17746302271329 ], [ 19.305256548864641, 45.202755794662174 ], [ 19.42525675518722, 45.167717515388475 ], [ 19.417021329619121, 45.226899388285453 ], [ 19.171444547552152, 45.273255806099101 ], [ 18.99256854447183, 45.366167232530657 ], [ 19.001145265577097, 45.477373641319943 ], [ 19.033942110436563, 45.486821378747308 ], [ 19.049214165674737, 45.524018280787971 ], [ 18.920399032042717, 45.572699265448904 ], [ 18.967062415626014, 45.713646396434811 ], [ 18.864512360616228, 45.829702153040301 ], [ 18.889734226918243, 45.921180385274695 ], [ 19.065437055860006, 45.966107892235456 ], [ 19.109328220365633, 46.034569685216049 ], [ 19.164939377629921, 45.998396852318884 ], [ 19.302709396396335, 45.991550553510166 ], [ 19.299194886046926, 46.020495370639622 ], [ 19.423266678424159, 46.053159554046672 ], [ 19.546064741005967, 46.165783980927309 ], [ 19.698098775235206, 46.187930896303286 ] ], [ [ 19.377524233560294, 43.554476935929216 ], [ 19.425478185240568, 43.532529019665517 ], [ 19.4680171750631, 43.560664252337737 ], [ 19.419947632970974, 43.576738352109302 ], [ 19.377524233560294, 43.554476935929216 ] ] ] } },
{ "type": "Feature", "properties": { "id": "SE", "name": "Sweden" }, "geometry": { "type": "MultiPolygon", "coordinates": [ [ [ [ 22.324748346887429, 68.480563508935475 ], [ 22.354763591409679, 68.45280036439172 ], [ 22.425340903891961, 68.461971165242787 ], [ 22.82045227228317, 68.387242330204586 ], [ 23.057719669465836, 68.299464329772903 ], [ 23.141376078481258, 68.234252977136833 ], [ 23.159431333408119, 68.143246930888594 ], [ 23.294108326107278, 68.147989098899174 ], [ 23.393329238244885, 68.04980689934817 ], [ 23.644722632888342, 67.956757035360127 ], [ 23.635754502422508, 67.917740706369173 ], [ 23.488065633123487, 67.847247628574976 ], [ 23.485454616148878, 67.691990636069733 ], [ 23.547397694634288, 67.605138173758036 ], [ 23.413128040539853, 67.482159346562113 ], [ 23.485987076778464, 67.450737948897839 ], [ 23.749643767632559, 67.429291933912168 ], [ 23.759035998917547, 67.323688465870902 ], [ 23.716482346959474, 67.288656492153194 ], [ 23.579136241740752, 67.261561640077844 ], [ 23.56473772194304, 67.167480804072937 ], [ 23.849350815512011, 66.953427343667215 ], [ 23.987101758844954, 66.812728541770724 ], [ 23.89093593609217, 66.756866615174587 ], [ 23.856478275029485, 66.565388141509004 ], [ 23.643906721450854, 66.429149726635657 ], [ 23.678418244083598, 66.387745601155473 ], [ 23.650695820910059, 66.311767970792175 ], [ 23.678824418909294, 66.249438322002419 ], [ 23.739605820846194, 66.19457013482733 ], [ 23.920488986744573, 66.14995899668412 ], [ 23.950166917223861, 66.072322685229295 ], [ 24.110155328406776, 65.921892224877723 ], [ 24.155129181097941, 65.816027029809277 ], [ 23.918506741603316, 65.780553461422727 ], [ 23.701285171349561, 65.818479443528261 ], [ 23.477943808319452, 65.809475355722853 ], [ 23.391864542995393, 65.777265396294695 ], [ 23.264196199814759, 65.799579237101852 ], [ 23.22117534323694, 65.736668022022826 ], [ 23.129395792066646, 65.723829812477078 ], [ 22.74213992697344, 65.858906608820988 ], [ 22.651369009484785, 65.780691221129516 ], [ 22.401116486334111, 65.843029786778828 ], [ 22.328638285172094, 65.75940049374303 ], [ 22.35160018902814, 65.568702826586687 ], [ 22.270988731641925, 65.558456246970863 ], [ 22.236356524582593, 65.520122182013807 ], [ 22.163231594491446, 65.538230316864158 ], [ 22.031596609952189, 65.500864017587944 ], [ 21.956394542100806, 65.425723933780574 ], [ 21.815263610069188, 65.378180067797075 ], [ 21.626154235088485, 65.386639049622531 ], [ 21.657322593344521, 65.293061683841088 ], [ 21.564708085387714, 65.211585799538014 ], [ 21.565036904300122, 65.088406624092556 ], [ 21.514248620291895, 65.074615181889897 ], [ 21.498667133066405, 65.038393178987548 ], [ 21.450854423551995, 65.05869328515908 ], [ 21.422086326468332, 65.015280951684005 ], [ 21.26662174640558, 64.942753376092497 ], [ 21.223748410967289, 64.87576579450014 ], [ 21.100281064354487, 64.817392513064476 ], [ 21.125298861896802, 64.784200485692793 ], [ 21.229340189904008, 64.755050663757643 ], [ 21.224946427374018, 64.659043186929523 ], [ 21.251934105190422, 64.624748615872562 ], [ 21.456090985549253, 64.565233322096972 ], [ 21.47706095852579, 64.539788049084891 ], [ 21.452543605786914, 64.505849960146918 ], [ 21.578390938785958, 64.446498349607339 ], [ 21.43050858863333, 64.352455400070241 ], [ 21.038332371933809, 64.181837469961607 ], [ 20.973692458007292, 64.127725445721381 ], [ 20.867929290422389, 63.968808126185159 ], [ 20.687328050548338, 63.821057346517712 ], [ 20.574918004026149, 63.766372755973315 ], [ 20.493578514319818, 63.792179011041938 ], [ 20.391509687559445, 63.703302332850882 ], [ 20.334921203386994, 63.713880750912999 ], [ 20.246111824512642, 63.663022289859391 ], [ 20.008851754103002, 63.644916215972849 ], [ 19.791875902044417, 63.545061339823313 ], [ 19.71032968917428, 63.453556026725906 ], [ 19.493145133988918, 63.547639926450444 ], [ 19.454432542742325, 63.445847145481892 ], [ 19.286284184827942, 63.469141413766472 ], [ 19.206809601066322, 63.337362477702179 ], [ 19.072600210913933, 63.23853655658106 ], [ 18.986418068380562, 63.220784218745543 ], [ 18.8480563344804, 63.240434937608129 ], [ 18.719237229542259, 63.178888883090806 ], [ 18.684373929569144, 63.127882459322073 ], [ 18.586439289961735, 63.133765208072937 ], [ 18.518376229164328, 63.064564853084001 ], [ 18.415589066182765, 63.025326301515584 ], [ 18.439455904337485, 62.94878397842708 ], [ 18.423659054294333, 62.896022652402195 ], [ 18.235837248589426, 62.847374841971089 ], [ 17.9659969387532, 62.58035723255604 ], [ 17.74693613189795, 62.484400095075621 ], [ 17.685246720196165, 62.427484946743739 ], [ 17.541279285814987, 62.438011596950247 ], [ 17.50697633081078, 62.393669509707557 ], [ 17.43153610428293, 62.371929602753831 ], [ 17.430841578668893, 62.333704979751431 ], [ 17.52144431605744, 62.256113544216575 ], [ 17.489299915586155, 62.13695038653097 ], [ 17.349622285857773, 61.880367887412419 ], [ 17.39873601191978, 61.754261912075457 ], [ 17.480647692799963, 61.66792166366541 ], [ 17.384052469049596, 61.614596071249125 ], [ 17.327848096467601, 61.668532646901049 ], [ 17.236456346572577, 61.688518291049391 ], [ 17.162236167466695, 61.53094261944716 ], [ 17.167085792252688, 61.441287186708379 ], [ 17.129661158449114, 61.400519517582126 ], [ 17.205919238142375, 61.297539228558861 ], [ 17.169068603317481, 61.175223466266992 ], [ 17.203638965466496, 61.005847345630166 ], [ 17.13253785435181, 60.899785229933094 ], [ 17.209109638266707, 60.903644599552891 ], [ 17.271751350302296, 60.85282586570716 ], [ 17.310466775540991, 60.77021255945079 ], [ 17.277102239273916, 60.697137975547399 ], [ 17.370110049420123, 60.654441775837164 ], [ 17.632266721743783, 60.635766201105923 ], [ 17.606154140352452, 60.576296467388168 ], [ 17.712607500032291, 60.520204403824103 ], [ 17.784309800858914, 60.567752700694228 ], [ 17.969587053324524, 60.612424245675513 ], [ 18.004496688632187, 60.578751715681719 ], [ 18.014353834462039, 60.510176636784536 ], [ 18.27653843319781, 60.351870082175878 ], [ 18.393760502437154, 60.345946958533126 ], [ 18.416275160397621, 60.359586006572215 ], [ 18.37894497701587, 60.493581341433703 ], [ 18.400678739486636, 60.511366740378953 ], [ 18.4918981270683, 60.383112102866519 ], [ 18.569740034219752, 60.342999333391809 ], [ 18.551745451380651, 60.285177147428811 ], [ 18.60403472896542, 60.214293880805442 ], [ 18.513265769258705, 60.148089051373873 ], [ 18.783403425877879, 60.12394982170678 ], [ 18.957414768549153, 59.915858632204909 ], [ 18.93870934086582, 59.851046461780577 ], [ 19.014213789393509, 59.838242718611717 ], [ 18.975471512143667, 59.727382865217656 ], [ 18.765531471754308, 59.644055673389524 ], [ 18.597549372072162, 59.501476448787407 ], [ 18.342625072205763, 59.413663431126963 ], [ 18.399528395446644, 59.381598106444073 ], [ 18.628808843119639, 59.39912784009411 ], [ 18.687765407602349, 59.340307338599601 ], [ 18.664684320426439, 59.285857347575337 ], [ 18.555803854094783, 59.24791536738725 ], [ 18.3809083097251, 59.255555584448558 ], [ 18.33533827289903, 59.142709896539344 ], [ 18.185185720831722, 59.062993115279518 ], [ 18.160767379750578, 59.00028348673311 ], [ 18.111453962651161, 58.991846665651018 ], [ 18.085314896458858, 59.02993377451282 ], [ 17.906706967040186, 58.888503554219078 ], [ 17.823413582655004, 58.906520829430974 ], [ 17.717099889266336, 58.978481519804035 ], [ 17.57239609753551, 58.950852406549394 ], [ 17.583647814181429, 58.899874980176811 ], [ 17.497294972688529, 58.834489912577098 ], [ 17.47348650032886, 58.763300392142042 ], [ 17.412174573108651, 58.784844752507112 ], [ 17.219584893696986, 58.724327606257241 ], [ 17.11577063986833, 58.737566491100409 ], [ 17.108046325522473, 58.671555262282183 ], [ 17.009484508164643, 58.636878476662439 ], [ 16.749447249686931, 58.626945073985745 ], [ 16.843136519438868, 58.506985869905122 ], [ 16.742855311695891, 58.421520572977862 ], [ 16.809187950288528, 58.348749402671544 ], [ 16.820088501378297, 58.14703399738454 ], [ 16.755009950707461, 58.055910660642184 ], [ 16.666730797749331, 57.996029701561042 ], [ 16.781476117496343, 57.984619654592592 ], [ 16.802807005757817, 57.952449881290903 ], [ 16.787130590333224, 57.879524487209125 ], [ 16.710932435552103, 57.839987792058395 ], [ 16.677141469830996, 57.766413276091292 ], [ 16.697567228761137, 57.675088745381608 ], [ 16.592057432766762, 57.581825572838476 ], [ 16.669370166839034, 57.507720571304262 ], [ 16.687790082590869, 57.439977913919819 ], [ 16.49739875453832, 57.275410723198725 ], [ 16.479146966664572, 57.185005340582165 ], [ 16.543886893153346, 57.059991327378214 ], [ 16.453733959139047, 56.964198305881951 ], [ 16.36364246881589, 56.686167943263349 ], [ 16.243009252271772, 56.607463995155491 ], [ 15.984822518364981, 56.204091382142003 ], [ 15.856714309855562, 56.099287366889634 ], [ 15.81556945265967, 56.10312323317202 ], [ 15.788010332822234, 56.143892934816371 ], [ 15.763820519724277, 56.06711273293233 ], [ 15.665368124130991, 56.09883684737175 ], [ 15.700057963779306, 56.164171834985282 ], [ 15.586706320815274, 56.190428034828351 ], [ 15.344611162471239, 56.133755255336325 ], [ 15.267723316478621, 56.1641850652071 ], [ 14.717982184680215, 56.154687237286979 ], [ 14.694885622336887, 56.119151183384183 ], [ 14.757701752821268, 56.035026158446513 ], [ 14.707547446519349, 56.003094551498108 ], [ 14.643614327800536, 56.006757771357712 ], [ 14.546399421657609, 56.061317655991928 ], [ 14.351637154013781, 55.955168574214639 ], [ 14.210812729238276, 55.807787657160084 ], [ 14.206950789565855, 55.709308637270745 ], [ 14.353975494788559, 55.54092985707571 ], [ 14.181034898938536, 55.383012257858901 ], [ 14.063038878093966, 55.382523868841737 ], [ 13.917835480663646, 55.430900780687018 ], [ 13.667079508503484, 55.420314648999963 ], [ 13.353618300707144, 55.339540073072854 ], [ 13.031299385332396, 55.382042841564854 ], [ 12.947454807231669, 55.410662681067386 ], [ 12.90395418563312, 55.56031515657947 ], [ 13.049321750241132, 55.641426721626928 ], [ 13.061189496526184, 55.669691842011304 ], [ 13.051892676433521, 55.694347626211858 ], [ 12.917721461634414, 55.753895388935575 ], [ 12.914022625755653, 55.826628069774657 ], [ 12.819410978887399, 55.858997843047888 ], [ 12.804858956404912, 55.902167857807562 ], [ 12.572920758936306, 56.147145093788417 ], [ 12.505056855469388, 56.280598867651726 ], [ 12.788006500944576, 56.235087324081931 ], [ 12.81303357463254, 56.270931764215312 ], [ 12.726100070133917, 56.360309933459426 ], [ 12.650498492003701, 56.391932247142684 ], [ 12.636726430649029, 56.420460209727544 ], [ 12.726100070130336, 56.465667455508772 ], [ 12.843511896479921, 56.436188642706057 ], [ 12.899312826293668, 56.449004502844211 ], [ 12.937379827677235, 56.540917355897648 ], [ 12.900606133489378, 56.618513694338851 ], [ 12.841651696413717, 56.65417711172941 ], [ 12.726100070215255, 56.653981535903107 ], [ 12.630318313026114, 56.744401765163872 ], [ 12.586333734256508, 56.831546689865 ], [ 12.369450193378162, 56.923588630208528 ], [ 12.342557503964082, 57.007878196757609 ], [ 12.204745360943704, 57.121825469510384 ], [ 12.221730981359286, 57.154567903343398 ], [ 12.116260258458869, 57.239338169553562 ], [ 12.15995314058304, 57.303694973435668 ], [ 12.082728612301166, 57.346900119857779 ], [ 12.110620621187156, 57.388782389154173 ], [ 12.094076469751025, 57.43250594242425 ], [ 12.053237051417007, 57.44078905118289 ], [ 12.001918789389894, 57.359017086619865 ], [ 11.923803778369347, 57.400420468200814 ], [ 11.922900753585283, 57.562223015194483 ], [ 11.83926065408591, 57.681738631956883 ], [ 11.736910376908922, 57.711698448307793 ], [ 11.78475915129613, 57.778444206285293 ], [ 11.713742954756878, 57.867188779375866 ], [ 11.81477304323939, 58.103610627896735 ], [ 11.739784240429579, 58.088391860131736 ], [ 11.741247943076916, 58.026495425070763 ], [ 11.678686168956093, 57.97499812193076 ], [ 11.555602900612067, 57.957614014726772 ], [ 11.430468436857945, 58.144775534582017 ], [ 11.471440686692135, 58.220764101419995 ], [ 11.537814629602146, 58.217240586216931 ], [ 11.553670369113334, 58.241240226689207 ], [ 11.410593298232012, 58.312749668008571 ], [ 11.431382620872169, 58.382752576320321 ], [ 11.376676823147889, 58.387261633122868 ], [ 11.319887633467447, 58.343901347069917 ], [ 11.252274243601383, 58.377551366414437 ], [ 11.280577363224394, 58.463625886668851 ], [ 11.266411710737, 58.6199321291801 ], [ 11.204380980765158, 58.662617387923113 ], [ 11.178032722777255, 58.752099328435754 ], [ 11.239093052778475, 58.832017404236261 ], [ 11.161117265338875, 58.839838663476158 ], [ 11.122254913394935, 58.913355685097684 ], [ 11.145297570223759, 59.028409694255231 ], [ 11.244846109501708, 59.091874774589712 ], [ 11.327082917523542, 59.111570131096258 ], [ 11.460796336170777, 58.988637874484631 ], [ 11.46404102271743, 58.895562187482298 ], [ 11.544494499671261, 58.88182964802418 ], [ 11.656115490954271, 58.915864050107253 ], [ 11.708683561590229, 59.028679269166624 ], [ 11.761058564339017, 59.079464338205348 ], [ 11.787418851531811, 59.200830802689566 ], [ 11.826196491599896, 59.237850055398525 ], [ 11.807605667382079, 59.349182516044813 ], [ 11.699724620877126, 59.586617260506479 ], [ 11.722352848605224, 59.620142686287707 ], [ 11.921083286787139, 59.704357895226302 ], [ 11.907266238520116, 59.796818635295296 ], [ 11.839814230042647, 59.840672274460687 ], [ 11.974721066562564, 59.895860349651578 ], [ 12.179854073439412, 59.896851774382945 ], [ 12.336900654623157, 59.967170742635041 ], [ 12.493131810829107, 60.09205986788843 ], [ 12.535265029884286, 60.188810738848574 ], [ 12.505491288759721, 60.316255026432103 ], [ 12.599507864626146, 60.406267754194594 ], [ 12.602609630722446, 60.510230343261256 ], [ 12.394526019189881, 60.740450324731768 ], [ 12.324093769690274, 60.895996032590304 ], [ 12.235658561605174, 61.010332131441686 ], [ 12.670176624040115, 61.05597642255367 ], [ 12.703618444739455, 61.128889440636819 ], [ 12.822037216565452, 61.243080800789635 ], [ 12.856827620012677, 61.363608015836419 ], [ 12.579662751185026, 61.559072070775571 ], [ 12.41663769377511, 61.569076133779816 ], [ 12.145884260586563, 61.730440421789154 ], [ 12.299370194289882, 62.267493986114701 ], [ 12.072930431460302, 62.609649649934234 ], [ 12.125024949697291, 62.749999645048128 ], [ 12.09036844137816, 62.896669999485631 ], [ 12.19412231633626, 63.015350252120044 ], [ 11.995943106119356, 63.267083840431312 ], [ 12.196054449610621, 63.480476459509411 ], [ 12.180132689389541, 63.607501791917258 ], [ 12.685731201547014, 63.969771689768535 ], [ 12.919703573769638, 64.053193325194343 ], [ 13.115004283486195, 64.081457681981192 ], [ 13.99450801851383, 64.039187286750561 ], [ 14.143563218554783, 64.198483417860871 ], [ 14.111401745394017, 64.42476922233493 ], [ 13.692172328051756, 64.60015536664325 ], [ 14.325984923806821, 65.118915970255543 ], [ 14.381875275732106, 65.243065145270876 ], [ 14.502018365707608, 65.319311375043128 ], [ 14.5083922503668, 65.561214348070507 ], [ 14.542152059606835, 65.694341039117333 ], [ 14.617223006434154, 65.81257322454961 ], [ 14.528315195173731, 66.126957169555098 ], [ 15.052207404078583, 66.158829225997096 ], [ 15.459718150306415, 66.276346811877332 ], [ 15.453994737947466, 66.345233502675413 ], [ 15.409250144756408, 66.429149726928983 ], [ 15.398171827759196, 66.493374643924369 ], [ 15.62982984564772, 66.601786346144962 ], [ 15.990119708767805, 66.87059783591215 ], [ 16.388785006077878, 67.070739075328817 ], [ 16.394186963016619, 67.208471266805773 ], [ 16.114056693088706, 67.41982476695938 ], [ 16.108399911533443, 67.456351774315451 ], [ 16.169096237290155, 67.516898496369066 ], [ 16.421469650099979, 67.544682899922663 ], [ 16.549242752964975, 67.642671674438034 ], [ 16.758471163863113, 67.919211144229678 ], [ 17.169489878745718, 68.048183027372232 ], [ 17.281439397177831, 68.11308197526597 ], [ 17.905596393929166, 67.97887064804182 ], [ 18.140647704456235, 68.195177964238638 ], [ 18.10538553158225, 68.425350701360927 ], [ 18.125925245692624, 68.536515955763804 ], [ 18.404623049449683, 68.571406618199859 ], [ 18.629976523146606, 68.513165180975633 ], [ 19.024869003513967, 68.507891882941664 ], [ 19.942604678577272, 68.379371869600391 ], [ 20.121386948051519, 68.463068736431282 ], [ 20.026374795887968, 68.569276802886165 ], [ 20.194790505895206, 68.672961112965254 ], [ 20.306750888481361, 68.802627039615786 ], [ 20.289514687371366, 68.910315299132421 ], [ 20.198053862802126, 69.026472334962961 ], [ 20.548636558941542, 69.059968546070451 ], [ 20.773677155273134, 69.029739609917897 ], [ 20.89770396589207, 68.969011941582309 ], [ 20.860137513806333, 68.930820302694642 ], [ 20.901329009958609, 68.901166218015547 ], [ 21.01791230996033, 68.888724665654522 ], [ 21.300137046895571, 68.767625089664278 ], [ 21.380084409542469, 68.760084317738347 ], [ 21.436219740940583, 68.693389699329771 ], [ 21.628595088745243, 68.658919723648012 ], [ 21.720877113611035, 68.596017470570786 ], [ 21.902509194412673, 68.577203365748744 ], [ 22.042700448625169, 68.484983387696232 ], [ 22.324748346887429, 68.480563508935475 ] ] ], [ [ [ 23.763435636719962, 65.589805976178937 ], [ 23.746782152734941, 65.549262435997932 ], [ 23.700445392522862, 65.578693836182666 ], [ 23.741824449841484, 65.605512215204499 ], [ 23.763435636719962, 65.589805976178937 ] ] ], [ [ [ 23.785421204732604, 65.727042820543616 ], [ 23.732772659500249, 65.696599785643002 ], [ 23.664586515927013, 65.722967564808627 ], [ 23.733812689026841, 65.749789004855401 ], [ 23.785421204732604, 65.727042820543616 ] ] ], [ [ [ 23.522416653870941, 65.735916289470609 ], [ 23.529041666773811, 65.701912659044581 ], [ 23.464247461256459, 65.718328906180929 ], [ 23.490497984467577, 65.759623090597657 ], [ 23.522416653870941, 65.735916289470609 ] ] ], [ [ [ 22.943016883792158, 65.739967034918124 ], [ 22.967991604932223, 65.680801643988673 ], [ 22.892655836791871, 65.700316086829744 ], [ 22.870175311106347, 65.722085078955857 ], [ 22.899113434090641, 65.745969599956112 ], [ 22.943016883792158, 65.739967034918124 ] ] ], [ [ [ 22.834152651258886, 65.549857629028992 ], [ 22.785621092171148, 65.537167248116887 ], [ 22.747798600953331, 65.563666312641573 ], [ 22.793383619282494, 65.582650481684212 ], [ 22.834152651258886, 65.549857629028992 ] ] ], [ [ [ 22.802518499393027, 65.716545010752299 ], [ 22.745172118797793, 65.714090882134357 ], [ 22.716941842956295, 65.769051733299705 ], [ 22.784439390143351, 65.754864525490504 ], [ 22.802518499393027, 65.716545010752299 ] ] ], [ [ [ 22.702139637419062, 65.561398606094698 ], [ 22.67696903543488, 65.527272453242588 ], [ 22.629263108809852, 65.550691391835826 ], [ 22.672318542235296, 65.581954776768512 ], [ 22.702139637419062, 65.561398606094698 ] ] ], [ [ [ 22.637275071018948, 65.597811801210938 ], [ 22.553342959982984, 65.476211039668726 ], [ 22.480867651036021, 65.501642727970548 ], [ 22.551327635548105, 65.554380266548364 ], [ 22.5561850026142, 65.60754339176728 ], [ 22.637275071018948, 65.597811801210938 ] ] ], [ [ [ 22.656427533713426, 65.672687453014717 ], [ 22.639463364892372, 65.642799975702488 ], [ 22.594456578050114, 65.654966524242809 ], [ 22.619142960548526, 65.702098000647723 ], [ 22.656427533713426, 65.672687453014717 ] ] ], [ [ [ 22.414407312947848, 65.452787468895579 ], [ 22.362613814107586, 65.420798340209416 ], [ 22.339632123625861, 65.455420885463099 ], [ 22.377043106622953, 65.474249939095714 ], [ 22.414407312947848, 65.452787468895579 ] ] ], [ [ [ 22.324336547203458, 65.429698488671079 ], [ 22.269974411919605, 65.424385269770781 ], [ 22.283579165395942, 65.470541988804825 ], [ 22.310031853075387, 65.483240023908081 ], [ 22.324336547203458, 65.429698488671079 ] ] ], [ [ [ 22.345102863715049, 65.515218189586307 ], [ 22.317467003002033, 65.483555473081509 ], [ 22.274935102214769, 65.515796920089215 ], [ 22.312973836512544, 65.541095459561504 ], [ 22.345102863715049, 65.515218189586307 ] ] ], [ [ [ 22.217513279576959, 65.436673369137964 ], [ 22.172815359748444, 65.42524870349402 ], [ 22.122433411225803, 65.454784653106216 ], [ 22.178655655245574, 65.479093341934046 ], [ 22.217513279576959, 65.436673369137964 ] ] ], [ [ [ 22.032419297733082, 65.373755799987521 ], [ 21.994439318823101, 65.360085392573993 ], [ 21.948239590790664, 65.391386828804698 ], [ 21.998218941199685, 65.40722517600112 ], [ 22.032419297733082, 65.373755799987521 ] ] ], [ [ [ 21.800097031367979, 65.275003451552763 ], [ 21.833315566413571, 65.217549233679506 ], [ 21.780732159009215, 65.221105302110871 ], [ 21.733622887737091, 65.263389094168772 ], [ 21.800097031367979, 65.275003451552763 ] ] ], [ [ [ 21.7359359722279, 65.205806081838645 ], [ 21.69830982019845, 65.199166039964211 ], [ 21.655263516060714, 65.221217214546371 ], [ 21.683915563810256, 65.251931056482576 ], [ 21.7359359722279, 65.205806081838645 ] ] ], [ [ [ 19.142656106860354, 57.882429103424705 ], [ 19.061142029457422, 57.860795863976591 ], [ 18.978256958496736, 57.761624046694692 ], [ 18.816255020328743, 57.691291443073816 ], [ 18.787650932600492, 57.519098762835981 ], [ 18.869492683554071, 57.400597969860662 ], [ 18.725636069291433, 57.32489616447738 ], [ 18.644400547822993, 57.225068857431516 ], [ 18.423973587303927, 57.132671028865659 ], [ 18.306243029639578, 56.963821993981789 ], [ 18.18764836458412, 56.942505650561323 ], [ 18.237208212801779, 57.059165155475881 ], [ 18.108967272575537, 57.261754875082815 ], [ 18.157438475434134, 57.376734213305596 ], [ 18.14131557522262, 57.536672529812833 ], [ 18.502660463026999, 57.822653955712639 ], [ 18.695914798211973, 57.902084752928495 ], [ 18.807941021553901, 57.875189117978103 ], [ 18.90439988750914, 57.917040283924059 ], [ 19.034701121659854, 57.925666204670101 ], [ 19.146713836383871, 57.980526172041422 ], [ 19.232075111360334, 57.964919692898192 ], [ 19.142656106860354, 57.882429103424705 ] ] ], [ [ [ 19.320561387950324, 58.358638659435613 ], [ 19.254419014615163, 58.331415293330267 ], [ 19.176259567556862, 58.369638673070142 ], [ 19.266284861810519, 58.393074261353732 ], [ 19.320561387950324, 58.358638659435613 ] ] ], [ [ [ 20.93217889400939, 63.725747700455209 ], [ 20.888775734304318, 63.679687929356483 ], [ 20.821940174543197, 63.785735145990799 ], [ 20.887631434433949, 63.814940017469503 ], [ 20.935585609233282, 63.79505530723646 ], [ 20.93217889400939, 63.725747700455209 ] ] ], [ [ [ 20.852395779720787, 63.633274762996791 ], [ 20.812623278020027, 63.63187280735459 ], [ 20.791008634824259, 63.679841004311399 ], [ 20.844511063019741, 63.673411756959432 ], [ 20.852395779720787, 63.633274762996791 ] ] ], [ [ [ 20.808514355861931, 63.590877043923165 ], [ 20.754606607571372, 63.585400847015379 ], [ 20.737656906970226, 63.597187204955105 ], [ 20.75396926846517, 63.625079597711192 ], [ 20.782590277732666, 63.629634120925836 ], [ 20.808514355861931, 63.590877043923165 ] ] ], [ [ [ 19.387545353374481, 59.425342525125288 ], [ 19.370887856742517, 59.405566890759353 ], [ 19.311561195913203, 59.410665638321476 ], [ 19.338476539014618, 59.452407634333582 ], [ 19.387545353374481, 59.425342525125288 ] ] ], [ [ [ 19.17294636321132, 59.354944056322161 ], [ 19.145421111290712, 59.339049112773047 ], [ 19.095907591654644, 59.362441556313506 ], [ 19.177007073445168, 59.379607883737847 ], [ 19.17294636321132, 59.354944056322161 ] ] ], [ [ [ 19.21481314923237, 59.78717643234814 ], [ 19.180493283912735, 59.748923186521516 ], [ 19.130494288283469, 59.775312341151327 ], [ 19.180820599449266, 59.796821546639229 ], [ 19.21481314923237, 59.78717643234814 ] ] ], [ [ [ 19.042374836444981, 59.372340139812003 ], [ 18.989580097519735, 59.363453877248922 ], [ 18.95804339982395, 59.387737954454188 ], [ 19.006152132984518, 59.408273209582688 ], [ 19.042374836444981, 59.372340139812003 ] ] ], [ [ [ 19.158517597130977, 59.850770647578294 ], [ 19.128249950737768, 59.797935519060438 ], [ 19.086251454083289, 59.836889095400934 ], [ 19.123771893852531, 59.866902489571615 ], [ 19.158517597130977, 59.850770647578294 ] ] ], [ [ [ 18.928854201380727, 59.386994190839097 ], [ 18.817784204569904, 59.382668509179936 ], [ 18.853717608534897, 59.433602504863295 ], [ 18.888282482792441, 59.448048268404484 ], [ 18.944851759541724, 59.402301990263432 ], [ 18.928854201380727, 59.386994190839097 ] ] ], [ [ [ 18.921290336855922, 59.358723608367221 ], [ 18.899891541775759, 59.316597536431338 ], [ 18.849422637444274, 59.321434407180639 ], [ 18.880844133229918, 59.362857387821023 ], [ 18.921290336855922, 59.358723608367221 ] ] ], [ [ [ 18.954195700879517, 59.629267047557938 ], [ 18.909096615177813, 59.583818850637357 ], [ 18.831964872809291, 59.599862547369462 ], [ 18.903779463934395, 59.642546297740637 ], [ 18.954195700879517, 59.629267047557938 ] ] ], [ [ [ 18.726071117379259, 59.205555759221021 ], [ 18.687829922136899, 59.174653230772968 ], [ 18.66389222165564, 59.186253942637606 ], [ 18.697780876257848, 59.217568258367329 ], [ 18.726071117379259, 59.205555759221021 ] ] ], [ [ [ 18.651222692856688, 59.069855608508 ], [ 18.622466386254331, 59.059365314358161 ], [ 18.575128648356937, 59.092298321807405 ], [ 18.627881740695262, 59.110792682142751 ], [ 18.651222692856688, 59.069855608508 ] ] ], [ [ [ 18.664861390858626, 59.193375882778099 ], [ 18.654298674982396, 59.14585065357123 ], [ 18.600702991742516, 59.15826140570536 ], [ 18.628960626821719, 59.194871818710517 ], [ 18.664861390858626, 59.193375882778099 ] ] ], [ [ [ 18.555347777747468, 59.06641765857885 ], [ 18.543563341927296, 59.017990070567741 ], [ 18.493666219885508, 59.025009686490151 ], [ 18.514097353933135, 59.063623239537918 ], [ 18.555347777747468, 59.06641765857885 ] ] ], [ [ [ 18.527374676257235, 59.169340216530934 ], [ 18.47927329023965, 59.158429731459862 ], [ 18.457196556856296, 59.18024456730533 ], [ 18.491456712234875, 59.2140310993152 ], [ 18.527374676257235, 59.169340216530934 ] ] ], [ [ [ 18.444216833805058, 59.046566257049591 ], [ 18.365507952706494, 59.021951214553056 ], [ 18.350279494577997, 59.051045515610461 ], [ 18.43377973611512, 59.125971973575389 ], [ 18.479639616350276, 59.10062250200091 ], [ 18.444216833805058, 59.046566257049591 ] ] ], [ [ [ 18.690850168745612, 60.25789912117537 ], [ 18.653962542677533, 60.248045474295594 ], [ 18.608660571550747, 60.281866917272673 ], [ 18.64982804137723, 60.298343161492987 ], [ 18.690850168745612, 60.25789912117537 ] ] ], [ [ [ 18.30230170440759, 58.925083124055639 ], [ 18.260679950222048, 58.905606724610664 ], [ 18.164301867054466, 58.942008517126141 ], [ 18.24664987975029, 58.964527560488527 ], [ 18.30230170440759, 58.925083124055639 ] ] ], [ [ [ 18.144371921509343, 58.8644569315626 ], [ 18.104892366446194, 58.861571733439654 ], [ 18.080984158316397, 58.907453265591322 ], [ 18.135080758364182, 58.904748230300108 ], [ 18.144371921509343, 58.8644569315626 ] ] ], [ [ [ 17.747499065555584, 58.912770992039391 ], [ 17.727043185059983, 58.862773765368232 ], [ 17.708012781569927, 58.873304656552591 ], [ 17.691187053463363, 58.929119377410991 ], [ 17.747499065555584, 58.912770992039391 ] ] ], [ [ [ 18.689964121857972, 63.061767768092032 ], [ 18.643502753235285, 62.987371607300069 ], [ 18.621958763183066, 62.990402541363203 ], [ 18.588732974975279, 63.081713633054626 ], [ 18.611319310674091, 63.090060730778305 ], [ 18.689964121857972, 63.061767768092032 ] ] ], [ [ [ 16.540755968333812, 56.326441906487503 ], [ 16.416474961315089, 56.207331851886359 ], [ 16.377831175380834, 56.538684619011676 ], [ 16.586406880077831, 56.82273562822639 ], [ 16.739648617173611, 56.925610594171076 ], [ 16.901212936447688, 57.138468280870043 ], [ 16.99737801135171, 57.321057784937821 ], [ 17.069670998644604, 57.36044303800972 ], [ 17.134188628488239, 57.343536814754479 ], [ 17.138610330177386, 57.31937352534279 ], [ 17.080616477084554, 57.279833992785285 ], [ 17.062518162218563, 57.184741324270711 ], [ 16.904869623953989, 56.976819514796119 ], [ 16.852823569619495, 56.848156311099572 ], [ 16.769935361328578, 56.762137001815574 ], [ 16.540755968333812, 56.326441906487503 ] ] ], [ [ [ 16.991094036504407, 58.233974905986308 ], [ 16.934391577751814, 58.215895382877378 ], [ 16.947868241419311, 58.270006278111467 ], [ 16.986085725221788, 58.266148726176255 ], [ 16.991094036504407, 58.233974905986308 ] ] ], [ [ [ 16.964445730644172, 58.195092642598212 ], [ 16.937413840170382, 58.164282638055838 ], [ 16.882758247208997, 58.178915812167048 ], [ 16.914963516089124, 58.20923048723651 ], [ 16.964445730644172, 58.195092642598212 ] ] ], [ [ [ 17.000833416905429, 58.41613539564392 ], [ 16.965224787271474, 58.380095835072765 ], [ 16.909097965615363, 58.404206428319888 ], [ 16.961480602582796, 58.431369601180783 ], [ 17.000833416905429, 58.41613539564392 ] ] ], [ [ [ 16.784884192242984, 57.522872886787503 ], [ 16.74642625696659, 57.502778153402332 ], [ 16.709021807465913, 57.543519600868514 ], [ 16.755100001896928, 57.553603967324108 ], [ 16.784884192242984, 57.522872886787503 ] ] ], [ [ [ 17.749234449961865, 62.217789823692378 ], [ 17.696915776953698, 62.181650590976496 ], [ 17.668870401494978, 62.208959056914466 ], [ 17.700062110189673, 62.232203498739224 ], [ 17.749234449961865, 62.217789823692378 ] ] ], [ [ [ 16.712692739423368, 57.58484692313047 ], [ 16.687187576682657, 57.576490652922161 ], [ 16.661626506477759, 57.585289784863228 ], [ 16.709250449333428, 57.62795094292084 ], [ 16.731234968246209, 57.630166514918329 ], [ 16.712692739423368, 57.58484692313047 ] ] ], [ [ [ 16.579086962266793, 57.165302493459741 ], [ 16.53310857956118, 57.133549870508048 ], [ 16.508304400802587, 57.176219897081076 ], [ 16.548780930566473, 57.188136060374411 ], [ 16.579086962266793, 57.165302493459741 ] ] ], [ [ [ 17.609699811465315, 62.220225402559187 ], [ 17.571396547957747, 62.200812042807293 ], [ 17.527475596799338, 62.23436529069302 ], [ 17.569727381276024, 62.250170417970033 ], [ 17.609699811465315, 62.220225402559187 ] ] ], [ [ [ 16.492437280743566, 56.793091690160253 ], [ 16.466794764726345, 56.758140912340295 ], [ 16.41332304554221, 56.769572558539885 ], [ 16.455671454229556, 56.805834493163665 ], [ 16.492437280743566, 56.793091690160253 ] ] ], [ [ [ 17.350245118384212, 61.177210633199174 ], [ 17.32285541642463, 61.128918533302262 ], [ 17.284852932068844, 61.168579718239592 ], [ 17.328343725519531, 61.184179930237001 ], [ 17.350245118384212, 61.177210633199174 ] ] ], [ [ [ 17.427198992176113, 61.54947197490764 ], [ 17.385743383882783, 61.524867159495933 ], [ 17.337767624827162, 61.545862971515412 ], [ 17.391691688591266, 61.570223943935581 ], [ 17.427198992176113, 61.54947197490764 ] ] ], [ [ [ 17.31558766788454, 61.565536444484906 ], [ 17.289388338752548, 61.540469613858654 ], [ 17.240710932702768, 61.549099622971248 ], [ 17.26208112329347, 61.588361765989895 ], [ 17.31558766788454, 61.565536444484906 ] ] ], [ [ [ 15.649911159048044, 56.123396313748621 ], [ 15.631730085462685, 56.090152337469611 ], [ 15.576255589043766, 56.102839811835601 ], [ 15.616890368228066, 56.140790721862338 ], [ 15.649911159048044, 56.123396313748621 ] ] ], [ [ [ 15.54062006496501, 56.118852283156208 ], [ 15.506801303463005, 56.08441796967049 ], [ 15.452555759093121, 56.101533067874719 ], [ 15.503062126477227, 56.133213833614619 ], [ 15.54062006496501, 56.118852283156208 ] ] ], [ [ [ 12.921475607724561, 55.397791603207274 ], [ 12.881008142209945, 55.384175178308801 ], [ 12.832347527692839, 55.408737564554905 ], [ 12.888147184837271, 55.430123949423816 ], [ 12.921475607724561, 55.397791603207274 ] ] ], [ [ [ 12.742537315451846, 55.884830220423375 ], [ 12.68850815609157, 55.884801575012808 ], [ 12.66435171707576, 55.914743488899873 ], [ 12.712226959656977, 55.927332998584887 ], [ 12.742537315451846, 55.884830220423375 ] ] ], [ [ [ 11.831685792769859, 57.616151772195408 ], [ 11.776760819018202, 57.578998088083274 ], [ 11.729942332223043, 57.644211147827612 ], [ 11.800646883491503, 57.656619786905594 ], [ 11.831685792769859, 57.616151772195408 ] ] ], [ [ [ 11.704765423561041, 57.748713906659653 ], [ 11.650032949265901, 57.696091163285871 ], [ 11.564183916910064, 57.781792416631433 ], [ 11.607221411704211, 57.788914030419107 ], [ 11.704765423561041, 57.748713906659653 ] ] ], [ [ [ 11.661043997445377, 57.889521009611229 ], [ 11.626654610269531, 57.854855314083309 ], [ 11.578216107178362, 57.866790148456658 ], [ 11.621143818744839, 57.902056646670708 ], [ 11.661043997445377, 57.889521009611229 ] ] ], [ [ [ 11.037574790367648, 58.901354889427544 ], [ 11.058158184023304, 58.84457873895218 ], [ 10.977837788370275, 58.872192657996209 ], [ 10.997736044200519, 58.903026688960111 ], [ 11.037574790367648, 58.901354889427544 ] ] ] ] } },
{ "type": "Feature", "properties": { "id": "NL", "name": "Netherlands" }, "geometry": { "type": "MultiPolygon", "coordinates": [ [ [ [ 6.858101489844857, 53.445003233536809 ], [ 6.918654048391808, 53.339020578052981 ], [ 7.079621084177963, 53.297987963219292 ], [ 7.088110940578114, 53.254487203634696 ], [ 7.208935201710104, 53.243064467250107 ], [ 7.201080884616623, 52.985503174397934 ], [ 7.092691935780805, 52.838200854747605 ], [ 7.05314411683773, 52.656941579514758 ], [ 7.006229335508773, 52.63876304270515 ], [ 6.805326197110194, 52.651885120312286 ], [ 6.709741816491521, 52.627784127185762 ], [ 6.729879227657059, 52.573882993527015 ], [ 6.696062314679344, 52.544406239625147 ], [ 6.697774679340382, 52.486301260641653 ], [ 6.988397913327109, 52.450243606474686 ], [ 7.061811965894332, 52.377351375205933 ], [ 7.035379512454467, 52.288324443085592 ], [ 7.065685203546269, 52.241373034658061 ], [ 6.991693562691541, 52.222223640290139 ], [ 6.853010674745573, 52.124660908543028 ], [ 6.760464770400778, 52.118569367606121 ], [ 6.695375788401134, 52.050667497535208 ], [ 6.81990638409693, 51.990411578490225 ], [ 6.76986877199247, 51.921587257566841 ], [ 6.418527536520961, 51.858959217739226 ], [ 6.407779531583725, 51.828092120121056 ], [ 6.167766021143598, 51.900804652321867 ], [ 6.144486057406611, 51.891697213735199 ], [ 6.152680302769991, 51.845780401656569 ], [ 6.060832506673026, 51.859149956258328 ], [ 5.965481402709078, 51.827957138011136 ], [ 5.978531552582488, 51.771063822915025 ], [ 5.953191999735481, 51.747846099075595 ], [ 6.104045632669473, 51.654966709280508 ], [ 6.104911214631599, 51.602392716428916 ], [ 6.206069270821908, 51.515798334863611 ], [ 6.224405043705392, 51.364979023243514 ], [ 6.072657111116431, 51.242587578273977 ], [ 6.086795390345171, 51.18040787960674 ], [ 6.174812124024052, 51.184513429325193 ], [ 5.961270886413241, 51.048510827459673 ], [ 5.898565973498571, 51.059104856438125 ], [ 5.877055681567017, 51.032059737084921 ], [ 5.921766728733902, 50.983539137889167 ], [ 6.01507640533114, 50.977304752072399 ], [ 6.028963734869696, 50.9357372989776 ], [ 6.086947595856187, 50.913134963047959 ], [ 6.080229899538825, 50.875117592346591 ], [ 6.0216879314878, 50.832297948173995 ], [ 6.020999005664916, 50.754295369911581 ], [ 5.768506376115678, 50.775228071932005 ], [ 5.682000428534085, 50.757446428273049 ], [ 5.687622128701352, 50.811923975910311 ], [ 5.653410537489089, 50.866118856743235 ], [ 5.728789905525356, 50.922824427932255 ], [ 5.83770024088088, 51.154439483550576 ], [ 5.566283615270706, 51.220836498525848 ], [ 5.547563338337877, 51.268776371081152 ], [ 5.4983370824328, 51.295824155134163 ], [ 5.237716347787162, 51.26160036189377 ], [ 5.228758521547576, 51.307228447329798 ], [ 5.143646382847844, 51.321462731451092 ], [ 5.086766662787294, 51.383476256562489 ], [ 5.102137093267302, 51.428956039428726 ], [ 5.042739371374243, 51.47943526247883 ], [ 4.894932292415967, 51.406766480575328 ], [ 4.841863489187235, 51.424927646107967 ], [ 4.826369940514803, 51.482072944850849 ], [ 4.759925819036284, 51.502464611228369 ], [ 4.669544110541935, 51.426384044795562 ], [ 4.547796554162781, 51.429261537406248 ], [ 4.526508649686999, 51.475904362205775 ], [ 4.490326066776502, 51.4782490299472 ], [ 4.398592550682517, 51.447181716542062 ], [ 4.40764969116369, 51.364743568634367 ], [ 4.243657894604261, 51.374737012055704 ], [ 3.990673178823657, 51.44554470947849 ], [ 3.815375245415561, 51.39885321297524 ], [ 3.696655452871866, 51.450494818969958 ], [ 3.555229323368741, 51.458009615033838 ], [ 3.475414511547312, 51.511830936454061 ], [ 3.563739507163072, 51.58173926031035 ], [ 3.795708757998372, 51.597493998871677 ], [ 4.102739502592404, 51.453235505964265 ], [ 4.192752703626978, 51.457939606332594 ], [ 4.166301523041634, 51.510971184208465 ], [ 4.049290466188525, 51.571645869278903 ], [ 4.056357711196569, 51.619074533554162 ], [ 3.714078171725362, 51.697656752114341 ], [ 3.738765563535629, 51.730317122514919 ], [ 3.839082827788579, 51.758296982606282 ], [ 3.889617894658902, 51.821897609498542 ], [ 4.053844092115323, 51.843071299586072 ], [ 4.043583388427037, 51.907487836680026 ], [ 3.985628527101681, 51.93129312464206 ], [ 3.978159065950168, 51.973661868388398 ], [ 4.127788387683693, 52.000542566559545 ], [ 4.374232694627095, 52.18709003405025 ], [ 4.440933161448011, 52.259690366487682 ], [ 4.560596904849609, 52.43742590965077 ], [ 4.609676911792859, 52.573400998821946 ], [ 4.649060489700092, 52.756148724868353 ], [ 4.737604523325845, 52.957253677606161 ], [ 4.890559300604211, 52.895291314838317 ], [ 5.349254861176429, 53.085074501940085 ], [ 5.441012592337835, 53.20783929124034 ], [ 5.516321623046405, 53.254487203373913 ], [ 5.881983010788576, 53.385415490261352 ], [ 6.191301644504989, 53.410938117924459 ], [ 6.311186435022148, 53.402748382384573 ], [ 6.754124490546955, 53.464378419101202 ], [ 6.858101489844857, 53.445003233536809 ] ] ], [ [ [ 6.524569589655283, 53.552024937023795 ], [ 6.487558277299928, 53.516245489203023 ], [ 6.439778861295275, 53.536087727872996 ], [ 6.488211637391228, 53.563954296588911 ], [ 6.524569589655283, 53.552024937023795 ] ] ], [ [ [ 6.242075822310517, 53.476610418621696 ], [ 6.19596197974108, 53.460911191082602 ], [ 6.131482132397012, 53.491401531526726 ], [ 6.188194616231614, 53.5132271088208 ], [ 6.242075822310517, 53.476610418621696 ] ] ], [ [ [ 5.750421513593107, 53.449924356875115 ], [ 5.687613263679259, 53.416780979323029 ], [ 5.606323422261381, 53.44456264050072 ], [ 5.685708308343181, 53.478476540403229 ], [ 5.750421513593107, 53.449924356875115 ] ] ], [ [ [ 5.269875789333031, 53.399363889923698 ], [ 5.179515318509583, 53.35719245288854 ], [ 5.083527481356353, 53.375420450204565 ], [ 5.183177390527367, 53.421766047882024 ], [ 5.269875789333031, 53.399363889923698 ] ] ], [ [ [ 5.074341883303203, 53.302997440975915 ], [ 5.032991624603548, 53.267317747318117 ], [ 4.98849191906357, 53.283249125991176 ], [ 5.037405098527326, 53.315331866477379 ], [ 5.074341883303203, 53.302997440975915 ] ] ], [ [ [ 4.981247564510098, 53.259620361283389 ], [ 4.949935603418401, 53.224338093969891 ], [ 4.893991865406262, 53.237868625062781 ], [ 4.939803415670604, 53.268053966787392 ], [ 4.981247564510098, 53.259620361283389 ] ] ], [ [ [ 4.869788359511954, 53.047399334191013 ], [ 4.752979612508426, 52.987277841465009 ], [ 4.701466268536374, 53.0140862695457 ], [ 4.734653286996916, 53.083070995714799 ], [ 4.831021929310936, 53.176679439581775 ], [ 4.899066125950228, 53.154380379971506 ], [ 4.90556639758202, 53.096937455598002 ], [ 4.869788359511954, 53.047399334191013 ] ] ], [ [ [ 4.722557085665614, 52.978037902875315 ], [ 4.680516672595673, 52.950353970346505 ], [ 4.638057984424539, 52.964244861211917 ], [ 4.676849897413223, 52.997505664312676 ], [ 4.722557085665614, 52.978037902875315 ] ] ], [ [ [ 4.822866685693858, 51.41201114393823 ], [ 4.780171585504637, 51.398026560964887 ], [ 4.741812710266831, 51.434669454114605 ], [ 4.798321309276006, 51.442732692516785 ], [ 4.822866685693858, 51.41201114393823 ] ] ], [ [ [ 3.525611481525909, 51.404981931564571 ], [ 3.861737919967158, 51.339885833778695 ], [ 3.996291665234166, 51.39849163943834 ], [ 4.084351411535229, 51.360046668879058 ], [ 4.234817405508229, 51.348254203026968 ], [ 4.143863416576563, 51.283257087492004 ], [ 3.977666514133952, 51.225132112569455 ], [ 3.856339488390994, 51.211056093592049 ], [ 3.801442050903277, 51.218428194764769 ], [ 3.774565140767407, 51.258582866115511 ], [ 3.601412007248781, 51.299858288017354 ], [ 3.534477800482908, 51.286843261239866 ], [ 3.500227501613218, 51.247272098912099 ], [ 3.380737262359116, 51.274259199512933 ], [ 3.365787354721749, 51.369835450945686 ], [ 3.525611481525909, 51.404981931564571 ] ] ] ] } },
{ "type": "Feature", "properties": { "id": "NO", "name": "Norway" }, "geometry": { "type": "MultiPolygon", "coordinates": [ [ [ [ 25.650491963945246, 70.923347699303946 ], [ 25.754995179435383, 70.864643036071499 ], [ 25.736816492537862, 70.813001018506057 ], [ 25.246657739324021, 70.541692799913662 ], [ 25.118862408694675, 70.3256886401971 ], [ 24.977632694114032, 70.175648835162832 ], [ 25.012597265066312, 70.114504278760734 ], [ 25.141847890608116, 70.109648892338384 ], [ 25.395732340887204, 70.240818085262191 ], [ 25.546558939979437, 70.400868988893464 ], [ 25.887420000291652, 70.575375603108071 ], [ 26.138504800180986, 70.748898953867879 ], [ 26.552010698582265, 70.922306254002365 ], [ 26.626193193160184, 70.917552580440045 ], [ 26.660973417849711, 70.86862541602261 ], [ 26.637203791895587, 70.778805575415348 ], [ 26.561981131578058, 70.666941408753758 ], [ 26.592385308400598, 70.467322438610381 ], [ 26.929241276688671, 70.497932463884993 ], [ 27.162650669210997, 70.710081525673871 ], [ 27.371172829930693, 70.843523845275755 ], [ 27.353141005240474, 70.886627378378776 ], [ 27.249106303713322, 70.933847188248123 ], [ 27.255064737486041, 70.979920600633903 ], [ 27.479845403289659, 71.015206901748982 ], [ 27.68252911620139, 71.090849082286354 ], [ 27.876437810554844, 71.055752522376849 ], [ 28.157276169782033, 71.052964287701784 ], [ 28.427444094634119, 70.940848785307765 ], [ 28.405813190670123, 70.890187204384759 ], [ 28.328639057104194, 70.846683540661388 ], [ 28.038278706767287, 70.765573681153512 ], [ 28.038924771960296, 70.702427416524259 ], [ 28.150633826644434, 70.684451668970837 ], [ 28.189419582261426, 70.645725968817857 ], [ 28.135926199167386, 70.590610016694953 ], [ 27.975146175057713, 70.515861138046432 ], [ 27.977462596397892, 70.479633222843404 ], [ 28.409863665917786, 70.499357699895782 ], [ 28.57742822331678, 70.710670814844264 ], [ 28.957630201059526, 70.848654188019225 ], [ 29.223863867232012, 70.811536381035083 ], [ 29.404531995159772, 70.700729637903592 ], [ 29.630992837211224, 70.710903026035282 ], [ 29.842521071092534, 70.67230839092872 ], [ 30.093190518361602, 70.670714826100834 ], [ 30.189203445160594, 70.624471137873442 ], [ 30.266022612481432, 70.540790174064725 ], [ 30.545466794781508, 70.522775664575065 ], [ 30.889761494392406, 70.421526321385571 ], [ 30.961240842584779, 70.356812502726498 ], [ 30.923893855102904, 70.295653327853856 ], [ 30.529988697238359, 70.226741390138955 ], [ 30.11203546265871, 70.099646763168707 ], [ 29.056402648484678, 70.091750456357317 ], [ 29.191682334546886, 70.028436794163426 ], [ 29.534067411249715, 69.971189736567368 ], [ 29.743588744779181, 69.884140669895615 ], [ 29.897014580016471, 69.86579104929622 ], [ 30.047232467207234, 69.774704635979546 ], [ 30.23855387740408, 69.831185978827293 ], [ 30.420189004320523, 69.776929155304686 ], [ 30.837990055851382, 69.777664203520416 ], [ 30.938583023083567, 69.636614979167803 ], [ 30.893689150351587, 69.552181505664421 ], [ 30.531964538844978, 69.543660862961275 ], [ 30.157117675365576, 69.651270387695476 ], [ 30.169156014921334, 69.550849800727036 ], [ 30.077218949034037, 69.45330532564968 ], [ 29.323310668870171, 69.298565033950979 ], [ 29.285036674649493, 69.187050905088952 ], [ 29.175570404067386, 69.078393114122889 ], [ 29.05648673313236, 69.026122598276046 ], [ 28.929561557074823, 69.051911620843768 ], [ 28.825280185828355, 69.111619572384569 ], [ 28.853268716995839, 69.225088938910247 ], [ 29.202460974276011, 69.391533665905271 ], [ 29.309583420238098, 69.469799086782245 ], [ 29.142290380754211, 69.673587513973104 ], [ 28.408393425944936, 69.82217092011912 ], [ 28.32164300338572, 69.881798648082324 ], [ 28.037725938697712, 69.987485338407268 ], [ 27.91485650651132, 70.086780282279747 ], [ 27.610447496947678, 70.070167082412055 ], [ 27.27114544118923, 69.953114525069125 ], [ 27.039992002010681, 69.921623615297264 ], [ 26.81696319287304, 69.95735442168187 ], [ 26.494632825734957, 69.939398340405489 ], [ 26.357340828496472, 69.848226927333528 ], [ 25.951526034477148, 69.687663823391034 ], [ 25.953450164037811, 69.604193128120514 ], [ 25.865409820042562, 69.532593067669012 ], [ 25.819312958024614, 69.44291325106569 ], [ 25.819329974247424, 69.373630724285803 ], [ 25.715646392105199, 69.246882427539219 ], [ 25.733208731011331, 68.989345378900722 ], [ 25.617896272561499, 68.898637624672389 ], [ 25.441436747770368, 68.892595815144247 ], [ 25.186488238265476, 68.807113658419667 ], [ 25.136175158114423, 68.759333064162064 ], [ 25.097245236314826, 68.645688854028435 ], [ 24.891209215589466, 68.569843088480454 ], [ 24.734624496228001, 68.646703825201627 ], [ 24.297973333983833, 68.720971114136418 ], [ 24.124871789278938, 68.787406369822634 ], [ 23.890012722483505, 68.831701262850729 ], [ 23.780337977650998, 68.810189415125834 ], [ 23.652203419833988, 68.70720795271987 ], [ 23.196929473482225, 68.637617068178741 ], [ 23.02692384278869, 68.686303997692391 ], [ 22.793783479040314, 68.691247817839425 ], [ 22.541055455252025, 68.738639148033684 ], [ 22.399967675625756, 68.72691420456249 ], [ 22.316239694865125, 68.839701874583369 ], [ 21.979469820824917, 69.075048328787133 ], [ 21.633233057476534, 69.264529083262289 ], [ 21.294914735465373, 69.303389389358216 ], [ 21.021821481456282, 69.211682123365762 ], [ 21.020441456479393, 69.172826863273755 ], [ 21.07877263918936, 69.103404032050776 ], [ 21.05143267748981, 69.04374472130938 ], [ 20.723344735848976, 69.115393341953734 ], [ 20.548636558941542, 69.059968546070451 ], [ 20.198053862802126, 69.026472334962961 ], [ 20.289514687371366, 68.910315299132421 ], [ 20.306750888481361, 68.802627039615786 ], [ 20.194790505895206, 68.672961112965254 ], [ 20.026374795887968, 68.569276802886165 ], [ 20.121386948051519, 68.463068736431282 ], [ 19.942604678577272, 68.379371869600391 ], [ 19.024869003513967, 68.507891882941664 ], [ 18.629976523146606, 68.513165180975633 ], [ 18.404623049449683, 68.571406618199859 ], [ 18.125925245692624, 68.536515955763804 ], [ 18.10538553158225, 68.425350701360927 ], [ 18.140647704456235, 68.195177964238638 ], [ 17.905596393929166, 67.97887064804182 ], [ 17.281439397177831, 68.11308197526597 ], [ 17.169489878745718, 68.048183027372232 ], [ 16.758471163863113, 67.919211144229678 ], [ 16.549242752964975, 67.642671674438034 ], [ 16.421469650099979, 67.544682899922663 ], [ 16.169096237290155, 67.516898496369066 ], [ 16.108399911533443, 67.456351774315451 ], [ 16.114056693088706, 67.41982476695938 ], [ 16.394186963016619, 67.208471266805773 ], [ 16.388785006077878, 67.070739075328817 ], [ 15.990119708767805, 66.87059783591215 ], [ 15.62982984564772, 66.601786346144962 ], [ 15.398171827759196, 66.493374643924369 ], [ 15.409250144756408, 66.429149726928983 ], [ 15.453994737947466, 66.345233502675413 ], [ 15.459718150306415, 66.276346811877332 ], [ 15.052207404078583, 66.158829225997096 ], [ 14.528315195173731, 66.126957169555098 ], [ 14.617223006434154, 65.81257322454961 ], [ 14.542152059606835, 65.694341039117333 ], [ 14.5083922503668, 65.561214348070507 ], [ 14.502018365707608, 65.319311375043128 ], [ 14.381875275732106, 65.243065145270876 ], [ 14.325984923806821, 65.118915970255543 ], [ 13.692172328051756, 64.60015536664325 ], [ 14.111401745394017, 64.42476922233493 ], [ 14.143563218554783, 64.198483417860871 ], [ 13.99450801851383, 64.039187286750561 ], [ 13.115004283486195, 64.081457681981192 ], [ 12.919703573769638, 64.053193325194343 ], [ 12.685731201547014, 63.969771689768535 ], [ 12.180132689389541, 63.607501791917258 ], [ 12.196054449610621, 63.480476459509411 ], [ 11.995943106119356, 63.267083840431312 ], [ 12.19412231633626, 63.015350252120044 ], [ 12.09036844137816, 62.896669999485631 ], [ 12.125024949697291, 62.749999645048128 ], [ 12.072930431460302, 62.609649649934234 ], [ 12.299370194289882, 62.267493986114701 ], [ 12.145884260586563, 61.730440421789154 ], [ 12.41663769377511, 61.569076133779816 ], [ 12.579662751185026, 61.559072070775571 ], [ 12.856827620012677, 61.363608015836419 ], [ 12.822037216565452, 61.243080800789635 ], [ 12.703618444739455, 61.128889440636819 ], [ 12.670176624040115, 61.05597642255367 ], [ 12.235658561605174, 61.010332131441686 ], [ 12.324093769690274, 60.895996032590304 ], [ 12.394526019189881, 60.740450324731768 ], [ 12.602609630722446, 60.510230343261256 ], [ 12.599507864626146, 60.406267754194594 ], [ 12.505491288759721, 60.316255026432103 ], [ 12.535265029884286, 60.188810738848574 ], [ 12.493131810829107, 60.09205986788843 ], [ 12.336900654623157, 59.967170742635041 ], [ 12.179854073439412, 59.896851774382945 ], [ 11.974721066562564, 59.895860349651578 ], [ 11.839814230042647, 59.840672274460687 ], [ 11.907266238520116, 59.796818635295296 ], [ 11.921083286787139, 59.704357895226302 ], [ 11.722352848605224, 59.620142686287707 ], [ 11.699724620877126, 59.586617260506479 ], [ 11.807605667382079, 59.349182516044813 ], [ 11.826196491599896, 59.237850055398525 ], [ 11.787418851531811, 59.200830802689566 ], [ 11.761058564339017, 59.079464338205348 ], [ 11.708683561590229, 59.028679269166624 ], [ 11.656115490954271, 58.915864050107253 ], [ 11.544494499671261, 58.88182964802418 ], [ 11.46404102271743, 58.895562187482298 ], [ 11.455452072519725, 59.006831061581906 ], [ 11.422582234971248, 59.056873016558491 ], [ 11.354887358534667, 59.114873689829949 ], [ 11.210271113986041, 59.100468912149843 ], [ 11.161440552217668, 59.155219385008508 ], [ 11.049042303379274, 59.135532594170506 ], [ 10.975383113022829, 59.17818665096943 ], [ 10.95190120248642, 59.1441876070189 ], [ 10.973952745636611, 59.081816750279081 ], [ 11.020842585308797, 59.096403012831694 ], [ 11.069658328679823, 59.079784010973576 ], [ 11.065830795460347, 59.019681916466197 ], [ 11.034892670453445, 59.004627669807391 ], [ 10.880339803599858, 59.079034854238017 ], [ 10.91505498283156, 59.142930425560742 ], [ 10.781356249597554, 59.1922967776013 ], [ 10.721488406323473, 59.326263563430395 ], [ 10.675577729325981, 59.331515696006718 ], [ 10.648503977428231, 59.406160639272812 ], [ 10.613503391596335, 59.432623988025526 ], [ 10.678158999844332, 59.491908178709672 ], [ 10.582372261639302, 59.737702494589229 ], [ 10.65809903750508, 59.85187571950091 ], [ 10.720541390440772, 59.766940102708439 ], [ 10.764788035935808, 59.82954441117176 ], [ 10.759745953845266, 59.880302506794784 ], [ 10.64198016966836, 59.911508459192845 ], [ 10.514890299245433, 59.821390938129582 ], [ 10.57693384323256, 59.586989961398565 ], [ 10.529197228789728, 59.546182925520306 ], [ 10.451440180440636, 59.544666734848647 ], [ 10.416111870396941, 59.65617911255422 ], [ 10.373701464144533, 59.677908671813654 ], [ 10.38433092279174, 59.534213615430694 ], [ 10.339704203637474, 59.500051444067438 ], [ 10.456646462026329, 59.413804305085407 ], [ 10.497629188293288, 59.316554347074202 ], [ 10.476296856115848, 59.228288494222681 ], [ 10.500567175682376, 59.187738490616702 ], [ 10.446350785835056, 59.153179962647151 ], [ 10.438310032199851, 59.08913807329651 ], [ 10.342136953377029, 59.153659888771628 ], [ 10.18627367482369, 59.035552010210289 ], [ 10.063971455868975, 59.028886267550526 ], [ 10.00055092828819, 58.982239401672878 ], [ 9.90080745033309, 58.971874523193243 ], [ 9.742358533174436, 59.054429278161287 ], [ 9.713594826947805, 58.998185316369216 ], [ 9.530915093007136, 58.869955903951364 ], [ 9.43556124606005, 58.864970382940726 ], [ 9.366022232663628, 58.771403556927716 ], [ 9.011807827379783, 58.610338971576056 ], [ 8.862531567663924, 58.458278196469514 ], [ 8.265169416534668, 58.153615799409067 ], [ 8.138654775557221, 58.122162486635169 ], [ 8.024615594395515, 58.139194485365486 ], [ 7.836094935297076, 58.060653553295552 ], [ 7.839306432749008, 58.022981349375797 ], [ 7.811582995159896, 58.006645081723711 ], [ 7.754894970035757, 58.039947056939837 ], [ 7.552950371138492, 57.99599060445162 ], [ 7.208747030230798, 58.038264017942545 ], [ 7.070386506579251, 58.010713394495866 ], [ 6.875841784496356, 58.10848091014784 ], [ 6.788770519928577, 58.073188893408151 ], [ 6.664585848250931, 58.081488818746003 ], [ 6.612772032314981, 58.124890759255557 ], [ 6.661715455160873, 58.210466571414898 ], [ 6.562721475989742, 58.223008325513298 ], [ 6.438776149309033, 58.290921211603745 ], [ 6.267795196475906, 58.319927306695995 ], [ 5.851180578982323, 58.470453273222397 ], [ 5.669763148736046, 58.574288860389991 ], [ 5.564632652718455, 58.702531482008567 ], [ 5.641150892196725, 58.990195289375492 ], [ 5.719261972430033, 58.990648455807722 ], [ 5.819375178475019, 58.943349376757169 ], [ 5.998683319324352, 58.95323954631457 ], [ 5.964631864209221, 59.206485685339018 ], [ 5.994473009231433, 59.254351137765276 ], [ 6.07463435120025, 59.295666365202194 ], [ 5.940578209740773, 59.451042151620406 ], [ 5.859651073220915, 59.471500779129812 ], [ 5.828151213765468, 59.371685601135958 ], [ 5.75289240415397, 59.32730327129687 ], [ 5.373957492820479, 59.27942245011333 ], [ 5.256960427470911, 59.193679882214639 ], [ 5.213239500334488, 59.334780412430646 ], [ 5.243337205827813, 59.430458675793723 ], [ 5.302746536158233, 59.481120681743782 ], [ 5.261810554849226, 59.515537829408878 ], [ 5.270819363453285, 59.560061060247428 ], [ 5.35885646568529, 59.626313129304577 ], [ 5.468494430133934, 59.604406919564589 ], [ 5.450169655912135, 59.676753321081591 ], [ 5.507215315843402, 59.708328967506482 ], [ 5.522963171416408, 59.580266840536972 ], [ 5.457213302593311, 59.49808635070692 ], [ 5.552269306011089, 59.54803485760489 ], [ 5.589401743120561, 59.673286519884584 ], [ 5.823667749494285, 59.645848387093679 ], [ 5.892503323317875, 59.749379506764342 ], [ 5.762873586660973, 59.808090080349743 ], [ 5.774240418977366, 59.868180691255603 ], [ 5.996099865843605, 60.009001779707738 ], [ 6.235003537966166, 60.251315859366969 ], [ 6.513721952998407, 60.374174785392952 ], [ 6.640800470477169, 60.352492090121899 ], [ 6.680927517412245, 60.415311062401344 ], [ 6.501294595714059, 60.434574417331191 ], [ 6.259503456843252, 60.367896887576443 ], [ 6.067293269081823, 60.23620374538914 ], [ 5.866003578703681, 60.04450233854876 ], [ 5.674536204694491, 59.946163651240823 ], [ 5.503369154742443, 59.816134507590256 ], [ 5.40081185499598, 59.802906073078852 ], [ 5.334253637342325, 59.863716288662886 ], [ 5.340031464815347, 59.964521657451478 ], [ 5.442077471616384, 60.033800466090852 ], [ 5.633422876057809, 60.076149827902405 ], [ 5.666074111205242, 60.139618387111447 ], [ 5.571686977381123, 60.200069866338623 ], [ 5.383113378804729, 60.179162094606085 ], [ 5.211662434691047, 60.244401107818646 ], [ 5.085013263301854, 60.222081253521331 ], [ 5.003331612610067, 60.247967749259026 ], [ 4.949006453021777, 60.345709125559956 ], [ 4.950939839982838, 60.41212794720137 ], [ 5.116060748089946, 60.429519760565562 ], [ 5.094738661880429, 60.514290617315481 ], [ 5.036794068157681, 60.577514097994609 ], [ 4.948137984457375, 60.768422577217606 ], [ 4.995822305335317, 60.768032785691432 ], [ 5.127765822665041, 60.686072178696634 ], [ 5.106711610254589, 60.752122772546066 ], [ 5.250663271612564, 60.753763852278794 ], [ 5.161040406650226, 60.816257291133454 ], [ 4.881400341610256, 60.87532470490747 ], [ 4.861609028335914, 60.944229683258463 ], [ 5.17450262368147, 61.049283217671331 ], [ 5.46696063545363, 61.041727081946178 ], [ 5.880030053157475, 61.111799443657041 ], [ 6.387322338581147, 61.076078682602926 ], [ 6.722141123927036, 61.137829686350145 ], [ 6.963162511881628, 61.098771879341477 ], [ 6.612094652738878, 61.231005020193585 ], [ 6.405887401549583, 61.144750364038607 ], [ 6.00742819955652, 61.185207597006958 ], [ 5.48721828762318, 61.10346995252452 ], [ 5.129865317486463, 61.135172741782419 ], [ 4.877554657740239, 61.092417878764692 ], [ 4.907192903711562, 61.165376013752592 ], [ 5.043037867593042, 61.228305331859936 ], [ 5.085467752226677, 61.40525166136851 ], [ 5.218588065599381, 61.548073468561441 ], [ 5.188829347608502, 61.606978580219746 ], [ 5.056628372208389, 61.676005791734291 ], [ 5.069208382857791, 61.766055357507192 ], [ 5.170149552939906, 61.812687203646433 ], [ 5.247989407876394, 61.819317921754774 ], [ 5.321114239250339, 61.845720999546117 ], [ 5.281075730483303, 61.883981018893699 ], [ 5.427563185751466, 61.912164101682457 ], [ 5.696711878066842, 61.884649529826945 ], [ 5.762009665881662, 61.845751147607558 ], [ 5.799299070793711, 61.8539938168853 ], [ 5.786783386764483, 61.91336012939599 ], [ 5.446734148492983, 61.934817873389392 ], [ 5.201071949421482, 61.90704067521586 ], [ 5.094915614673872, 61.927674931363498 ], [ 5.064131486342919, 61.902986704862002 ], [ 5.2341873906074, 61.862077787556473 ], [ 5.243025283849361, 61.834697218769342 ], [ 5.133862772483438, 61.826369104338951 ], [ 5.010383114256981, 61.789223006579348 ], [ 4.936771726374461, 61.804993748216582 ], [ 4.941567059133972, 61.879986165365132 ], [ 5.049635285221103, 61.980317302802014 ], [ 5.242253995721642, 62.023656778378893 ], [ 5.215506411601896, 62.150669050286965 ], [ 5.321920089774284, 62.127249951005417 ], [ 5.491458169180975, 62.014787354453389 ], [ 5.497074735423701, 62.15451748703461 ], [ 5.595662487256609, 62.288334389024769 ], [ 5.918693926872473, 62.392218516880241 ], [ 5.983663058158823, 62.378926069768347 ], [ 5.992832392038359, 62.333004175532153 ], [ 5.802866401184989, 62.218493266701692 ], [ 5.949741702217704, 62.135183598602225 ], [ 6.001794713126974, 62.150953365979291 ], [ 6.050015892854657, 62.23775947128663 ], [ 6.124425745874881, 62.295184363777501 ], [ 6.280497506024085, 62.333808750784932 ], [ 6.420735414464288, 62.315809465656216 ], [ 6.650864334647298, 62.41598232464041 ], [ 6.839209853135476, 62.390295866023166 ], [ 6.965702402836289, 62.283639972083414 ], [ 7.021039030910229, 62.270163498414114 ], [ 7.016662376288188, 62.323992099657112 ], [ 6.859588907958003, 62.431263146353672 ], [ 6.73744336947795, 62.457399708096474 ], [ 6.469021906638654, 62.455875811130952 ], [ 6.348466800266082, 62.542513883368493 ], [ 6.450299675390944, 62.595711733780746 ], [ 6.903934290305727, 62.63022527692425 ], [ 7.495102577701254, 62.610749569325939 ], [ 7.511669618612986, 62.666890547610691 ], [ 7.470399369148948, 62.710187796677864 ], [ 7.044789348081903, 62.782810767792228 ], [ 7.013245594417754, 62.889756537814414 ], [ 7.114973269478225, 62.963282600479594 ], [ 7.583340024428331, 63.055172972506874 ], [ 7.667312169293548, 62.949098887488809 ], [ 7.970795755754022, 62.937395611150741 ], [ 8.097124538421498, 62.893703840922953 ], [ 8.075264127995, 62.999486198408285 ], [ 8.118034093642528, 63.039499604615912 ], [ 8.34672305320383, 62.916507003091141 ], [ 8.429730437115987, 62.909893169578005 ], [ 8.390513617407146, 62.968056274686504 ], [ 8.257522518031527, 63.020417076010681 ], [ 8.187965725149244, 63.114304174633126 ], [ 8.289379220566502, 63.120981723960242 ], [ 8.288337779293656, 63.084225708346892 ], [ 8.316322184506669, 63.075007071092038 ], [ 8.363278024886272, 63.128150828097858 ], [ 8.832189143404005, 63.201979973720732 ], [ 8.593006665290924, 63.210776118931477 ], [ 8.407344908708142, 63.165992258951938 ], [ 8.12649676743829, 63.148973018411048 ], [ 8.039823761319278, 63.171951025578281 ], [ 8.111184777318138, 63.224498292794571 ], [ 8.453162246113246, 63.27987538614596 ], [ 8.525958445855483, 63.349945085516275 ], [ 8.755213217489228, 63.424254832054643 ], [ 9.041348829680842, 63.436453249461849 ], [ 9.18114764544943, 63.3396775711415 ], [ 9.229830200056281, 63.376720281511894 ], [ 9.2054311908154, 63.480476459975719 ], [ 9.296848277557489, 63.568066511513202 ], [ 9.41998254248101, 63.547900240377167 ], [ 9.689999592211541, 63.622027336330348 ], [ 9.917230687465965, 63.448208219696049 ], [ 9.942854691615139, 63.347211806761571 ], [ 10.123852792059264, 63.331359776981671 ], [ 10.146366870326077, 63.340029632585107 ], [ 10.123885251204342, 63.399245476456983 ], [ 10.207337826118794, 63.437336827516731 ], [ 10.757223763684502, 63.436261085162691 ], [ 10.822193829324959, 63.457834192892619 ], [ 10.835718901228077, 63.562611172127937 ], [ 10.73388842703725, 63.568393620357547 ], [ 10.733010872630929, 63.600155387568755 ], [ 10.946207859012279, 63.689953294165548 ], [ 11.135873963145842, 63.712501102968382 ], [ 11.393219245074471, 63.788447283098343 ], [ 11.404085206914038, 63.810847995009006 ], [ 11.355768182114156, 63.880112235936195 ], [ 11.317576851056096, 63.895456775385917 ], [ 11.084994865847596, 63.837023391505362 ], [ 10.871402736426168, 63.724893612929606 ], [ 10.062270172900549, 63.507397315986907 ], [ 9.952164446861406, 63.525076818007875 ], [ 9.868329755328084, 63.608391196655617 ], [ 9.853032919976869, 63.653620178041358 ], [ 9.888067806883324, 63.712132720387153 ], [ 9.61193918940668, 63.696535329810885 ], [ 9.613040649414492, 63.769436938026743 ], [ 9.685409756082134, 63.837023392143493 ], [ 10.047157140138449, 63.928102173925041 ], [ 10.028862695212023, 64.008060709069923 ], [ 10.049503487952123, 64.058306583501292 ], [ 10.46227968402456, 64.329565831769614 ], [ 10.584451855332665, 64.373760599818283 ], [ 10.648580516706364, 64.441169490776204 ], [ 10.963738539634765, 64.558400326984284 ], [ 11.355306049303827, 64.427645785884749 ], [ 11.372804440017422, 64.471856511221219 ], [ 11.205624851420124, 64.526513339400225 ], [ 11.11990545678424, 64.617036961995311 ], [ 11.267923240666876, 64.65800672559314 ], [ 11.32547284039166, 64.589681954808256 ], [ 11.454087614774538, 64.691795591598421 ], [ 11.678203849651229, 64.793421736266126 ], [ 11.606192936784938, 64.831289310942466 ], [ 11.391618126415093, 64.786506070729828 ], [ 11.039336608433402, 64.873007934835726 ], [ 10.822230094526835, 64.858061930706285 ], [ 10.79504895377967, 64.894145213905901 ], [ 10.871956859752734, 64.977409542574691 ], [ 11.106587271039659, 64.990978125006706 ], [ 11.292678359004103, 64.931815120753157 ], [ 11.634515133364793, 64.990122502444848 ], [ 11.71796509896796, 64.978888024789342 ], [ 11.938758840707255, 65.148924027380289 ], [ 12.018852623241237, 65.147919313902577 ], [ 12.024159981707076, 65.080160223437403 ], [ 11.981971911585546, 65.070815572805571 ], [ 12.042855118080475, 65.064854154253041 ], [ 12.127775458272602, 65.169895875589773 ], [ 12.190724102127579, 65.197617432945464 ], [ 12.260991449410252, 65.173714083183128 ], [ 12.315331993904405, 65.109571510727349 ], [ 12.384211347486335, 65.104181387903068 ], [ 12.361334412162972, 65.175968416490321 ], [ 12.394773281348719, 65.226223704802052 ], [ 12.344246900283267, 65.295345606010613 ], [ 12.400958442945013, 65.316304552135307 ], [ 12.410143750606808, 65.335573494982427 ], [ 12.275633613746232, 65.317021907011707 ], [ 12.199307310939634, 65.247590562924643 ], [ 12.110037508858284, 65.226992588463389 ], [ 12.128600950723758, 65.295410675674304 ], [ 12.268369453645999, 65.491534485793167 ], [ 12.447239830266067, 65.468097957215591 ], [ 12.524649440771412, 65.485792023027358 ], [ 12.407897019347356, 65.637923500183987 ], [ 12.557994969241076, 65.749896457934483 ], [ 12.603825896916799, 65.831285236636035 ], [ 12.502709127973572, 65.932676626622012 ], [ 12.620880278211823, 65.996474741812435 ], [ 12.795277903036139, 66.032990822620263 ], [ 12.882167206389894, 66.118811070017742 ], [ 13.178258053597094, 66.227067510623158 ], [ 13.21623182692651, 66.292475455192246 ], [ 13.08967745849638, 66.370438461675292 ], [ 13.103625278946115, 66.474119391780008 ], [ 13.255684863912689, 66.525647860799694 ], [ 13.313642243286953, 66.647733432784889 ], [ 13.610133132180561, 66.800732277092621 ], [ 13.675061036650055, 66.92855807099501 ], [ 13.942775389160431, 67.007815472183623 ], [ 14.11631847003304, 67.121853940256244 ], [ 14.286478236023887, 67.115150870658539 ], [ 14.573203721777631, 67.241834458909764 ], [ 14.601621108851312, 67.278523446658653 ], [ 14.572324592946956, 67.360339074979109 ], [ 14.854044120567812, 67.525500180596936 ], [ 15.048486462413035, 67.553694832759462 ], [ 15.236012616649575, 67.49491563631733 ], [ 15.494774187800306, 67.472861247734642 ], [ 15.464696444657978, 67.519426801691935 ], [ 15.315759113445742, 67.576754881109181 ], [ 15.28788551135858, 67.635129775033292 ], [ 15.334741288681595, 67.698350810697619 ], [ 15.492707093835781, 67.748843648787229 ], [ 15.513072921090275, 67.778368230923178 ], [ 15.367636154029526, 67.805020524031249 ], [ 15.046914139167743, 67.709224799241568 ], [ 14.919046109916005, 67.707471627382048 ], [ 14.901018705015192, 67.835688746098995 ], [ 14.993580285979315, 67.933197760311572 ], [ 15.172409729811655, 67.97595160796196 ], [ 15.363228640458651, 67.915581391829406 ], [ 15.785755016933559, 67.954791218046097 ], [ 15.810829012636072, 67.98213431603746 ], [ 15.456225375940665, 68.038872358087076 ], [ 15.406245846682175, 68.075277564187431 ], [ 15.51939722208321, 68.138279138168414 ], [ 15.756518248629211, 68.12508731726723 ], [ 15.986501689156553, 68.204732530211842 ], [ 16.060733054910028, 68.175436916953771 ], [ 16.143385040101695, 68.04617807911886 ], [ 16.231391930480374, 67.995948141203911 ], [ 16.349850177918658, 68.127340584276823 ], [ 16.342450206182775, 68.19566145011629 ], [ 16.286194789954862, 68.286899809611 ], [ 16.346246338628699, 68.350265831799547 ], [ 16.652595778808148, 68.400619410190203 ], [ 17.189810115511733, 68.365606455994737 ], [ 17.275746609878961, 68.419582072648794 ], [ 16.968646486461861, 68.489052077052818 ], [ 16.55779418409006, 68.447402520574158 ], [ 16.497182921741569, 68.465353560676178 ], [ 16.399477855259402, 68.426372270087754 ], [ 16.145705512941497, 68.399164369682225 ], [ 16.122431664166136, 68.436436106959391 ], [ 16.195161662950504, 68.524771607287761 ], [ 16.114290730013963, 68.538914960836038 ], [ 15.96692576694506, 68.411024922739742 ], [ 15.904734408993894, 68.401941274980118 ], [ 15.836796558240414, 68.431655870410495 ], [ 15.617994718494941, 68.329176713133137 ], [ 15.42583284938935, 68.358123956351164 ], [ 15.40111718197404, 68.412288393150504 ], [ 15.065748329025691, 68.292546977252627 ], [ 14.985676716812812, 68.344412210890411 ], [ 14.89495395371074, 68.254129981848436 ], [ 14.819735796123238, 68.223134019145206 ], [ 14.724406617617161, 68.312334756838595 ], [ 14.615511174708452, 68.240143948205727 ], [ 14.293910967610671, 68.17052833940582 ], [ 14.240118611715001, 68.176797940177764 ], [ 14.21899722599589, 68.23704615982993 ], [ 14.186655883480634, 68.250185460684847 ], [ 13.684654374129279, 68.093708337409538 ], [ 13.50130854175532, 68.116040020792951 ], [ 13.539104565598482, 68.21473422867615 ], [ 13.643412314630083, 68.289483916209349 ], [ 13.93365624318418, 68.329617499134059 ], [ 14.098578670957524, 68.284792509367321 ], [ 14.15557128793294, 68.324644578673144 ], [ 14.280765172171908, 68.297740990386359 ], [ 14.379189326710243, 68.357536810525914 ], [ 14.587027029838694, 68.421522078224683 ], [ 14.856300342507113, 68.411161759637451 ], [ 14.946487621357043, 68.450264207722185 ], [ 15.194459174988284, 68.472866213343352 ], [ 15.244222087674498, 68.556353698907657 ], [ 15.439210467915292, 68.640109765154946 ], [ 15.492235338083702, 68.787131962813817 ], [ 15.572634178984941, 68.829751162957109 ], [ 15.609282510566107, 68.899473715359591 ], [ 15.678919847677475, 68.951220414639621 ], [ 15.884307281362178, 68.943415456139974 ], [ 15.924401188257951, 68.883245944582995 ], [ 15.912949187383663, 68.79604888836613 ], [ 16.04382535443845, 68.741988062114416 ], [ 16.172163806169593, 68.824811280013378 ], [ 16.330260394616449, 68.852101858920747 ], [ 16.529417882244005, 68.791628949744009 ], [ 16.693915608731171, 68.669079991817753 ], [ 17.222768052905398, 68.725520576823683 ], [ 17.347913789239932, 68.810031587692137 ], [ 17.264026972687745, 68.844399896964887 ], [ 17.247804555992879, 68.896272676017063 ], [ 17.437873996814375, 68.935498102018613 ], [ 17.714484502321049, 69.101305777108834 ], [ 18.088383930847755, 69.168027644124777 ], [ 18.048246505672243, 69.218346435872832 ], [ 17.992730685091811, 69.226918102894317 ], [ 17.9927819620214, 69.308444125621406 ], [ 18.031350862031438, 69.339316666807676 ], [ 17.992786339592428, 69.344856596781938 ], [ 17.93152080935997, 69.300605703425163 ], [ 17.896447704123162, 69.175715818690222 ], [ 17.634667717702129, 69.155783328678481 ], [ 17.46734607845147, 69.187280866970852 ], [ 17.211282491362539, 69.074216648782638 ], [ 17.196479618969725, 69.025189621455212 ], [ 17.117037698594835, 69.012298100173993 ], [ 17.054090016133394, 69.024567977738897 ], [ 17.063029369223244, 69.074692204127516 ], [ 16.8132300227184, 69.073247233700329 ], [ 16.847432381680218, 69.115909589086144 ], [ 17.020650507863067, 69.156086507366368 ], [ 16.966417079794198, 69.216886386870257 ], [ 17.064344163961646, 69.259158057689817 ], [ 16.992440543809014, 69.300586469886483 ], [ 17.002883248062439, 69.340625488186788 ], [ 16.972541887138224, 69.390814089952983 ], [ 17.162405505584662, 69.431479241362211 ], [ 17.31352223754724, 69.426548009651071 ], [ 17.373197964288586, 69.518254916116078 ], [ 17.529585439312047, 69.50408688785609 ], [ 17.520703462520316, 69.570247908910105 ], [ 17.639974891085497, 69.519302133650456 ], [ 17.697775318379914, 69.574522145304286 ], [ 17.863496255776667, 69.559539235846657 ], [ 17.928634908227234, 69.515948431111042 ], [ 17.992781960976338, 69.513559677894392 ], [ 18.04604735106993, 69.488874839342742 ], [ 17.947927557747096, 69.421365099898566 ], [ 17.969164651003208, 69.407450311234541 ], [ 18.103578174548201, 69.397162555988828 ], [ 18.270051915673722, 69.439336159824251 ], [ 18.472952292518219, 69.355215771311535 ], [ 18.559514244493243, 69.352630436188008 ], [ 18.491399091080645, 69.514360953953627 ], [ 18.269882828645336, 69.540884724108238 ], [ 18.170979974747301, 69.603440427943639 ], [ 18.388532343584952, 69.748297744841338 ], [ 18.685783605835145, 69.790758533616525 ], [ 18.770858011217097, 69.924971660416844 ], [ 18.757740322751843, 70.054995708884306 ], [ 18.836970339875521, 70.115709789709655 ], [ 19.027401030711097, 70.054234795169251 ], [ 19.36714449700618, 70.069003676894468 ], [ 19.663580056199915, 69.944551562440282 ], [ 19.609664113521625, 69.868446540426078 ], [ 19.159628689066523, 69.809653009724926 ], [ 18.918297171358972, 69.640580037970579 ], [ 18.889936960382933, 69.682614914825535 ], [ 18.779017064021666, 69.68121698199441 ], [ 18.72387044868378, 69.645393094832997 ], [ 18.798899313918177, 69.609654407438285 ], [ 18.778953736742686, 69.560595293927832 ], [ 18.834639378992595, 69.545773661878201 ], [ 18.874199413654026, 69.483135929172334 ], [ 19.002020059326078, 69.388151464180467 ], [ 19.110758103679089, 69.348110133996784 ], [ 19.298722066886871, 69.333136144673247 ], [ 19.324699737390311, 69.303045186251396 ], [ 19.290616797940913, 69.240691958156489 ], [ 19.433629972746115, 69.235390872089411 ], [ 19.415295356085444, 69.310063188177566 ], [ 19.364064517233494, 69.358930094520517 ], [ 19.127764574065313, 69.379797797053342 ], [ 19.006326298941165, 69.448647146946172 ], [ 18.987902497385953, 69.537412568732762 ], [ 18.934368064195418, 69.616760121387443 ], [ 19.087745863878869, 69.691955064209409 ], [ 19.107898804338785, 69.732260942318533 ], [ 19.130004897952197, 69.723452834746723 ], [ 19.604714960810011, 69.763404526941827 ], [ 19.714537896804728, 69.575562779270456 ], [ 19.956052117480478, 69.800846721326536 ], [ 20.163325654101932, 69.906826921164566 ], [ 20.301548496673135, 69.901051126183091 ], [ 20.334534056024978, 69.835956836667322 ], [ 20.331109633784301, 69.670118252679075 ], [ 20.200906604716319, 69.492593011834288 ], [ 20.084228893042592, 69.391294028674352 ], [ 20.083653202362111, 69.359405635144142 ], [ 20.226902680983176, 69.405434537423659 ], [ 20.471590195747815, 69.566688548273078 ], [ 20.59210358014424, 69.841792154753293 ], [ 20.737497321400944, 69.890897731587629 ], [ 20.675151695193623, 70.014863709820418 ], [ 20.467111975053914, 70.109140742055231 ], [ 20.474479892388615, 70.157355765407473 ], [ 20.535168672061715, 70.190669410738806 ], [ 20.695650715444071, 70.197152380443583 ], [ 20.787552849649568, 70.157364723847749 ], [ 20.927969887130097, 70.019707761765602 ], [ 20.959188624034137, 69.895529663940664 ], [ 21.008507985079287, 69.849557703352815 ], [ 21.135818400401657, 69.86693078140587 ], [ 21.260476493619251, 69.956898790783455 ], [ 21.363582042302639, 69.982643033405694 ], [ 21.930526971576587, 69.869049230010077 ], [ 21.891595981406962, 70.011867613715097 ], [ 21.511925615947899, 70.113810997847864 ], [ 21.33982890498433, 70.207128111636933 ], [ 21.530909504876469, 70.270459043815507 ], [ 21.777656452692355, 70.231594654588847 ], [ 22.070378856623513, 70.286348909056557 ], [ 22.312641886904423, 70.197257606711915 ], [ 22.481662106975509, 70.228626056377948 ], [ 22.797173758153921, 70.20021602533258 ], [ 23.101911353331662, 70.002866327265821 ], [ 23.31476229523782, 69.993920079688692 ], [ 23.352039529843996, 70.024253247564673 ], [ 23.297235248258286, 70.105752685733265 ], [ 23.315360007933592, 70.200531624096627 ], [ 23.716032510085537, 70.475810973683167 ], [ 23.682584372159557, 70.631778642657352 ], [ 23.729738040234725, 70.71299482288309 ], [ 23.816942573959331, 70.719617356720917 ], [ 23.977994367270707, 70.675682699070606 ], [ 24.089006348971754, 70.536928053257142 ], [ 24.163079921470803, 70.512323236420556 ], [ 24.278175062470407, 70.623969704428163 ], [ 24.505369768964872, 70.676921597209969 ], [ 24.493833275696687, 70.713351581817591 ], [ 24.381461847539629, 70.764810716892654 ], [ 24.352139602821637, 70.808945734809583 ], [ 24.545951949346833, 70.857811754307562 ], [ 24.656091235641298, 70.953463372963569 ], [ 24.95282668270471, 70.938362909607491 ], [ 25.248679499399454, 70.869951954401358 ], [ 25.368231366753204, 70.951659595803449 ], [ 25.381308293064844, 71.050159942415419 ], [ 25.430103159260522, 71.087884316365304 ], [ 25.705224372227566, 71.143095878143555 ], [ 25.918037106458097, 71.09322495068993 ], [ 25.947571934303113, 71.004724546457354 ], [ 25.650491963945246, 70.923347699303946 ] ] ], [ [ [ 30.089233581829543, 69.874475932654363 ], [ 30.065297277115867, 69.811374021644809 ], [ 30.039062235607183, 69.813508829253024 ], [ 30.013427363857534, 69.877100736068812 ], [ 30.089233581829543, 69.874475932654363 ] ] ], [ [ [ 27.245726355738878, 70.798378251941529 ], [ 27.214500541377721, 70.772921182085071 ], [ 27.158620624888119, 70.797375878379228 ], [ 27.207387940818268, 70.81916064690644 ], [ 27.245726355738878, 70.798378251941529 ] ] ], [ [ [ 25.872287433293216, 70.700859356346896 ], [ 25.843175924829687, 70.668320320705462 ], [ 25.785292415657999, 70.682252556106988 ], [ 25.834745096392943, 70.715125213035478 ], [ 25.872287433293216, 70.700859356346896 ] ] ], [ [ [ 25.358286167879953, 70.288112008083033 ], [ 25.327305349062428, 70.259048226253753 ], [ 25.266496413042834, 70.278473489797207 ], [ 25.313696505023746, 70.303519153823004 ], [ 25.358286167879953, 70.288112008083033 ] ] ], [ [ [ 25.027919457106844, 71.012456887901649 ], [ 24.99137295295597, 70.99758035189511 ], [ 24.939495867805665, 71.027135331696726 ], [ 24.993664460151297, 71.046570208278169 ], [ 25.027919457106844, 71.012456887901649 ] ] ], [ [ [ 24.832234225883997, 71.086004988942065 ], [ 24.752513948900404, 71.030726592456716 ], [ 24.647696137344742, 71.06030667011575 ], [ 24.750972642678438, 71.114147929750501 ], [ 24.832234225883997, 71.086004988942065 ] ] ], [ [ [ 24.130501520090913, 70.951096453141162 ], [ 23.985980774149191, 70.918527900269126 ], [ 23.878675347188331, 70.994175072649355 ], [ 23.941979365581631, 71.058249872409689 ], [ 24.064298065163729, 71.073193725177461 ], [ 24.130501520090913, 70.951096453141162 ] ] ], [ [ [ 23.557201526812243, 70.527709133898867 ], [ 23.620746535307994, 70.466034836273778 ], [ 23.583858370136195, 70.42140591720144 ], [ 23.300101353927971, 70.303499578465136 ], [ 23.165733410505283, 70.278610347155237 ], [ 23.085393436759446, 70.29496813573941 ], [ 23.032885404010102, 70.349116510523871 ], [ 22.918025794272545, 70.366392147512641 ], [ 22.878722002720142, 70.425332522140565 ], [ 23.018101738008394, 70.494808569783316 ], [ 23.139985017391801, 70.501164908684558 ], [ 23.171321972082517, 70.529923277995124 ], [ 23.264598989917094, 70.492535622004823 ], [ 23.288696969213582, 70.540712505257986 ], [ 23.437770681837947, 70.55866463178856 ], [ 23.487353917187537, 70.618283657456587 ], [ 23.56076536831862, 70.599508868058763 ], [ 23.557201526812243, 70.527709133898867 ] ] ], [ [ [ 23.276282446894893, 70.141155934026017 ], [ 23.235202479963988, 70.116112740254493 ], [ 23.186102343172514, 70.135185710913632 ], [ 23.239845603719029, 70.161162280136395 ], [ 23.276282446894893, 70.141155934026017 ] ] ], [ [ [ 23.431922253806, 70.615130587025291 ], [ 23.398610074606669, 70.59075319595658 ], [ 23.355964248312773, 70.620622180203085 ], [ 23.409854392544329, 70.643059764052865 ], [ 23.431922253806, 70.615130587025291 ] ] ], [ [ [ 23.471384574093992, 70.797381140911497 ], [ 23.281140329878749, 70.696243321248744 ], [ 23.17867397760174, 70.678406163535229 ], [ 23.079473327960791, 70.587454543113722 ], [ 22.836885159540856, 70.51674309288768 ], [ 22.636584507615506, 70.538847152669561 ], [ 22.527835661869091, 70.496555398404539 ], [ 22.271702568150545, 70.509984989439573 ], [ 22.145643878840882, 70.48479588733305 ], [ 22.131091670312738, 70.510673525743584 ], [ 22.217679290873654, 70.55255349996041 ], [ 22.230158762881324, 70.594329060425352 ], [ 22.011354744410802, 70.593468751399215 ], [ 21.980034600502094, 70.632557960675967 ], [ 22.241797214122929, 70.661456791494032 ], [ 22.354762497257362, 70.639891016437232 ], [ 22.375352654271676, 70.695278614716131 ], [ 22.456132783574656, 70.68444702845963 ], [ 22.536872915970417, 70.711998445406493 ], [ 22.592971515142196, 70.694189174387063 ], [ 22.58880503910293, 70.655020399328677 ], [ 22.707939650887354, 70.6360709554056 ], [ 22.774313647297948, 70.662218568976712 ], [ 22.714853314706957, 70.728906476310129 ], [ 22.732412073266655, 70.751892407267661 ], [ 22.895277756154002, 70.725971294209216 ], [ 22.980789586587974, 70.674618962416318 ], [ 23.106247248402756, 70.732813964936327 ], [ 23.092444653382394, 70.805207586681334 ], [ 23.291615590472897, 70.792326325071954 ], [ 23.353963630056676, 70.852379476858061 ], [ 23.471384574093992, 70.797381140911497 ] ] ], [ [ [ 22.894001187368385, 70.311952388866871 ], [ 22.559440280314551, 70.23943954779736 ], [ 22.327978353785721, 70.324693361988054 ], [ 22.528495088904066, 70.401909332643058 ], [ 22.699441878080485, 70.416604430576911 ], [ 22.894001187368385, 70.311952388866871 ] ] ], [ [ [ 22.98777788448982, 70.776931271556393 ], [ 22.956840653109992, 70.737968604436773 ], [ 22.906020855638261, 70.751476339179092 ], [ 22.944699700459331, 70.783540277139167 ], [ 22.98777788448982, 70.776931271556393 ] ] ], [ [ [ 21.713064356826266, 70.003694333047477 ], [ 21.665180093201528, 69.989802000078356 ], [ 21.59900884673258, 70.025356130176689 ], [ 21.665887101167868, 70.041791221407479 ], [ 21.713064356826266, 70.003694333047477 ] ] ], [ [ [ 21.812056339873671, 70.348237270750687 ], [ 21.725522209731082, 70.259226775293698 ], [ 21.665100672654628, 70.295281140320853 ], [ 21.700906933899017, 70.387069165907377 ], [ 21.812056339873671, 70.348237270750687 ] ] ], [ [ [ 21.37100317993351, 70.10174862085394 ], [ 21.330744066369618, 70.084837961278751 ], [ 21.28517717187459, 70.10654645631449 ], [ 21.331412282476055, 70.131812600599048 ], [ 21.37100317993351, 70.10174862085394 ] ] ], [ [ [ 21.29546154197816, 70.046103188055483 ], [ 21.263309244738366, 70.018792678822251 ], [ 21.209714534155165, 70.042772190733075 ], [ 21.264640778667655, 70.065899711240817 ], [ 21.29546154197816, 70.046103188055483 ] ] ], [ [ [ 21.452121505641067, 70.355200228388568 ], [ 21.42494467071197, 70.325699915360474 ], [ 21.380143274429706, 70.357074803928938 ], [ 21.426156533205404, 70.383758286336374 ], [ 21.452121505641067, 70.355200228388568 ] ] ], [ [ [ 21.056955081845548, 69.949089803086579 ], [ 21.025112538564606, 69.916789528755288 ], [ 20.974413085616803, 69.931031773895299 ], [ 21.022614625580236, 69.965125461500307 ], [ 21.056955081845548, 69.949089803086579 ] ] ], [ [ [ 20.683418045754344, 69.963004062059596 ], [ 20.658844940897268, 69.937797847241825 ], [ 20.601226207956135, 69.951625312399557 ], [ 20.632418594465459, 69.993312376166386 ], [ 20.683418045754344, 69.963004062059596 ] ] ], [ [ [ 20.28640941583377, 70.258664760420643 ], [ 20.216262737658667, 70.219012724979322 ], [ 20.163163465434909, 70.296397818229806 ], [ 20.199760509944706, 70.304985657980126 ], [ 20.28640941583377, 70.258664760420643 ] ] ], [ [ [ 20.045745909995421, 70.093638750893078 ], [ 19.932801850227502, 70.052934429220812 ], [ 19.762222625312862, 70.061827270695161 ], [ 19.512309157622752, 70.238304311520054 ], [ 19.613184125728353, 70.27098708568964 ], [ 19.736483788485774, 70.23968514311801 ], [ 19.786551550403821, 70.18113206807709 ], [ 20.005513752948904, 70.162232383285044 ], [ 20.045745909995421, 70.093638750893078 ] ] ], [ [ [ 19.945898870128048, 69.997484763126977 ], [ 19.904471003013956, 69.984151943342468 ], [ 19.861373039274529, 70.009766468344935 ], [ 19.909226382667267, 70.031196113763897 ], [ 19.945898870128048, 69.997484763126977 ] ] ], [ [ [ 19.515474424277787, 70.098098723769411 ], [ 19.448248277481042, 70.081272901503667 ], [ 19.324993858703859, 70.14757236606998 ], [ 19.429653458051028, 70.170935624072598 ], [ 19.515474424277787, 70.098098723769411 ] ] ], [ [ [ 19.240149538832423, 70.136668034855163 ], [ 19.179623387709341, 70.109071134664092 ], [ 19.032327411938937, 70.150878909062499 ], [ 19.111262328883754, 70.242467269212867 ], [ 19.171169873536833, 70.270293695425892 ], [ 19.262099528409088, 70.194706616282289 ], [ 19.240149538832423, 70.136668034855163 ] ] ], [ [ [ 18.547604367568834, 69.852946015610186 ], [ 18.50790603504305, 69.8175183098368 ], [ 18.446621611005995, 69.835914119157664 ], [ 18.50527813740737, 69.868555100295154 ], [ 18.547604367568834, 69.852946015610186 ] ] ], [ [ [ 18.597555746146075, 70.035855699450536 ], [ 18.562149135089562, 70.015756853907433 ], [ 18.508283579869385, 70.041758270788208 ], [ 18.555954681459394, 70.06136362187155 ], [ 18.597555746146075, 70.035855699450536 ] ] ], [ [ [ 18.532255190227865, 69.997653374759992 ], [ 18.522737324119408, 69.95695862610539 ], [ 18.465057401000159, 69.960868905338202 ], [ 18.503077642753293, 70.006241211926124 ], [ 18.532255190227865, 69.997653374759992 ] ] ], [ [ [ 18.267137466706298, 69.734675002989832 ], [ 18.228892268005627, 69.714260192549403 ], [ 18.180334647228793, 69.736440963092875 ], [ 18.235769487221297, 69.760603236391432 ], [ 18.267137466706298, 69.734675002989832 ] ] ], [ [ [ 18.187597819019246, 69.690420656090637 ], [ 18.160946243911493, 69.658790101352707 ], [ 18.103559769555588, 69.672004080861313 ], [ 18.147356774100224, 69.703824229106829 ], [ 18.187597819019246, 69.690420656090637 ] ] ], [ [ [ 18.025955426719388, 69.625471928731031 ], [ 18.011906556108329, 69.608311776674199 ], [ 17.994114223865473, 69.628328044417714 ], [ 18.012982654935549, 69.639894737091879 ], [ 18.025955426719388, 69.625471928731031 ] ] ], [ [ [ 17.517498675935887, 69.071436251291402 ], [ 17.430998557044401, 68.988996677091265 ], [ 17.315031580550233, 69.004732227799607 ], [ 17.418598144628962, 69.087783074957514 ], [ 17.517498675935887, 69.071436251291402 ] ] ], [ [ [ 17.187207308148668, 68.78510166382641 ], [ 17.073812783784732, 68.728261322302188 ], [ 16.86125786807937, 68.77754880066405 ], [ 17.01516008066724, 68.862142906652394 ], [ 17.187207308148668, 68.78510166382641 ] ] ], [ [ [ 16.725646797944236, 68.868157859406679 ], [ 16.662961421828665, 68.852730610905681 ], [ 16.686006204039508, 68.903641685885844 ], [ 16.734890591812604, 68.890129889025246 ], [ 16.725646797944236, 68.868157859406679 ] ] ], [ [ [ 16.736802609140678, 68.963886192921976 ], [ 16.69453103811318, 68.930474468343064 ], [ 16.649741799994157, 68.953237451883595 ], [ 16.695374299069826, 68.976922821779056 ], [ 16.736802609140678, 68.963886192921976 ] ] ], [ [ [ 16.64725289955544, 68.975557603096334 ], [ 16.500380292020697, 68.875517012855681 ], [ 16.294107681300286, 68.954468300455119 ], [ 16.530738929696447, 69.048948302921744 ], [ 16.614153924672259, 69.023557742355166 ], [ 16.64725289955544, 68.975557603096334 ] ] ], [ [ [ 16.168650421842909, 68.333121827199506 ], [ 16.128336925463469, 68.32041381383948 ], [ 16.081816294490004, 68.34880916434058 ], [ 16.13481163376127, 68.365710301222165 ], [ 16.168650421842909, 68.333121827199506 ] ] ], [ [ [ 16.306522986196196, 68.886702934559352 ], [ 16.268073381843561, 68.876372692712593 ], [ 16.229125836300902, 68.903642037593229 ], [ 16.268153751500005, 68.928486890363459 ], [ 16.306522986196196, 68.886702934559352 ] ] ], [ [ [ 15.84462865201348, 69.023942216709415 ], [ 15.671148329800104, 68.976347524961184 ], [ 15.602895870370672, 68.98862654012126 ], [ 15.516207499151593, 68.892388386118697 ], [ 15.437815912351056, 68.891703220262585 ], [ 15.442661436571949, 68.990402688247499 ], [ 15.616818123119364, 69.121397938760168 ], [ 15.791124197799814, 69.160725126235306 ], [ 15.892633533292269, 69.258689488587095 ], [ 16.093603409665679, 69.312448073866989 ], [ 16.153125006035044, 69.289910675416991 ], [ 16.07928402109809, 69.16078837729674 ], [ 15.84462865201348, 69.023942216709415 ] ] ], [ [ [ 15.340794129145905, 68.338662501664402 ], [ 15.323912825299971, 68.302223816396094 ], [ 15.276235684632578, 68.31781095410544 ], [ 15.297314485837328, 68.356132102625907 ], [ 15.340794129145905, 68.338662501664402 ] ] ], [ [ [ 15.288954836870515, 68.916358871211827 ], [ 15.388204460922257, 68.721338005933958 ], [ 15.285874145075342, 68.642334731586928 ], [ 15.021877367418922, 68.579372315400377 ], [ 14.918040595610387, 68.510323201145368 ], [ 14.835978827309855, 68.495294082649352 ], [ 14.73794288410855, 68.541768093133257 ], [ 14.881555504289681, 68.637971136872949 ], [ 15.024176303549725, 68.680100856211865 ], [ 15.034209814326154, 68.70787413713613 ], [ 14.704976119796878, 68.679935807073932 ], [ 14.497927513518967, 68.617206634610767 ], [ 14.428717595035211, 68.629762605630944 ], [ 14.373590756068905, 68.683591909197006 ], [ 14.527961292296109, 68.790308551886653 ], [ 14.895543425346267, 68.801438886690022 ], [ 14.917420185724467, 68.905019017364168 ], [ 15.04085158535946, 68.86899033308822 ], [ 15.059323937783921, 68.98782156568042 ], [ 15.124617827552333, 69.018788236721605 ], [ 15.288954836870515, 68.916358871211827 ] ] ], [ [ [ 15.139009108587816, 67.652785128661861 ], [ 15.095729979778202, 67.633146217814542 ], [ 15.046910158660989, 67.655877869547808 ], [ 15.098177419068952, 67.676873995863104 ], [ 15.139009108587816, 67.652785128661861 ] ] ], [ [ [ 14.411241542702893, 67.425020701923444 ], [ 14.355926647043656, 67.379996315666034 ], [ 14.267525318040164, 67.401656108536713 ], [ 14.350498710268521, 67.445379690794596 ], [ 14.411241542702893, 67.425020701923444 ] ] ], [ [ [ 14.338757546364088, 68.606505699238284 ], [ 14.320723768206843, 68.575269128110364 ], [ 14.26295221222273, 68.58949053614235 ], [ 14.307037931892177, 68.625423712129219 ], [ 14.338757546364088, 68.606505699238284 ] ] ], [ [ [ 14.028877276986201, 67.148540706602617 ], [ 13.993770538098827, 67.122924134733552 ], [ 13.940259472038584, 67.146349106016885 ], [ 13.987847309390055, 67.168308585258615 ], [ 14.028877276986201, 67.148540706602617 ] ] ], [ [ [ 14.022005944165032, 67.278356261796247 ], [ 13.988835121413969, 67.253374836206277 ], [ 13.934215041198804, 67.277704822345299 ], [ 13.985322346828797, 67.299308564371827 ], [ 14.022005944165032, 67.278356261796247 ] ] ], [ [ [ 14.009891565752072, 67.431554195967863 ], [ 13.974212254546355, 67.39083747910567 ], [ 13.938794229022129, 67.422952569649027 ], [ 13.978581706974573, 67.44811720568579 ], [ 14.009891565752072, 67.431554195967863 ] ] ], [ [ [ 13.915786151499008, 67.407838659622044 ], [ 13.896839886672533, 67.384294104726266 ], [ 13.841935658271961, 67.394968834533714 ], [ 13.880894755480025, 67.436150774761941 ], [ 13.915786151499008, 67.407838659622044 ] ] ], [ [ [ 13.852575637202088, 67.079129744213304 ], [ 13.814036606329072, 67.046691072573353 ], [ 13.76735549012324, 67.07040507977861 ], [ 13.812178197873042, 67.093847031827551 ], [ 13.852575637202088, 67.079129744213304 ] ] ], [ [ [ 13.801018191057722, 67.174358292007625 ], [ 13.76063407905478, 67.14724234824584 ], [ 13.712341432780882, 67.167374385747593 ], [ 13.7652225509171, 67.193104390013346 ], [ 13.801018191057722, 67.174358292007625 ] ] ], [ [ [ 13.721958171497574, 67.060611310005868 ], [ 13.691464813612548, 67.039376148820452 ], [ 13.635788547204356, 67.061736844088159 ], [ 13.68897163356959, 67.086233239213612 ], [ 13.721958171497574, 67.060611310005868 ] ] ], [ [ [ 13.481410227326426, 66.921388478811522 ], [ 13.429184403435153, 66.892241534002153 ], [ 13.409344414058229, 66.928820788946723 ], [ 13.450424116315972, 66.9460394628003 ], [ 13.481410227326426, 66.921388478811522 ] ] ], [ [ [ 13.448277499032928, 66.846776838959542 ], [ 13.411193189702015, 66.807870217518854 ], [ 13.364790529450548, 66.825869034991371 ], [ 13.410127106912297, 66.855932356782944 ], [ 13.448277499032928, 66.846776838959542 ] ] ], [ [ [ 13.423013402744735, 66.771751226588933 ], [ 13.383155417558996, 66.745432756161904 ], [ 13.327570360275301, 66.764072922480793 ], [ 13.380938335421366, 66.791667216593027 ], [ 13.423013402744735, 66.771751226588933 ] ] ], [ [ [ 13.374492702629789, 66.930618250257524 ], [ 13.398156896692766, 66.889555395996581 ], [ 13.320890827148952, 66.891124538242835 ], [ 13.338183801309098, 66.920641837665471 ], [ 13.374492702629789, 66.930618250257524 ] ] ], [ [ [ 12.995421956114917, 67.879978158101636 ], [ 12.846491793826981, 67.87682592571629 ], [ 12.941490469004657, 68.003223283797567 ], [ 13.052054298122728, 68.079377179069681 ], [ 13.19638855392939, 68.085067915345476 ], [ 13.372103567903324, 68.155409214107522 ], [ 13.436094558950618, 68.13794033064903 ], [ 13.367762014478576, 68.042752810913072 ], [ 13.225830708638325, 68.008108213109622 ], [ 12.995421956114917, 67.879978158101636 ] ] ], [ [ [ 13.132006168657149, 66.592670656671146 ], [ 13.120116383352599, 66.575905773718105 ], [ 13.096786988479005, 66.582596556048657 ], [ 13.085913407692473, 66.611866419302956 ], [ 13.120116383457303, 66.640106590632584 ], [ 13.132006168657149, 66.592670656671146 ] ] ], [ [ [ 13.090390209486975, 66.687763535561004 ], [ 13.032835097252347, 66.562328540506584 ], [ 12.996405923229268, 66.570795186472864 ], [ 12.970958205479157, 66.673048950065251 ], [ 13.090390209486975, 66.687763535561004 ] ] ], [ [ [ 12.977749474393811, 66.193831992595037 ], [ 12.886919569625144, 66.1898593472648 ], [ 12.967099871811836, 66.265236888789005 ], [ 13.021427951471013, 66.260066017782293 ], [ 12.977749474393811, 66.193831992595037 ] ] ], [ [ [ 12.969426311899774, 66.431031275206109 ], [ 12.90701343911115, 66.384337103272031 ], [ 12.815775447042698, 66.411422145150112 ], [ 12.891863116150409, 66.453791571952294 ], [ 12.969426311899774, 66.431031275206109 ] ] ], [ [ [ 12.959377675250551, 66.67785783695318 ], [ 12.939177461557659, 66.648502305619985 ], [ 12.882199597158879, 66.662037489508947 ], [ 12.92363165548942, 66.697595413908488 ], [ 12.959377675250551, 66.67785783695318 ] ] ], [ [ [ 12.949802561901919, 66.610850826700045 ], [ 12.936865470442221, 66.562716834257202 ], [ 12.882794116596818, 66.577376185276179 ], [ 12.921362997156789, 66.615186520271024 ], [ 12.949802561901919, 66.610850826700045 ] ] ], [ [ [ 12.896610902481141, 66.283101359995072 ], [ 12.813209502904215, 66.209703278468695 ], [ 12.701004904611336, 66.244968942939607 ], [ 12.811284992186847, 66.309141046950558 ], [ 12.896610902481141, 66.283101359995072 ] ] ], [ [ [ 12.867208113887235, 66.530386268068909 ], [ 12.830294142902154, 66.510860775570109 ], [ 12.785852396382181, 66.535103773692384 ], [ 12.821043852027096, 66.59936894467765 ], [ 12.866405234687115, 66.603623626694457 ], [ 12.867208113887235, 66.530386268068909 ] ] ], [ [ [ 12.760488153923866, 66.16224933089137 ], [ 12.724625249313268, 66.142517901017015 ], [ 12.685731202315766, 66.154870109605341 ], [ 12.685731202693594, 66.176891936932208 ], [ 12.732840712988414, 66.183753618935512 ], [ 12.760488153923866, 66.16224933089137 ] ] ], [ [ [ 12.717029726633493, 66.321997487891807 ], [ 12.67089680479055, 66.293955303654087 ], [ 12.64469701012321, 66.342616129220346 ], [ 12.684488760712377, 66.34586271632665 ], [ 12.717029726633493, 66.321997487891807 ] ] ], [ [ [ 12.681128464761061, 66.56724079298084 ], [ 12.623232967772337, 66.545038903967495 ], [ 12.581253465916371, 66.582937502072355 ], [ 12.653725474649416, 66.625228003966456 ], [ 12.681128464761061, 66.56724079298084 ] ] ], [ [ [ 12.379010106328272, 66.012189881018628 ], [ 12.267400944661535, 65.960175416428797 ], [ 12.19955356053371, 65.984922515429332 ], [ 12.555721852495498, 66.202896351787786 ], [ 12.597730799678253, 66.20259826967326 ], [ 12.628578578208815, 66.16471094792665 ], [ 12.54156118353745, 66.040299203902862 ], [ 12.379010106328272, 66.012189881018628 ] ] ], [ [ [ 12.602907397551459, 66.370050287176028 ], [ 12.551648368203603, 66.344499805476929 ], [ 12.482345058272717, 66.372283391961304 ], [ 12.555650493011752, 66.395068606519743 ], [ 12.602907397551459, 66.370050287176028 ] ] ], [ [ [ 12.539992194114808, 65.773450396457235 ], [ 12.51022493391892, 65.765814572167912 ], [ 12.451276401705085, 65.807083282128715 ], [ 12.497431814766838, 65.816145197085064 ], [ 12.539992194114808, 65.773450396457235 ] ] ], [ [ [ 12.59955167137009, 66.743733678135953 ], [ 12.575799492070631, 66.702903397947466 ], [ 12.521042682648023, 66.718146767998334 ], [ 12.557515302806006, 66.74833788789789 ], [ 12.59955167137009, 66.743733678135953 ] ] ], [ [ [ 12.682677599060147, 67.677230226032748 ], [ 12.605179779469447, 67.620593680208941 ], [ 12.543617579038802, 67.630807838578278 ], [ 12.64445173219841, 67.686571294625139 ], [ 12.682677599060147, 67.677230226032748 ] ] ], [ [ [ 12.534779428859798, 66.305268139195746 ], [ 12.530035111391776, 66.279274770795453 ], [ 12.458949200527046, 66.330629605674773 ], [ 12.500178014251293, 66.342469510577885 ], [ 12.534779428859798, 66.305268139195746 ] ] ], [ [ [ 12.450961944979303, 65.825384328740014 ], [ 12.412347197008977, 65.801476228630207 ], [ 12.36421960817675, 65.825219683280693 ], [ 12.414687812741024, 65.847996040961775 ], [ 12.450961944979303, 65.825384328740014 ] ] ], [ [ [ 12.351480104329669, 65.938344717852203 ], [ 12.322381600992722, 65.878379494801337 ], [ 12.28927124788064, 65.888492470164053 ], [ 12.313727943918675, 65.936304484518232 ], [ 12.351480104329669, 65.938344717852203 ] ] ], [ [ [ 12.386831801583304, 66.362449001845945 ], [ 12.343866945257696, 66.34106508146678 ], [ 12.295216880778232, 66.363058205802488 ], [ 12.34591540279915, 66.385092886593497 ], [ 12.386831801583304, 66.362449001845945 ] ] ], [ [ [ 12.345973577166035, 66.160791106492951 ], [ 12.332328309322801, 66.128855370845855 ], [ 12.282832002652791, 66.134721968264401 ], [ 12.305419778989245, 66.181647362508059 ], [ 12.345973577166035, 66.160791106492951 ] ] ], [ [ [ 12.250822850775105, 65.823043536446662 ], [ 12.245802183621333, 65.763385000316788 ], [ 12.218370539900334, 65.769443647212228 ], [ 12.191395236111099, 65.828430548785278 ], [ 12.250822850775105, 65.823043536446662 ] ] ], [ [ [ 12.259416165867286, 66.052664225714622 ], [ 12.233376624956287, 66.043582670989139 ], [ 12.179135668371458, 66.081810141579325 ], [ 12.224110911170696, 66.097206023814806 ], [ 12.259416165867286, 66.052664225714622 ] ] ], [ [ [ 12.181392559840075, 65.643252686913243 ], [ 12.161948478532993, 65.59705031095767 ], [ 12.109696037932288, 65.601554748760279 ], [ 12.141050880326691, 65.641173301477849 ], [ 12.181392559840075, 65.643252686913243 ] ] ], [ [ [ 12.162372853986824, 65.484016741793624 ], [ 12.121302073764218, 65.40630770956578 ], [ 12.040281260908596, 65.418171060440486 ], [ 12.068310299227671, 65.493351636813458 ], [ 12.129132328994528, 65.511427933138876 ], [ 12.162372853986824, 65.484016741793624 ] ] ], [ [ [ 12.180100325899854, 65.830832392553859 ], [ 12.14585919728559, 65.815116876204925 ], [ 12.102513275532473, 65.853155629700339 ], [ 12.159786202033445, 65.863114008283276 ], [ 12.180100325899854, 65.830832392553859 ] ] ], [ [ [ 12.176371547762548, 65.908728038834752 ], [ 12.120121544080522, 65.894211518116435 ], [ 12.086244793055601, 65.908764517971463 ], [ 12.136583344524251, 65.938973490456817 ], [ 12.176371547762548, 65.908728038834752 ] ] ], [ [ [ 12.17674335392986, 66.528556758453192 ], [ 12.147368863187848, 66.495991128054499 ], [ 12.091109560976548, 66.509354241968566 ], [ 12.138613198393271, 66.541145275802592 ], [ 12.17674335392986, 66.528556758453192 ] ] ], [ [ [ 12.091399081030097, 65.760604854030518 ], [ 12.049624946993893, 65.73573314705915 ], [ 12.017393511709347, 65.766446046036876 ], [ 12.051914416114467, 65.790073361806336 ], [ 12.091399081030097, 65.760604854030518 ] ] ], [ [ [ 12.041093555799273, 65.215326872903901 ], [ 12.004287772482082, 65.202170947456537 ], [ 11.954307350663493, 65.227111294475947 ], [ 11.99872905073196, 65.249417604545826 ], [ 12.041093555799273, 65.215326872903901 ] ] ], [ [ [ 12.050160310551608, 65.378751951885278 ], [ 12.018742812509407, 65.363776147765805 ], [ 11.975029487676665, 65.395603310586907 ], [ 12.028493885973411, 65.415293391813094 ], [ 12.050160310551608, 65.378751951885278 ] ] ], [ [ [ 12.073567039133511, 66.126652685792877 ], [ 12.042625448208696, 66.085268179862211 ], [ 12.00137841245655, 66.109371624233134 ], [ 12.042907093535716, 66.141228779121292 ], [ 12.073567039133511, 66.126652685792877 ] ] ], [ [ [ 12.026200654128241, 65.673312333597877 ], [ 11.91945172014819, 65.593054766168862 ], [ 11.73466310250806, 65.603018709469396 ], [ 11.680674658942957, 65.549585771944066 ], [ 11.627965525920811, 65.5667521461977 ], [ 11.85078283626309, 65.71862497105252 ], [ 12.026200654128241, 65.673312333597877 ] ] ], [ [ [ 12.126708480087991, 67.521903130866122 ], [ 12.078454530548404, 67.487319776537461 ], [ 12.047017083094856, 67.518639841842273 ], [ 12.096662418641129, 67.5386963309588 ], [ 12.126708480087991, 67.521903130866122 ] ] ], [ [ [ 11.742887866230724, 65.092019732775171 ], [ 11.657125588843376, 65.041944628252566 ], [ 11.55992859476417, 65.04384363938982 ], [ 11.533195797264142, 65.064854153676961 ], [ 11.590107767562509, 65.106873979589196 ], [ 11.742887866195808, 65.110976106177716 ], [ 11.742887866230724, 65.092019732775171 ] ] ], [ [ [ 11.254094973929535, 63.80957018371037 ], [ 11.214032601925812, 63.784149461821393 ], [ 11.165052067222531, 63.803399506007914 ], [ 11.217394882329751, 63.829696035313688 ], [ 11.254094973929535, 63.80957018371037 ] ] ], [ [ [ 11.265726922282006, 64.78209168046331 ], [ 11.244796526787491, 64.751555698848563 ], [ 11.197769810496737, 64.771077142154326 ], [ 11.230609233467881, 64.808629716141652 ], [ 11.265726922282006, 64.78209168046331 ] ] ], [ [ [ 11.106854944088946, 63.790100805371139 ], [ 11.075342109646606, 63.757559833647065 ], [ 11.017391349509987, 63.771811597138885 ], [ 11.06595700142625, 63.804326804989081 ], [ 11.106854944088946, 63.790100805371139 ] ] ], [ [ [ 10.854638029100766, 64.611349140760836 ], [ 10.845187927655292, 64.555378755154365 ], [ 10.824552600432201, 64.559778945752427 ], [ 10.800603929607069, 64.613069351510973 ], [ 10.854638029100766, 64.611349140760836 ] ] ], [ [ [ 10.632302930632592, 64.85416639508712 ], [ 10.600610452448487, 64.827071828162261 ], [ 10.551435323939527, 64.846748504168175 ], [ 10.605836610619885, 64.877445753955485 ], [ 10.632302930632592, 64.85416639508712 ] ] ], [ [ [ 10.579945450458455, 64.418956572597807 ], [ 10.533226716516952, 64.389561971948964 ], [ 10.489611258027926, 64.397652064113146 ], [ 10.530363892769566, 64.441831197820704 ], [ 10.579945450458455, 64.418956572597807 ] ] ], [ [ [ 10.270673109613835, 64.463241504416104 ], [ 10.227971258652136, 64.4417520957779 ], [ 10.179879262051022, 64.465033358382314 ], [ 10.229872278253261, 64.486154284064341 ], [ 10.270673109613835, 64.463241504416104 ] ] ], [ [ [ 10.055423580594507, 64.127725445900467 ], [ 10.017679309962071, 64.127725445712088 ], [ 9.985027097059227, 64.185231765824724 ], [ 10.055201136696395, 64.201440782514581 ], [ 10.055423580594507, 64.127725445900467 ] ] ], [ [ [ 9.953990847884263, 64.014269913560739 ], [ 9.908379115178709, 63.994691484826681 ], [ 9.86604634323289, 64.001995232941752 ], [ 9.88873653023202, 64.048725118510461 ], [ 9.953990847884263, 64.014269913560739 ] ] ], [ [ [ 9.503058945337083, 63.848177347439318 ], [ 9.486805410202289, 63.787488611526143 ], [ 9.44255352438825, 63.816501589879429 ], [ 9.469699202251777, 63.845218971412002 ], [ 9.503058945337083, 63.848177347439318 ] ] ], [ [ [ 9.451651358408366, 64.180781680217393 ], [ 9.414771161488481, 64.147172694719316 ], [ 9.365640196320641, 64.166312818462032 ], [ 9.409711548438819, 64.193232355750538 ], [ 9.451651358408366, 64.180781680217393 ] ] ], [ [ [ 9.458878818012941, 63.675530088868598 ], [ 9.426301319313477, 63.649315791453134 ], [ 9.371025428135892, 63.671636473502247 ], [ 9.421661300933872, 63.695037251830058 ], [ 9.458878818012941, 63.675530088868598 ] ] ], [ [ [ 9.426458415315123, 63.7897981395625 ], [ 9.368726173617095, 63.773641800769042 ], [ 9.384461952272479, 63.818139291167178 ], [ 9.443521767855577, 63.819242274537523 ], [ 9.426458415315123, 63.7897981395625 ] ] ], [ [ [ 9.148841368009547, 63.665434515710565 ], [ 9.189408963003551, 63.587976027938716 ], [ 8.470774089893712, 63.41379049051573 ], [ 8.258719229974581, 63.462812901482422 ], [ 8.380643067557559, 63.588044411593195 ], [ 8.453444418802105, 63.571323254635146 ], [ 8.812030047748216, 63.659799021432157 ], [ 9.030832942615143, 63.633330539102374 ], [ 9.148841368009547, 63.665434515710565 ] ] ], [ [ [ 9.167358101066013, 63.997118383394323 ], [ 9.133707977581228, 63.973102237592933 ], [ 9.07886330135981, 63.995933638063477 ], [ 9.130415287030905, 64.018652381211666 ], [ 9.167358101066013, 63.997118383394323 ] ] ], [ [ [ 9.15594749696252, 63.490969129736008 ], [ 9.12270997397191, 63.474096300880255 ], [ 9.098920266395702, 63.483248875629364 ], [ 9.097198623958002, 63.503846876825151 ], [ 9.120257122347871, 63.514273706957809 ], [ 9.15594749696252, 63.490969129736008 ] ] ], [ [ [ 8.922461090210186, 63.759916493842375 ], [ 8.738831869755458, 63.669666965438758 ], [ 8.513700882483869, 63.7043577053146 ], [ 8.771252653853667, 63.825762529989618 ], [ 8.870044634714514, 63.810676733444737 ], [ 8.922461090210186, 63.759916493842375 ] ] ], [ [ [ 8.616496725495546, 63.852439834865898 ], [ 8.599673950360998, 63.846536000688111 ], [ 8.583087839515745, 63.864636325005456 ], [ 8.602822186206105, 63.872741546123017 ], [ 8.616496725495546, 63.852439834865898 ] ] ], [ [ [ 8.577512470258334, 63.873274915795918 ], [ 8.567596238076751, 63.847654658817156 ], [ 8.514198412275901, 63.862195782149868 ], [ 8.529554018643402, 63.877711352523484 ], [ 8.577512470258334, 63.873274915795918 ] ] ], [ [ [ 8.493111647513166, 63.827189823031716 ], [ 8.459966838373351, 63.823137893507756 ], [ 8.443028290044065, 63.833121796125035 ], [ 8.471695451944427, 63.864425339851188 ], [ 8.516013010630488, 63.86581194839129 ], [ 8.493111647513166, 63.827189823031716 ] ] ], [ [ [ 8.267279500825163, 63.344654296350292 ], [ 8.232641194081564, 63.318825964536494 ], [ 8.176486959567441, 63.343062327698334 ], [ 8.231911967747671, 63.363253522717336 ], [ 8.267279500825163, 63.344654296350292 ] ] ], [ [ [ 8.180904913869369, 63.381055124856161 ], [ 8.012068954148813, 63.304379289630603 ], [ 7.857748130209503, 63.325954864806825 ], [ 7.771890903312561, 63.375883955120791 ], [ 7.828831791159118, 63.428270540708802 ], [ 7.980910623757637, 63.481289665475309 ], [ 8.121303526527003, 63.458169752731138 ], [ 8.180904913869369, 63.381055124856161 ] ] ], [ [ [ 7.953723569785574, 62.997446504755636 ], [ 7.878217410022466, 62.985147096040457 ], [ 7.903704958307851, 63.039650456802335 ], [ 7.968059597401183, 63.028636845055566 ], [ 7.953723569785574, 62.997446504755636 ] ] ], [ [ [ 7.881950367424253, 63.255053244425149 ], [ 7.823515816422423, 63.243581285794221 ], [ 7.758784854073253, 63.28007639443247 ], [ 7.835907751094579, 63.299028448173303 ], [ 7.881950367424253, 63.255053244425149 ] ] ], [ [ [ 7.888428346655701, 63.090382060126508 ], [ 7.777280423973354, 63.023769058473789 ], [ 7.702082845196172, 63.043018279062679 ], [ 7.760762626952842, 63.133080373580555 ], [ 7.83773083525004, 63.13411519658149 ], [ 7.888428346655701, 63.090382060126508 ] ] ], [ [ [ 7.88234700505303, 62.996121868774075 ], [ 7.844265166194722, 62.963744720385407 ], [ 7.800792157409845, 62.977893979103193 ], [ 7.844111238426393, 63.006162438904127 ], [ 7.88234700505303, 62.996121868774075 ] ] ], [ [ [ 7.6095491019405, 63.209023810679753 ], [ 7.564568217671468, 63.195094201444952 ], [ 7.534579545477016, 63.216569078890195 ], [ 7.605200861893396, 63.238880697112066 ], [ 7.621717867000926, 63.22794916831397 ], [ 7.6095491019405, 63.209023810679753 ] ] ], [ [ [ 7.329665055467734, 62.660193249647378 ], [ 7.294233642422608, 62.639921129269155 ], [ 7.240358221669094, 62.665562916833821 ], [ 7.288063993595732, 62.685471738261946 ], [ 7.329665055467734, 62.660193249647378 ] ] ], [ [ [ 6.97528099721595, 62.861483937924859 ], [ 6.905735181380377, 62.701661601620707 ], [ 6.710263326647354, 62.707168621235589 ], [ 6.898789886650194, 62.866377542037391 ], [ 6.97528099721595, 62.861483937924859 ] ] ], [ [ [ 6.482882520004643, 62.778414519598783 ], [ 6.471901731165556, 62.731411111836572 ], [ 6.415399103663404, 62.738884845461563 ], [ 6.44644629490575, 62.780501435876687 ], [ 6.482882520004643, 62.778414519598783 ] ] ], [ [ [ 6.459074842703325, 62.695777403429226 ], [ 6.416719211385608, 62.676157330111273 ], [ 6.367259316633588, 62.695840323993764 ], [ 6.418006660095979, 62.720101647727347 ], [ 6.459074842703325, 62.695777403429226 ] ] ], [ [ [ 6.351115891550753, 62.654750390987076 ], [ 6.311789562315213, 62.645088432335342 ], [ 6.264071160970508, 62.676484772661048 ], [ 6.30849849735931, 62.692263959794012 ], [ 6.351115891550753, 62.654750390987076 ] ] ], [ [ [ 6.241794448564885, 62.660336904866853 ], [ 6.192895716749496, 62.607910583513203 ], [ 6.135454706493202, 62.624824688302617 ], [ 6.177632037150899, 62.678369851309554 ], [ 6.241794448564885, 62.660336904866853 ] ] ], [ [ [ 6.268186592561529, 62.434374191974669 ], [ 6.198444546281754, 62.390607925644268 ], [ 6.112198994150797, 62.419481558960712 ], [ 6.201290581939907, 62.458669792335364 ], [ 6.268186592561529, 62.434374191974669 ] ] ], [ [ [ 6.140001110354384, 62.502742980891711 ], [ 6.118347841570764, 62.499894044432899 ], [ 6.047267718119475, 62.561188211004378 ], [ 6.114171955207435, 62.586307091304761 ], [ 6.140001110354384, 62.502742980891711 ] ] ], [ [ [ 6.015294337359019, 62.477898098427062 ], [ 5.977953645678916, 62.455664671792043 ], [ 5.927512268909926, 62.467167691058037 ], [ 5.965251470271538, 62.500076385321989 ], [ 6.015294337359019, 62.477898098427062 ] ] ], [ [ [ 5.999029732697069, 62.203157967852 ], [ 5.977543695347976, 62.187611371823579 ], [ 5.92932414920582, 62.215123226660083 ], [ 5.96695684157548, 62.247312848034568 ], [ 5.999029732697069, 62.203157967852 ] ] ], [ [ [ 5.646518660542426, 62.405463690981072 ], [ 5.636383562344804, 62.356762653575615 ], [ 5.61307747640783, 62.359830015853717 ], [ 5.590033795963221, 62.414361635447804 ], [ 5.646518660542426, 62.405463690981072 ] ] ], [ [ [ 5.565555284954608, 62.35610437536468 ], [ 5.53084715295286, 62.318013054460557 ], [ 5.465430650103552, 62.335437698906155 ], [ 5.519665146034679, 62.369172744255671 ], [ 5.565555284954608, 62.35610437536468 ] ] ], [ [ [ 5.510503523634591, 62.249473661484188 ], [ 5.468116596217315, 62.229072595722542 ], [ 5.418825457898635, 62.248635029646124 ], [ 5.469401002872019, 62.273095437798574 ], [ 5.510503523634591, 62.249473661484188 ] ] ], [ [ [ 5.893433981802468, 59.175333191345786 ], [ 5.845342066782637, 59.145323202632724 ], [ 5.774587262105573, 59.16702865068126 ], [ 5.8440038449389, 59.197445934829489 ], [ 5.893433981802468, 59.175333191345786 ] ] ], [ [ [ 5.877402139836306, 59.2523147459722 ], [ 5.838034427452016, 59.225109893464811 ], [ 5.776502678789242, 59.244369644408508 ], [ 5.830525954082245, 59.272804894106777 ], [ 5.877402139836306, 59.2523147459722 ] ] ], [ [ [ 5.421183992635505, 62.19244933849599 ], [ 5.388291405607919, 62.185323587455919 ], [ 5.333554518750776, 62.21641892008823 ], [ 5.377671465450014, 62.234272953552981 ], [ 5.421183992635505, 62.19244933849599 ] ] ], [ [ [ 5.71845237090319, 59.716806719343893 ], [ 5.702574319602904, 59.705836418048087 ], [ 5.637254023537188, 59.718247137139912 ], [ 5.663444369835816, 59.746313662590019 ], [ 5.71845237090319, 59.716806719343893 ] ] ], [ [ [ 5.734000253179198, 59.079464338202534 ], [ 5.657160849625917, 59.044548308425881 ], [ 5.598910640887738, 59.079464338053008 ], [ 5.5841658303338, 59.104906724349647 ], [ 5.626970100276012, 59.133794133611666 ], [ 5.728111523246617, 59.108109684111831 ], [ 5.734000253179198, 59.079464338202534 ] ] ], [ [ [ 5.497274987283623, 59.23362073472596 ], [ 5.439345345946811, 59.153442019732751 ], [ 5.366348549984774, 59.182280795280732 ], [ 5.402987889351841, 59.264317921570473 ], [ 5.497274987283623, 59.23362073472596 ] ] ], [ [ [ 5.153928813662239, 61.56600796637813 ], [ 5.121957842830827, 61.538747664393611 ], [ 5.068370974628925, 61.561290798029361 ], [ 5.12290203361432, 61.585959067374361 ], [ 5.153928813662239, 61.56600796637813 ] ] ], [ [ [ 5.135599146425427, 61.49446722002002 ], [ 5.087259997078667, 61.467482090606268 ], [ 5.046056354006948, 61.493032790243653 ], [ 5.101392028799251, 61.512769075688297 ], [ 5.135599146425427, 61.49446722002002 ] ] ], [ [ [ 5.250462666840674, 59.906022176174126 ], [ 5.261754045464362, 59.841911691594099 ], [ 5.347898523693043, 59.716992530363655 ], [ 5.284327161484602, 59.713822186615687 ], [ 5.237554251644603, 59.611285796781388 ], [ 5.198208053442764, 59.591637975725774 ], [ 5.165641702826262, 59.64979513577714 ], [ 5.167297731596274, 59.748085352477858 ], [ 5.062346948661955, 59.821685835685798 ], [ 5.102293287087322, 59.886543043330157 ], [ 5.200116076731904, 59.866500839077013 ], [ 5.250462666840674, 59.906022176174126 ] ] ], [ [ [ 5.427713878161839, 59.067635729994244 ], [ 5.406660820099916, 59.027502111564381 ], [ 5.354655999797362, 59.043393076603493 ], [ 5.391743938734447, 59.077780425074863 ], [ 5.427713878161839, 59.067635729994244 ] ] ], [ [ [ 5.284008868409551, 60.027132247270714 ], [ 5.243668384300729, 59.993718664867032 ], [ 5.108241602657634, 60.005268897692957 ], [ 5.169540437544805, 60.131436241195793 ], [ 5.243380871071276, 60.123265307498698 ], [ 5.286259647721807, 60.083579359134582 ], [ 5.284008868409551, 60.027132247270714 ] ] ], [ [ [ 4.999179307162715, 61.638332199776713 ], [ 4.968339534956347, 61.611311029394649 ], [ 4.912423552401788, 61.633805286974948 ], [ 4.960551608298313, 61.657412829511401 ], [ 4.999179307162715, 61.638332199776713 ] ] ], [ [ [ 5.02741638059353, 61.331309198341664 ], [ 4.921968752731366, 61.322338201547829 ], [ 4.880881074456046, 61.358999578810646 ], [ 4.919355547430324, 61.387411437642903 ], [ 5.003644945729373, 61.37829358703258 ], [ 5.02741638059353, 61.331309198341664 ] ] ], [ [ [ 4.982748762763292, 61.504185386677172 ], [ 4.944167800438972, 61.489511266878971 ], [ 4.901441260221748, 61.52387089242432 ], [ 4.933669164520375, 61.541677702845249 ], [ 4.982748762763292, 61.504185386677172 ] ] ], [ [ [ 4.899947832058015, 61.67637679301442 ], [ 4.862689655184053, 61.655821119340473 ], [ 4.815874284613012, 61.685881339886457 ], [ 4.869125243340877, 61.707782460403457 ], [ 4.899947832058015, 61.67637679301442 ] ] ], [ [ [ 4.886445374521138, 61.580958732167261 ], [ 4.823079946551977, 61.566044952452764 ], [ 4.780096580637272, 61.649173687282698 ], [ 4.860430114705834, 61.633799988197985 ], [ 4.886445374521138, 61.580958732167261 ] ] ], [ [ [ 5.108570131791263, 60.043005898336375 ], [ 5.067066963268421, 60.029080094343236 ], [ 5.031262815160267, 60.061351705871409 ], [ 5.080380044701039, 60.07811313169482 ], [ 5.108570131791263, 60.043005898336375 ] ] ], [ [ [ 5.188438898164094, 59.394156840286506 ], [ 5.175024045708821, 59.363147189067512 ], [ 5.115076789374744, 59.376141323639537 ], [ 5.162659866878857, 59.415110045028307 ], [ 5.188438898164094, 59.394156840286506 ] ] ], [ [ [ 4.881503135339583, 61.359848584017683 ], [ 4.843568352063286, 61.325287828326367 ], [ 4.795709008129937, 61.339089278476862 ], [ 4.839016468437092, 61.371215888872726 ], [ 4.881503135339583, 61.359848584017683 ] ] ], [ [ [ 4.852156795161545, 61.216253678983172 ], [ 4.813463595733796, 61.1875484405751 ], [ 4.7858893177203, 61.19790939969608 ], [ 4.827832596558273, 61.224653740742774 ], [ 4.852156795161545, 61.216253678983172 ] ] ], [ [ [ 4.799719710631372, 61.33139167989826 ], [ 4.726187795388748, 61.268345953516672 ], [ 4.6704299622005, 61.297327177768011 ], [ 4.740036633657362, 61.34258102499107 ], [ 4.799719710631372, 61.33139167989826 ] ] ], [ [ [ 4.902070098590686, 60.534238481191906 ], [ 4.897426132821696, 60.497412502887869 ], [ 4.83822767107429, 60.49861317479246 ], [ 4.826144282463357, 60.568608471173484 ], [ 4.763965110311403, 60.606390717119162 ], [ 4.799103433858643, 60.659996336479189 ], [ 4.825852785372093, 60.650042148434103 ], [ 4.902070098590686, 60.534238481191906 ] ] ], [ [ [ 4.849275286616705, 60.79397966772413 ], [ 4.810556828391103, 60.785800617689809 ], [ 4.766086181214773, 60.81802793969247 ], [ 4.818522730510893, 60.832000003991219 ], [ 4.849275286616705, 60.79397966772413 ] ] ], [ [ [ 4.785268643761539, 61.194341146738338 ], [ 4.748805037218427, 61.179249255200411 ], [ 4.717079287258615, 61.218548980963362 ], [ 4.770286854403686, 61.230794301466716 ], [ 4.785268643761539, 61.194341146738338 ] ] ], [ [ [ 4.728309110271456, 61.00095440684666 ], [ 4.668087087658628, 60.987317462180073 ], [ 4.633666363344483, 61.05804389433851 ], [ 4.701700852302916, 61.122136783526912 ], [ 4.745462062085743, 61.123807374916538 ], [ 4.714267696182006, 61.078001601138411 ], [ 4.728309110271456, 61.00095440684666 ] ] ], [ [ [ 4.767422381783517, 60.76810844135926 ], [ 4.725729584886201, 60.744995843456785 ], [ 4.678002996268689, 60.765778931121375 ], [ 4.731965134483011, 60.790281075154319 ], [ 4.767422381783517, 60.76810844135926 ] ] ], [ [ [ 4.745494789387217, 60.651648149161929 ], [ 4.702381226726, 60.64366161365971 ], [ 4.724623264837207, 60.704726230845409 ], [ 4.751390740618683, 60.712344699907312 ], [ 4.745494789387217, 60.651648149161929 ] ] ], [ [ [ 4.932527778330252, 59.308795994576748 ], [ 4.887629776231054, 59.28191654810044 ], [ 4.853233327975386, 59.30164301654527 ], [ 4.895400858183295, 59.333501976233258 ], [ 4.932527778330252, 59.308795994576748 ] ] ] ] } },
{ "type": "Feature", "properties": { "id": "PL", "name": "Poland" }, "geometry": { "type": "Polygon", "coordinates": [ [ [ 19.256953176573528, 54.278460452863854 ], [ 19.402407525619378, 54.268383376059681 ], [ 19.665003436582129, 54.356984772051241 ], [ 19.803880327582956, 54.44226411789478 ], [ 21.559321860377061, 54.322504110546511 ], [ 22.792011657932466, 54.363377298835339 ], [ 22.848411259500228, 54.401745194156135 ], [ 23.002049964526037, 54.38368048293141 ], [ 23.066790966603065, 54.309189748760595 ], [ 23.321498450982055, 54.253325926027742 ], [ 23.481990775440796, 54.149695905015378 ], [ 23.523961918536706, 54.061099751616297 ], [ 23.492002642539457, 53.997457202952432 ], [ 23.588701990368111, 53.695928564992293 ], [ 23.812342301277699, 53.254487203627995 ], [ 23.906224808559255, 53.159928397668281 ], [ 23.881987241332428, 53.085030240469933 ], [ 23.936466360838708, 52.980387431630255 ], [ 23.916248700936173, 52.904753916663935 ], [ 23.939041356362356, 52.778003145351327 ], [ 23.915327530039352, 52.707257362587626 ], [ 23.79819082540299, 52.637652370977399 ], [ 23.559730865658185, 52.583485672129179 ], [ 23.430292975340862, 52.522386464302116 ], [ 23.178411193654583, 52.283179675027988 ], [ 23.217552987795667, 52.228449595209355 ], [ 23.471258867847599, 52.174943585186355 ], [ 23.647955286456149, 52.071286453233945 ], [ 23.675701808251329, 51.991136154507998 ], [ 23.622818676470928, 51.925100111017862 ], [ 23.608545627799923, 51.850647496420819 ], [ 23.631580232084229, 51.79501835658872 ], [ 23.54122745038044, 51.737950243972278 ], [ 23.546239081788542, 51.602380094671666 ], [ 23.692422033974395, 51.415556700456982 ], [ 23.646784647053057, 51.305009122272871 ], [ 23.709220921396845, 51.277648603845684 ], [ 23.853211960028165, 51.142585685337913 ], [ 23.981510059594125, 50.955492616393556 ], [ 24.098188295756987, 50.879142996479999 ], [ 23.987609110824469, 50.79520737480388 ], [ 24.098188497684099, 50.637390112151955 ], [ 24.087973183739308, 50.553593907463316 ], [ 24.005792983054448, 50.42284835970365 ], [ 23.726189457937995, 50.381082284705663 ], [ 23.273780409679393, 50.081846228045428 ], [ 22.686149499637288, 49.573165595725804 ], [ 22.650505237700692, 49.52450561858651 ], [ 22.69896001050434, 49.479760680676293 ], [ 22.743303871904203, 49.364049600626863 ], [ 22.727420478884262, 49.180883819023599 ], [ 22.877665079574793, 49.094352939245809 ], [ 22.867805413998749, 49.002845563488648 ], [ 22.566840213020271, 49.088377401384143 ], [ 22.430258341422849, 49.103930351178988 ], [ 22.055618305594638, 49.216411103567005 ], [ 21.964162653629174, 49.338175508962877 ], [ 21.847443833322789, 49.383145733284259 ], [ 21.778481652101583, 49.367908513887606 ], [ 21.627208870296641, 49.439569551339403 ], [ 21.458143219236785, 49.415872222511098 ], [ 21.288785147150659, 49.455578224016826 ], [ 21.200967050667494, 49.405703283723973 ], [ 21.080488677431777, 49.425982996752325 ], [ 21.061569225486789, 49.410574298376808 ], [ 21.088817490004601, 49.375993571660025 ], [ 20.94365982359221, 49.302528516477189 ], [ 20.821723493841134, 49.344891688938397 ], [ 20.725083872137258, 49.415043894874493 ], [ 20.614939251411741, 49.417833082530024 ], [ 20.565731953410754, 49.382610060869339 ], [ 20.454568047539293, 49.414608626533969 ], [ 20.352787017029158, 49.397757691511302 ], [ 20.312889386368969, 49.355534762689274 ], [ 20.192808539561096, 49.338245797634713 ], [ 20.13509504311774, 49.299536805090213 ], [ 20.07895542536799, 49.187296879704562 ], [ 19.963537016517691, 49.230258557100761 ], [ 19.883929510417865, 49.20417706544545 ], [ 19.770414737494693, 49.215363314824302 ], [ 19.810821692367512, 49.279306269390425 ], [ 19.787556146671694, 49.400566339668025 ], [ 19.646571137789696, 49.411199536384871 ], [ 19.4673863400889, 49.613766865889431 ], [ 19.353461922653043, 49.540561950503232 ], [ 19.25217570114264, 49.52184427210041 ], [ 19.164019234235262, 49.411119011945999 ], [ 18.99595921362619, 49.397505833682594 ], [ 18.959006754548199, 49.504318067897444 ], [ 18.851551020597427, 49.51718893547573 ], [ 18.801859193624967, 49.669645474934711 ], [ 18.625587049378137, 49.732448598212393 ], [ 18.578606493068108, 49.826032858458092 ], [ 18.575724146611829, 49.910422957243448 ], [ 18.398723923384896, 49.938970101847552 ], [ 18.312150106753741, 49.924510505569778 ], [ 18.202785068841816, 49.988591590583376 ], [ 18.128277363857514, 49.996785508235945 ], [ 18.03506107939371, 50.065772019856844 ], [ 18.014757247894874, 50.047198142253599 ], [ 18.033109159208614, 50.010112217006117 ], [ 17.873237741269548, 49.976567689945966 ], [ 17.782416299634452, 50.026486698551892 ], [ 17.724757801290288, 50.097151007710835 ], [ 17.628917441553273, 50.128878966804308 ], [ 17.617186678732292, 50.16857476199619 ], [ 17.756373289081576, 50.220139008910877 ], [ 17.740773349416028, 50.297728756159948 ], [ 17.711611425145762, 50.31636686513442 ], [ 17.62100077993771, 50.27157372263737 ], [ 17.429605127301027, 50.254512985168382 ], [ 17.190904867711698, 50.380655458279726 ], [ 16.907924285709935, 50.449454076315305 ], [ 16.872740296947363, 50.408845601644444 ], [ 17.005536087661305, 50.291105353050078 ], [ 17.016597851413255, 50.231628164250274 ], [ 16.863269830285379, 50.19812309777074 ], [ 16.705345037961269, 50.102713227689883 ], [ 16.580289973043303, 50.142788096592604 ], [ 16.548439939307134, 50.22113318867288 ], [ 16.445805954613302, 50.308953662612133 ], [ 16.211609715205288, 50.427409092578401 ], [ 16.383094162438322, 50.520349218091688 ], [ 16.427274610947951, 50.598340945884978 ], [ 16.337868741901669, 50.651597912008491 ], [ 16.245389963632274, 50.664934390659788 ], [ 16.190634053597197, 50.632635824660838 ], [ 16.107318043110627, 50.662073016856034 ], [ 16.021929897247453, 50.611257952865834 ], [ 15.981196399471248, 50.682139106000086 ], [ 15.86949258629601, 50.677765569652465 ], [ 15.80960632158159, 50.747686288706035 ], [ 15.535267653333049, 50.779375994673657 ], [ 15.455775322585854, 50.801764489701412 ], [ 15.383728395306935, 50.783582618455334 ], [ 15.281978115649931, 50.901976364275306 ], [ 15.273846765258574, 50.966843313509216 ], [ 15.165004836412853, 51.009288489533347 ], [ 15.011622487912492, 51.01515946584594 ], [ 14.982449096437565, 50.993709836985644 ], [ 15.008884592030784, 50.958057321464203 ], [ 14.989533607781356, 50.872930503159822 ], [ 14.823362000421843, 50.870550369710386 ], [ 14.900628659388682, 50.95148638900163 ], [ 14.996954051320094, 51.129997585046162 ], [ 15.027368013255598, 51.281164139885483 ], [ 14.974182973158559, 51.363949975517315 ], [ 14.951206640923729, 51.463170409094083 ], [ 14.739262629689144, 51.531994720939089 ], [ 14.729861788905849, 51.581777111834718 ], [ 14.756635930303339, 51.612359602482591 ], [ 14.748729488887136, 51.667542877658001 ], [ 14.599875921606039, 51.830575206021308 ], [ 14.700544046874198, 51.917072861144931 ], [ 14.716716021503121, 52.001188018555361 ], [ 14.755105497678588, 52.070084554396161 ], [ 14.684877635352864, 52.126080618520568 ], [ 14.701828899739764, 52.24288478030072 ], [ 14.600891329490961, 52.272052004073402 ], [ 14.5343618896098, 52.395008036768587 ], [ 14.62238727993191, 52.487678736075161 ], [ 14.626436615064911, 52.575773551497136 ], [ 14.565062982428881, 52.624496888479115 ], [ 14.436438136474441, 52.679900359746931 ], [ 14.347491420715842, 52.749947278361375 ], [ 14.143252237895876, 52.831775860175256 ], [ 14.156692153419463, 52.895590996540946 ], [ 14.143657760567709, 52.961368386374154 ], [ 14.342810478533258, 53.054312361937171 ], [ 14.378715720414684, 53.182663299792999 ], [ 14.441376307132035, 53.25448720354504 ], [ 14.26786026928341, 53.697891614843307 ], [ 14.314873154858324, 53.731206585383376 ], [ 14.516316555622099, 53.65924248264335 ], [ 14.586833264079379, 53.605146206710664 ], [ 14.607130385703018, 53.645318191453704 ], [ 14.544426895166717, 53.7093468582718 ], [ 14.607245025429149, 53.793191650715578 ], [ 14.555152550313451, 53.852467764404878 ], [ 14.406437933162392, 53.885349443454473 ], [ 14.379041802498749, 53.877315224939984 ], [ 14.388888105471532, 53.841214429906763 ], [ 14.336621512272471, 53.822606218720026 ], [ 14.213077566133476, 53.866479428798783 ], [ 14.226302139564433, 53.928652851752311 ], [ 14.393036203710293, 53.920206161937124 ], [ 14.718705589643339, 54.013030456800983 ], [ 14.734402181473705, 53.981887892694985 ], [ 14.683231859246355, 53.937054942926316 ], [ 14.757466633677902, 53.918114572810616 ], [ 14.764065247152836, 53.98544621615325 ], [ 14.838079697144099, 54.040806986130853 ], [ 15.38803754045616, 54.158960617528031 ], [ 16.098694396285307, 54.274825108077742 ], [ 16.285876119446272, 54.366668560837411 ], [ 16.518251177367624, 54.532776087051559 ], [ 16.900698734095066, 54.59646187285756 ], [ 17.251075434350398, 54.730768333241656 ], [ 17.931753984624329, 54.826613336167767 ], [ 18.3204459215467, 54.831991767417584 ], [ 18.413013715394307, 54.789897502250717 ], [ 18.406059386337947, 54.731843936190636 ], [ 18.465372647182413, 54.688424720399539 ], [ 18.473685465907888, 54.632155435931359 ], [ 18.541726747519117, 54.584479945115035 ], [ 18.570827035393513, 54.459705991490459 ], [ 18.619035232378952, 54.421508743562974 ], [ 18.767940613861306, 54.369191224547166 ], [ 19.209432231838807, 54.352351088074812 ], [ 19.256953176573528, 54.278460452863854 ] ] ] } },
{ "type": "Feature", "properties": { "id": "PT", "name": "Portugal" }, "geometry": { "type": "MultiPolygon", "coordinates": [ [ [ [ -8.198510844538937, 41.92156951907446 ], [ -8.165075345114177, 41.818302138718735 ], [ -8.0518627247626, 41.820613920919243 ], [ -7.898409103114817, 41.919323217161313 ], [ -7.879368688091889, 41.86037107566662 ], [ -7.706939502419162, 41.902907854615705 ], [ -7.615163002119882, 41.873399130229039 ], [ -7.598640472464122, 41.834702777052598 ], [ -7.468686660412359, 41.862830373397955 ], [ -7.417802181098948, 41.818207855714675 ], [ -7.200464406593146, 41.879749416123516 ], [ -7.16532877120092, 41.978804560748806 ], [ -7.055147607508279, 41.949272416294392 ], [ -6.985800483593589, 41.971447052084685 ], [ -6.897984510127048, 41.941856555283323 ], [ -6.834670414926483, 41.948497512458374 ], [ -6.796093750962554, 41.986858149866357 ], [ -6.716600461080573, 41.937879855808788 ], [ -6.576681505322357, 41.954802667094107 ], [ -6.560452297350894, 41.887983021009028 ], [ -6.52506981042252, 41.864328948082239 ], [ -6.553774435992048, 41.747572329997809 ], [ -6.538349325814403, 41.682240686922583 ], [ -6.323686219481673, 41.667919938499757 ], [ -6.203885262519011, 41.585592289979559 ], [ -6.328375226602303, 41.391630609530907 ], [ -6.479713167971152, 41.294379828543576 ], [ -6.689786233769235, 41.205241370033022 ], [ -6.807831005087535, 41.048702596505947 ], [ -6.929864671971187, 41.029336226676442 ], [ -6.80816075523399, 40.859236581725 ], [ -6.826378256582589, 40.755518440515267 ], [ -6.800567690436214, 40.661421094111532 ], [ -6.837579507502033, 40.579586196718743 ], [ -6.801588018534751, 40.51883209685522 ], [ -6.842220655280625, 40.442373727564231 ], [ -6.78871655556236, 40.355290005830781 ], [ -6.865144205992289, 40.270694538718956 ], [ -6.951298651414942, 40.25744601884152 ], [ -7.013248987076081, 40.214921779939736 ], [ -7.018677851570007, 40.155386990112341 ], [ -6.940094272279941, 40.102600547056937 ], [ -6.873907016759536, 40.005171584831785 ], [ -6.911448042538966, 39.871087849910744 ], [ -6.975552500300975, 39.811509513655466 ], [ -7.012557274605511, 39.686054184281041 ], [ -7.055147608452283, 39.660872123152153 ], [ -7.347438214515712, 39.64352094984438 ], [ -7.542845392253438, 39.662786088274117 ], [ -7.492743549277236, 39.590039296773355 ], [ -7.308922915604658, 39.459287883953991 ], [ -7.312663629681401, 39.35370812129112 ], [ -7.231467160491739, 39.278431032474202 ], [ -7.237566783119284, 39.214185581306246 ], [ -7.148672902878833, 39.170142766878065 ], [ -7.131942404805032, 39.11031517567563 ], [ -7.055147608257077, 39.117035702862573 ], [ -6.987084030982011, 39.087430569582146 ], [ -6.960074818109846, 39.026357406898484 ], [ -7.055147608471573, 38.859062264819798 ], [ -7.260157036027793, 38.705993051748663 ], [ -7.255434014542164, 38.615417870551724 ], [ -7.3070329474054, 38.525952414209279 ], [ -7.308414722526693, 38.447764504746004 ], [ -7.107952585830986, 38.188121610477872 ], [ -7.055147607678792, 38.179489283649488 ], [ -6.931738573305778, 38.208378039563719 ], [ -7.006274580087766, 38.03451285386334 ], [ -7.055147607669018, 38.017762956159601 ], [ -7.10669512773111, 38.035458629534595 ], [ -7.250253028714204, 37.979401672516843 ], [ -7.292076993150717, 37.861364590929263 ], [ -7.416506861540191, 37.743557280915148 ], [ -7.504842713131173, 37.594807060245003 ], [ -7.512691485940048, 37.52625635650903 ], [ -7.45710136291269, 37.430588452322951 ], [ -7.401590666096807, 37.174407959952077 ], [ -7.568566802369237, 37.144490402709756 ], [ -7.908479097478992, 36.985290161442705 ], [ -8.174980487587282, 37.083467239568812 ], [ -8.596615478486612, 37.11701852059101 ], [ -8.943456476684803, 37.021271233710628 ], [ -8.963472489894698, 37.079230828740855 ], [ -8.796265456326473, 37.442878622890703 ], [ -8.795650056174676, 37.857556311212996 ], [ -8.812751122232646, 37.918208954421701 ], [ -8.873809631848587, 37.966289462965555 ], [ -8.781583115439643, 38.186499190328341 ], [ -8.794512747581328, 38.389702741393243 ], [ -8.697128323453988, 38.428315656263109 ], [ -8.735019810091874, 38.515696454118157 ], [ -8.765126136451208, 38.536246515347024 ], [ -8.808049119170562, 38.492141513454634 ], [ -8.889856627372613, 38.513044017943137 ], [ -9.051364510916891, 38.442110990812914 ], [ -9.209416382854297, 38.421745721121205 ], [ -9.187056470133744, 38.537846540417746 ], [ -9.24555461933994, 38.665717961119086 ], [ -9.159772893845551, 38.683260317275774 ], [ -9.097490329638539, 38.64494804682024 ], [ -9.020238172271128, 38.679908224223858 ], [ -9.027522326597905, 38.722267641228633 ], [ -8.924880814020192, 38.758673868927985 ], [ -8.968465853926055, 38.827764841044058 ], [ -9.026746981729469, 38.876914162878464 ], [ -9.162218742433835, 38.706518053317183 ], [ -9.321644730094844, 38.684058310261882 ], [ -9.454983188806416, 38.70687397860366 ], [ -9.485864304822115, 38.788250004722528 ], [ -9.424701069503021, 38.935789863555939 ], [ -9.41639512183453, 39.054759334335785 ], [ -9.341541506638769, 39.228775502099275 ], [ -9.354335067714775, 39.356203970051929 ], [ -9.100279146467216, 39.56338632904297 ], [ -9.040260312990194, 39.741423027344233 ], [ -8.894932677084142, 40.045503150714076 ], [ -8.869497019746129, 40.129656733431489 ], [ -8.899616784586582, 40.203079492207799 ], [ -8.784029168841608, 40.520365045753636 ], [ -8.702552578247916, 40.668431933513197 ], [ -8.73075216941054, 40.713155005293515 ], [ -8.69237694278827, 40.752448699686987 ], [ -8.653128772097496, 40.964761514461827 ], [ -8.666705912584709, 41.122548905433788 ], [ -8.780974537970554, 41.400659004283604 ], [ -8.77642795438369, 41.471971306662027 ], [ -8.811574119169556, 41.611567534596013 ], [ -8.874507357445047, 41.746869201063319 ], [ -8.871530104464851, 41.863901135906957 ], [ -8.62531479371995, 42.045325717773977 ], [ -8.338551376362421, 42.090057936983484 ], [ -8.199000323681684, 42.154419059346353 ], [ -8.17453179537034, 42.081283546795738 ], [ -8.101729958049422, 42.04594285585992 ], [ -8.198510844538937, 41.92156951907446 ] ] ], [ [ [ -16.272768852792403, 33.092099145613098 ], [ -16.315041252548529, 33.054956638612076 ], [ -16.380053551277882, 33.073719074132747 ], [ -16.324698724413704, 33.104764385298409 ], [ -16.272768852792403, 33.092099145613098 ] ] ], [ [ [ -17.186566617691934, 32.869005143818228 ], [ -17.064615140056095, 32.814930159433523 ], [ -16.909848143001817, 32.835494807603965 ], [ -16.739702704473455, 32.73416241432686 ], [ -16.82420862422731, 32.645849941304895 ], [ -16.959881564967102, 32.636095631452996 ], [ -17.20398012621671, 32.732306110736587 ], [ -17.271149277169663, 32.815582718262085 ], [ -17.186566617691934, 32.869005143818228 ] ] ], [ [ [ -15.992939566089367, 30.032927587430414 ], [ -16.025297185468389, 30.005209417044295 ], [ -16.063967905865063, 30.038673496840925 ], [ -16.026557395904025, 30.062117587340978 ], [ -15.992939566089367, 30.032927587430414 ] ] ], [ [ [ -25.788708967534721, 37.906882687144844 ], [ -25.584167613579911, 37.818171937337524 ], [ -25.235865666790591, 37.860209481415865 ], [ -25.153850618051862, 37.848022795608387 ], [ -25.134344948909504, 37.800098948928415 ], [ -25.188080361832924, 37.73901708030769 ], [ -25.50702813442846, 37.712481089072057 ], [ -25.594233689610711, 37.745022271381508 ], [ -25.711258711364099, 37.743155760815597 ], [ -25.832501849629452, 37.822373940817478 ], [ -25.858363563136368, 37.861142122767319 ], [ -25.788708967534721, 37.906882687144844 ] ] ], [ [ [ -25.060915108562519, 37.015042386978791 ], [ -25.005917057931548, 36.936667997748046 ], [ -25.157110838170709, 36.940508291740045 ], [ -25.201703695442589, 36.987391368435503 ], [ -25.060915108562519, 37.015042386978791 ] ] ], [ [ [ -27.040670425509578, 38.702973374666378 ], [ -27.086109032776108, 38.644938743438622 ], [ -27.271528721789839, 38.651272847693697 ], [ -27.355030736913378, 38.689519607094546 ], [ -27.387407561924913, 38.748539496375528 ], [ -27.309504880992346, 38.800525679461103 ], [ -27.110295166087148, 38.786395829757666 ], [ -27.058573640458381, 38.758331702609503 ], [ -27.040670425509578, 38.702973374666378 ] ] ], [ [ [ -27.949289741385055, 39.029952127431322 ], [ -28.020020376303286, 39.015308247317641 ], [ -28.097936131116249, 39.063216784285864 ], [ -28.001164645226158, 39.084352757178337 ], [ -27.949289741385055, 39.029952127431322 ] ] ], [ [ [ -28.037622163406823, 38.700413623585042 ], [ -27.899947002459939, 38.584084805406846 ], [ -28.085410491795802, 38.595742341629574 ], [ -28.240657857609602, 38.689311679218775 ], [ -28.037622163406823, 38.700413623585042 ] ] ], [ [ [ -28.140779720416361, 38.412273687417539 ], [ -28.217906433206142, 38.381578132359117 ], [ -28.410400991797239, 38.406669564613033 ], [ -28.531885503013047, 38.455958776775645 ], [ -28.602225833928863, 38.523952095566031 ], [ -28.517215962058835, 38.562963745858433 ], [ -28.399722100722471, 38.562972461715006 ], [ -28.140779720416361, 38.412273687417539 ] ] ], [ [ [ -28.581101197005896, 38.558836118068342 ], [ -28.688329919996153, 38.50827487479102 ], [ -28.832309286286137, 38.586191077751728 ], [ -28.678459091089628, 38.642033991698248 ], [ -28.581101197005896, 38.558836118068342 ] ] ], [ [ [ -31.081141522353853, 39.690311267229646 ], [ -31.115281889630765, 39.667413639771794 ], [ -31.141631875750345, 39.704224332670918 ], [ -31.097871416148674, 39.730111548655501 ], [ -31.081141522353853, 39.690311267229646 ] ] ], [ [ [ -31.152697654181321, 39.393185450590174 ], [ -31.200691127371588, 39.369099513728173 ], [ -31.252092940362267, 39.380301579447448 ], [ -31.274851649556091, 39.452681222852213 ], [ -31.219042731025546, 39.527053032691619 ], [ -31.126040749380998, 39.457648788842278 ], [ -31.152697654181321, 39.393185450590174 ] ] ] ] } },
{ "type": "Feature", "properties": { "id": "RO", "name": "Romania" }, "geometry": { "type": "Polygon", "coordinates": [ [ [ 26.934816506097885, 48.187110589653038 ], [ 26.969130161869163, 48.133568372333066 ], [ 27.028315637378103, 48.137354152407163 ], [ 27.036429817264001, 48.087312913392438 ], [ 27.174519283944306, 47.943391391267426 ], [ 27.208255290500251, 47.857344871265951 ], [ 27.28434370173483, 47.758066493909375 ], [ 27.276807754417995, 47.702185966825176 ], [ 27.481967399080549, 47.493340306414197 ], [ 27.553381792770278, 47.469221585096399 ], [ 27.583645267977719, 47.375934380571017 ], [ 27.63566448583795, 47.310588015806921 ], [ 27.732185617734068, 47.282538795876839 ], [ 27.809635713386012, 47.141604446213549 ], [ 28.036803403226529, 47.028969892846746 ], [ 28.110349477549128, 46.9231929220323 ], [ 28.10989755175002, 46.839443908474337 ], [ 28.244513117663686, 46.63660599321102 ], [ 28.219504363187365, 46.544097259521152 ], [ 28.252758713118592, 46.443561648821664 ], [ 28.23499278741194, 46.390073366827501 ], [ 28.116975173470625, 46.234389640950724 ], [ 28.122346533422991, 46.105447846347012 ], [ 28.092226670497155, 46.003778856917833 ], [ 28.125833536561291, 45.903666531572576 ], [ 28.11644683002487, 45.812681141325733 ], [ 28.169539741059616, 45.661766138653519 ], [ 28.102964044474099, 45.60428338451301 ], [ 28.211359774254689, 45.467279942410912 ], [ 28.271577879726589, 45.442189845417261 ], [ 28.354997660601608, 45.321855257332281 ], [ 28.704683219741522, 45.228261304990355 ], [ 28.76984305559634, 45.239610044409567 ], [ 28.805607142948222, 45.330178480057121 ], [ 28.937454261370938, 45.289422916275242 ], [ 29.227183368431803, 45.426539496550838 ], [ 29.406043618484542, 45.438079116291618 ], [ 29.550620276486239, 45.406824671477224 ], [ 29.612517860441756, 45.371313425650534 ], [ 29.666607335073298, 45.312571581519336 ], [ 29.67496309934479, 45.273674493317792 ], [ 29.662085002060433, 45.245165937368675 ], [ 29.679639740192773, 45.211837821780009 ], [ 29.643866152303485, 45.19578693144382 ], [ 29.676788844612474, 45.134885692630085 ], [ 29.597315438590588, 44.83855961865904 ], [ 29.270954761610032, 44.800116864776705 ], [ 29.084347764649724, 44.748508942488897 ], [ 28.994085056625188, 44.679625378204477 ], [ 28.639692253098559, 44.301838764111217 ], [ 28.655992242514881, 43.983838150061409 ], [ 28.57886540207587, 43.738696446706165 ], [ 28.448800768534525, 43.733999019074346 ], [ 28.22649680048627, 43.76247087717806 ], [ 28.012278191161311, 43.837317889043213 ], [ 27.922063757279208, 43.998547505086975 ], [ 27.756214497965015, 43.961778605286284 ], [ 27.695410010063529, 43.987342921266574 ], [ 27.651278809340205, 44.038652748236778 ], [ 27.595680845716704, 44.014900922333297 ], [ 27.401884428093805, 44.018502396301621 ], [ 27.294870652579494, 44.080664317703132 ], [ 27.271340275074547, 44.126335360923363 ], [ 26.920689398786031, 44.136653163241107 ], [ 26.783131718601709, 44.084153039992657 ], [ 26.358182171159669, 44.037160479522399 ], [ 26.112746577616374, 43.968559535665598 ], [ 25.748315797467757, 43.695837723171699 ], [ 25.672200966511038, 43.688148660396756 ], [ 25.54453953915834, 43.642845489064364 ], [ 25.386700931239233, 43.624303025810647 ], [ 24.9917895535757, 43.723591879061345 ], [ 24.746177342551043, 43.692497688046593 ], [ 24.599326460626152, 43.749349481068535 ], [ 24.489289514951093, 43.761106245910902 ], [ 24.323522460244565, 43.697685880485892 ], [ 24.112043469078795, 43.69994591813375 ], [ 23.72987045075223, 43.802908680054479 ], [ 23.63039276549237, 43.791049821134834 ], [ 23.4343932367475, 43.849032143297954 ], [ 22.997170932086586, 43.807867625668692 ], [ 22.882333618448232, 43.835459492930063 ], [ 22.847624827678988, 43.87514848516421 ], [ 22.888989530608921, 43.981394610929755 ], [ 23.03242385252949, 44.043485294330999 ], [ 23.02588463956366, 44.07890707021528 ], [ 22.675161314798697, 44.215662905919601 ], [ 22.672399570808359, 44.275059867983543 ], [ 22.540352099916745, 44.327927156322893 ], [ 22.466716293651377, 44.460997215200095 ], [ 22.538812014496585, 44.484344807764252 ], [ 22.596434761422309, 44.543807165210168 ], [ 22.744468369869825, 44.535785136767558 ], [ 22.751330318570083, 44.561612021431003 ], [ 22.702798826529683, 44.602556901325045 ], [ 22.601032060550168, 44.624159679148498 ], [ 22.439393492417466, 44.708708793382776 ], [ 22.312014287525361, 44.657174015208319 ], [ 22.190022812823354, 44.496800148415602 ], [ 22.144703168425092, 44.478114996899635 ], [ 22.051121543500912, 44.533250676074111 ], [ 22.012350642172681, 44.602318527698813 ], [ 21.933753131353978, 44.643828334434346 ], [ 21.642819487438377, 44.66502874301375 ], [ 21.580216736110916, 44.7573022787657 ], [ 21.405628173630436, 44.782229107264413 ], [ 21.358469960517478, 44.821612129442833 ], [ 21.385724594178757, 44.864423488871743 ], [ 21.550651598908644, 44.895493619307508 ], [ 21.532914818638567, 44.933316445431856 ], [ 21.37486360111841, 45.011501437333514 ], [ 21.447650935752453, 45.055452968328979 ], [ 21.517953164243231, 45.145240165489575 ], [ 21.479178678685173, 45.193027653081352 ], [ 21.242846711927491, 45.242565175787661 ], [ 21.176535787999466, 45.313656588470998 ], [ 21.016575129315974, 45.324627569155417 ], [ 20.85264370987138, 45.465393561904932 ], [ 20.777864383166538, 45.489121880283903 ], [ 20.821293300146209, 45.540563794156263 ], [ 20.771405970900627, 45.60618845083922 ], [ 20.812079995317458, 45.771956339220175 ], [ 20.718154507944384, 45.753950085671853 ], [ 20.566811221244173, 45.89871447878771 ], [ 20.365763218641572, 45.991314457938543 ], [ 20.264296224765818, 46.126373643191954 ], [ 20.349117604343359, 46.165325465420537 ], [ 20.457260324366317, 46.150514803106503 ], [ 20.511263759461251, 46.184030671420835 ], [ 20.6270789834604, 46.135409854867149 ], [ 20.705303478874171, 46.160937350966272 ], [ 20.775600194482472, 46.275909916160835 ], [ 21.083431372286892, 46.255034736378398 ], [ 21.172125209332524, 46.311066488559661 ], [ 21.216950081426301, 46.403326219063565 ], [ 21.300022159647696, 46.428085793678882 ], [ 21.267052998389147, 46.508913586039739 ], [ 21.322908375410869, 46.619071433993142 ], [ 21.441398021259612, 46.651467104929772 ], [ 21.446011389111366, 46.689446716494054 ], [ 21.518100606565476, 46.716013585367001 ], [ 21.498736079373909, 46.774210626500114 ], [ 21.672137520706261, 46.980673634654416 ], [ 21.658955200081223, 47.022131523723623 ], [ 21.721400564697465, 47.08963552346389 ], [ 21.792951445570292, 47.117598819385279 ], [ 21.93456855739672, 47.360994784992954 ], [ 22.020221799480435, 47.393194873756038 ], [ 22.019362314317149, 47.505461195981994 ], [ 22.128230234699458, 47.59808935441886 ], [ 22.180837315509567, 47.60009435743855 ], [ 22.306550933073495, 47.746148833075111 ], [ 22.409015575439543, 47.759770104237788 ], [ 22.472645429179668, 47.802069799543439 ], [ 22.572803594415213, 47.773701720411417 ], [ 22.677645175465582, 47.793224700991949 ], [ 22.935484089834922, 47.97234689890287 ], [ 22.937563915014724, 48.010714887965193 ], [ 23.079426685777268, 48.00710196671745 ], [ 23.122246454792577, 48.085265604698201 ], [ 23.171016018453948, 48.109321019427966 ], [ 23.265137237453931, 48.093601644450409 ], [ 23.310080598796311, 48.03737936748341 ], [ 23.493605066501228, 47.967811649463144 ], [ 23.539591407692772, 48.011190023384678 ], [ 23.781525749409163, 47.990579196299777 ], [ 23.861789780714179, 47.944342606603364 ], [ 23.991153332431168, 47.964953851103971 ], [ 24.237633722183734, 47.902189095210495 ], [ 24.424561306025453, 47.963774621525523 ], [ 24.562784813098144, 47.968482115712909 ], [ 24.639845774590306, 47.932675444437898 ], [ 24.682896534600268, 47.857344871474879 ], [ 24.814233739304875, 47.819363393797559 ], [ 24.886504152765092, 47.733235909896969 ], [ 24.921658615479124, 47.726723058151833 ], [ 25.094158551658342, 47.748691302888091 ], [ 25.217531902543183, 47.857344871288518 ], [ 25.333417602371284, 47.915923018682257 ], [ 26.098827336191899, 47.978795830716606 ], [ 26.187633712028127, 48.004334457246657 ], [ 26.346262773364263, 48.181062991952416 ], [ 26.550845196428185, 48.216375329167512 ], [ 26.630559912278823, 48.259750026229938 ], [ 26.820534410424205, 48.245480522113645 ], [ 26.934816506097885, 48.187110589653038 ] ] ] } },
{ "type": "Feature", "properties": { "id": "SI", "name": "Slovenia" }, "geometry": { "type": "Polygon", "coordinates": [ [ [ 16.113849224648447, 46.869068117143819 ], [ 16.134600967539935, 46.856080984821808 ], [ 16.297566577861904, 46.866372461711386 ], [ 16.343455650961026, 46.835463346677052 ], [ 16.31216147079326, 46.778002425408737 ], [ 16.370793261080035, 46.722243534061995 ], [ 16.368553271586038, 46.704229407882025 ], [ 16.422299329439205, 46.689861529597948 ], [ 16.390379310087031, 46.638222252940494 ], [ 16.596804964532385, 46.47590243718723 ], [ 16.344073705581319, 46.541102005725669 ], [ 16.242148436167444, 46.490075568774294 ], [ 16.30154886347351, 46.378287902876245 ], [ 16.058116683776692, 46.39356600282953 ], [ 16.070813219813303, 46.349254604514392 ], [ 15.791475514417872, 46.259327495398814 ], [ 15.767498423778038, 46.213632867192104 ], [ 15.674853215916231, 46.227124035153935 ], [ 15.605134869730277, 46.141211606298796 ], [ 15.627262053073553, 46.085953418674194 ], [ 15.719908721354866, 46.054871456506696 ], [ 15.690317844683801, 45.842937667749325 ], [ 15.537639245024344, 45.842205954914206 ], [ 15.478899825359472, 45.827496029634119 ], [ 15.464062823029131, 45.799639999944539 ], [ 15.404489318447142, 45.792765497876047 ], [ 15.259645549481737, 45.726086015696978 ], [ 15.294137747536068, 45.698939899839083 ], [ 15.356741542867045, 45.702473420224166 ], [ 15.394659564365581, 45.658641943596656 ], [ 15.303034736268746, 45.626059017367915 ], [ 15.297424709170842, 45.585687329359921 ], [ 15.353809704471661, 45.485443631786133 ], [ 15.226437266274834, 45.427088048602336 ], [ 15.152389062373144, 45.431393750155813 ], [ 15.057328790342726, 45.492308922077065 ], [ 14.96249307419345, 45.511159546946082 ], [ 14.839758327945688, 45.465950814807449 ], [ 14.697140755317136, 45.536513569329642 ], [ 14.689006077593241, 45.581200593617069 ], [ 14.569820646375678, 45.672429028495763 ], [ 14.470751795296966, 45.53231004369961 ], [ 14.344887927368918, 45.478909795479943 ], [ 14.118196295984204, 45.481239102693145 ], [ 14.001949577331645, 45.520062662891277 ], [ 13.975307825627452, 45.456927878345809 ], [ 13.882136265843069, 45.430889635275975 ], [ 13.771449454237235, 45.461813390589953 ], [ 13.670264802424418, 45.445517939868076 ], [ 13.585649206347798, 45.478531945103938 ], [ 13.615719434508385, 45.539769617466149 ], [ 13.741046155397546, 45.558054119184305 ], [ 13.723158648707658, 45.594806766403458 ], [ 13.826545672467935, 45.585296608587065 ], [ 13.89868555510818, 45.643424790155116 ], [ 13.793923503545329, 45.740202429720348 ], [ 13.596242760471197, 45.807937324772205 ], [ 13.582943617527354, 45.86137089841791 ], [ 13.63717239080904, 45.938025609790756 ], [ 13.620869161530226, 45.984596023041995 ], [ 13.51470435846192, 45.979582791556297 ], [ 13.488467130635367, 46.004036456876136 ], [ 13.496939052950424, 46.051335023391523 ], [ 13.664051766610068, 46.170440605462993 ], [ 13.633614378458894, 46.191790826778465 ], [ 13.423996433903026, 46.219485060132527 ], [ 13.402879967444214, 46.300137003372249 ], [ 13.451950103265858, 46.356304960930693 ], [ 13.598527423149385, 46.432078288142193 ], [ 13.684031873864656, 46.437472358623261 ], [ 13.714185081104839, 46.522703436818034 ], [ 13.912182511084136, 46.517051599423063 ], [ 14.006514959554574, 46.48135987206534 ], [ 14.100073946554918, 46.479787266766891 ], [ 14.153396347344694, 46.436779160751534 ], [ 14.434500307154595, 46.442943627270715 ], [ 14.441961445736901, 46.423780939874014 ], [ 14.521819115005144, 46.417124293730616 ], [ 14.565175356464151, 46.372453487596673 ], [ 14.597461745611696, 46.427532129151004 ], [ 14.674706775115691, 46.45066036099972 ], [ 14.728195321420113, 46.49782832870644 ], [ 14.818605832413349, 46.509383022604496 ], [ 14.827682159730434, 46.547832067805487 ], [ 14.884301204818568, 46.611744573765108 ], [ 14.922071375390194, 46.607933454042978 ], [ 15.065120556616975, 46.652112654514568 ], [ 15.160204494336163, 46.657113612713125 ], [ 15.240906223806963, 46.640926608081834 ], [ 15.401979531977201, 46.653548404314343 ], [ 15.520070185457028, 46.621535327881389 ], [ 15.542442112084439, 46.629951080229034 ], [ 15.563052528408983, 46.674851367363452 ], [ 15.674535940130131, 46.702449452151036 ], [ 15.752443758843631, 46.697968857973805 ], [ 15.861914518399939, 46.719603380157125 ], [ 16.038086132591214, 46.656145545076271 ], [ 16.039503544433131, 46.690901832597277 ], [ 15.995842941911413, 46.734453496772595 ], [ 15.996236035495743, 46.835398663563559 ], [ 16.05839037847813, 46.838670009858312 ], [ 16.113849224648447, 46.869068117143819 ] ] ] } },
{ "type": "Feature", "properties": { "id": "SK", "name": "Slovakia" }, "geometry": { "type": "Polygon", "coordinates": [ [ [ 19.787556146671694, 49.400566339668025 ], [ 19.810821692367512, 49.279306269390425 ], [ 19.770414737494693, 49.215363314824302 ], [ 19.883929510417865, 49.20417706544545 ], [ 19.963537016517691, 49.230258557100761 ], [ 20.07895542536799, 49.187296879704562 ], [ 20.13509504311774, 49.299536805090213 ], [ 20.192808539561096, 49.338245797634713 ], [ 20.312889386368969, 49.355534762689274 ], [ 20.352787017029158, 49.397757691511302 ], [ 20.454568047539293, 49.414608626533969 ], [ 20.565731953410754, 49.382610060869339 ], [ 20.614939251411741, 49.417833082530024 ], [ 20.725083872137258, 49.415043894874493 ], [ 20.821723493841134, 49.344891688938397 ], [ 20.94365982359221, 49.302528516477189 ], [ 21.088817490004601, 49.375993571660025 ], [ 21.061569225486789, 49.410574298376808 ], [ 21.080488677431777, 49.425982996752325 ], [ 21.200967050667494, 49.405703283723973 ], [ 21.288785147150659, 49.455578224016826 ], [ 21.458143219236785, 49.415872222511098 ], [ 21.627208870296641, 49.439569551339403 ], [ 21.778481652101583, 49.367908513887606 ], [ 21.847443833322789, 49.383145733284259 ], [ 21.964162653629174, 49.338175508962877 ], [ 22.055618305594638, 49.216411103567005 ], [ 22.430258341422849, 49.103930351178988 ], [ 22.566840213020271, 49.088377401384143 ], [ 22.539273593410691, 49.014405635281008 ], [ 22.46664800612394, 48.976257404274683 ], [ 22.382873138720587, 48.862390842408956 ], [ 22.338516895550484, 48.692302825224587 ], [ 22.16610240046856, 48.570872450342598 ], [ 22.155305928265857, 48.403396528291104 ], [ 22.121077289339677, 48.378311434866092 ], [ 21.746117055694448, 48.345280428412558 ], [ 21.672902370663529, 48.395056123837925 ], [ 21.605489695008902, 48.503341558374075 ], [ 21.448044828640498, 48.576726720311939 ], [ 21.125967671727565, 48.500895537256895 ], [ 20.834547287209698, 48.576284108918586 ], [ 20.722071359681664, 48.569953941669667 ], [ 20.519920748724523, 48.531138562570717 ], [ 20.316640566335501, 48.274657490213848 ], [ 20.150677919636959, 48.246179085261424 ], [ 20.051878785909643, 48.167704144531918 ], [ 19.925690475544524, 48.136298251605886 ], [ 19.632404091668349, 48.244437702237214 ], [ 19.527292442571706, 48.196800628090259 ], [ 19.472707069026313, 48.10287352429819 ], [ 19.229253230026981, 48.058091005611999 ], [ 19.014322597321353, 48.077736526989533 ], [ 18.837233612872669, 48.045630111404584 ], [ 18.766585166574068, 47.972628280137663 ], [ 18.766013090727803, 47.883818860897577 ], [ 18.849373507529343, 47.817225239212675 ], [ 18.766626767382022, 47.815435074644874 ], [ 18.623289495984075, 47.760049533881471 ], [ 17.893922756242731, 47.739456968348911 ], [ 17.705436496202939, 47.758992498011835 ], [ 17.454494880129825, 47.890929064265372 ], [ 17.347075801044515, 47.982336603669538 ], [ 17.247427296701833, 48.012008995987046 ], [ 17.160797384405882, 48.00665656242419 ], [ 17.089671067619264, 48.05127545721232 ], [ 17.066740796888016, 48.118681623342638 ], [ 16.976202765622823, 48.172244470494327 ], [ 16.947222764609464, 48.259956643309799 ], [ 16.854211863572136, 48.355505121213682 ], [ 16.851042834021701, 48.438639879336186 ], [ 16.949777879653578, 48.535791855859486 ], [ 16.940278025624135, 48.617245444121018 ], [ 17.040245660305356, 48.756720730574685 ], [ 17.185262894858969, 48.865980926818217 ], [ 17.396725476005503, 48.813350116468172 ], [ 17.646930065533351, 48.854265880434816 ], [ 17.787174915476658, 48.921445524972128 ], [ 17.877822776980441, 48.932868268267555 ], [ 17.930106871633612, 49.016156856528355 ], [ 18.072267197842386, 49.043940169766294 ], [ 18.16709978264581, 49.267246948906688 ], [ 18.391607473599841, 49.345462218141094 ], [ 18.403595554276631, 49.396745481822229 ], [ 18.465432777678011, 49.407171874730629 ], [ 18.570911146587012, 49.504027469433844 ], [ 18.750424443569155, 49.493446562755999 ], [ 18.851551020597427, 49.51718893547573 ], [ 18.959006754548199, 49.504318067897444 ], [ 18.99595921362619, 49.397505833682594 ], [ 19.164019234235262, 49.411119011945999 ], [ 19.25217570114264, 49.52184427210041 ], [ 19.353461922653043, 49.540561950503232 ], [ 19.4673863400889, 49.613766865889431 ], [ 19.646571137789696, 49.411199536384871 ], [ 19.787556146671694, 49.400566339668025 ] ] ] } },
{ "type": "Feature", "properties": { "id": "TR", "name": "Türkiye" }, "geometry": { "type": "MultiPolygon", "coordinates": [ [ [ [ 35.105262269127508, 41.963096240562528 ], [ 35.127714127041777, 41.866023903881256 ], [ 35.280178013076259, 41.72412221342794 ], [ 35.412108399629027, 41.684156995393934 ], [ 35.596924051998386, 41.638011353384663 ], [ 35.985930885434101, 41.716378352687343 ], [ 36.102956086254359, 41.62819680459539 ], [ 36.152028336852162, 41.447619120306371 ], [ 36.357042680041147, 41.284565133141648 ], [ 36.46988429136475, 41.256554003045366 ], [ 36.559324738496578, 41.288335569552309 ], [ 36.655693407188984, 41.366408286303241 ], [ 36.711652211628738, 41.36713214823105 ], [ 36.969138080301732, 41.294500056787371 ], [ 37.052782118016289, 41.185150007054716 ], [ 37.169871700360922, 41.147588694448444 ], [ 37.281821463658133, 41.142377098830643 ], [ 37.55761324644628, 41.025584358091429 ], [ 37.6669122091905, 41.116637917055279 ], [ 37.759739761029714, 41.115741764266069 ], [ 37.79814551653083, 41.039555540584537 ], [ 37.891182019366873, 40.989558866437392 ], [ 38.495059075713044, 40.916361093388993 ], [ 38.623952890187269, 40.966365557306609 ], [ 38.713389614910241, 40.954698175706667 ], [ 38.79790233834408, 40.999794305866409 ], [ 39.180622699612186, 41.073689695121722 ], [ 39.27775230593975, 41.051603073319534 ], [ 39.438916034506299, 41.101706942251326 ], [ 39.637742563140904, 41.003499879726739 ], [ 39.735819000284145, 41.006880886864963 ], [ 39.883607955400514, 40.955832622750471 ], [ 39.998565398915972, 40.961128671953823 ], [ 40.176717454140935, 40.916422875485054 ], [ 40.396752956262404, 41.025953714011621 ], [ 40.555255706645049, 41.034610981284843 ], [ 40.661606033970955, 41.071336782888437 ], [ 40.821492670694312, 41.168511765598517 ], [ 41.050492955702438, 41.21532533930516 ], [ 41.246210800002899, 41.323529194363886 ], [ 41.402634200880293, 41.38795902693635 ], [ 41.547134447240545, 41.520382071177437 ], [ 41.809729344554903, 41.44554048702414 ], [ 41.961245182912151, 41.517827726777519 ], [ 42.2681672369634, 41.491929348730565 ], [ 42.520234000411541, 41.436705995495245 ], [ 42.600986166597004, 41.580620932246617 ], [ 42.825998181248238, 41.58416638123115 ], [ 42.816561894157722, 41.491128603607606 ], [ 42.952654480927158, 41.456170810593001 ], [ 43.025585480241496, 41.380980731987592 ], [ 43.194533685784904, 41.295873369554712 ], [ 43.16227926362123, 41.258768241722365 ], [ 43.23882403281268, 41.179811843983579 ], [ 43.365772715168276, 41.199627023472438 ], [ 43.438047109115999, 41.177109952120716 ], [ 43.468256599844338, 41.033277495146471 ], [ 43.658061579946228, 40.935516195679263 ], [ 43.736279860751154, 40.749751884056145 ], [ 43.718590134116177, 40.642719992730868 ], [ 43.657591166429206, 40.547819816893096 ], [ 43.566060765154575, 40.473008976994883 ], [ 43.692085287840229, 40.184017069504876 ], [ 43.64873679957639, 40.131236293886829 ], [ 43.697543862798305, 40.08999951321919 ], [ 43.908682265953345, 40.021493866915954 ], [ 44.274185558802792, 40.046514764786245 ], [ 44.42864167692786, 39.993521202952678 ], [ 44.598132461562606, 39.831965588587487 ], [ 44.701082157580117, 39.779852554898312 ], [ 44.803630770790669, 39.656341402268232 ], [ 44.608814364919148, 39.772189597191918 ], [ 44.467197399873335, 39.684101893680804 ], [ 44.481921909907669, 39.629389128035292 ], [ 44.424992866246093, 39.554370212604397 ], [ 44.415906691108809, 39.418091052044353 ], [ 44.301600649521731, 39.382958406941491 ], [ 44.228956097258738, 39.410370350090126 ], [ 44.079788958995941, 39.408188849075835 ], [ 44.037700899714658, 39.361264294487569 ], [ 44.095796042628542, 39.285251486449866 ], [ 44.11396165231713, 39.199388500663105 ], [ 44.215222913924293, 39.119916187778678 ], [ 44.202391894057421, 39.023194910074295 ], [ 44.173168481500781, 38.995503208477629 ], [ 44.222400814302269, 38.882990986118926 ], [ 44.306562114139972, 38.817957318898181 ], [ 44.264344686893907, 38.713195459795237 ], [ 44.322155151248822, 38.600942248072556 ], [ 44.318720070932429, 38.387053786375226 ], [ 44.448833758953072, 38.376842025941158 ], [ 44.501815284565552, 38.33806289995858 ], [ 44.413749014075712, 38.254536267121736 ], [ 44.39816277414478, 38.190806645179563 ], [ 44.255006568641747, 37.984972059311794 ], [ 44.231837564976075, 37.897236813754311 ], [ 44.384037329792193, 37.856227592639407 ], [ 44.466598632294534, 37.768769224258619 ], [ 44.567546239463077, 37.769635119924345 ], [ 44.616432065160154, 37.722786396076174 ], [ 44.575859053333765, 37.653116716046767 ], [ 44.610294036399836, 37.583688665464976 ], [ 44.59116017668935, 37.465569921513257 ], [ 44.798698160752167, 37.316919842770766 ], [ 44.815267407800917, 37.262421055413157 ], [ 44.783723257273046, 37.154146672554177 ], [ 44.623444574465267, 37.17956835504669 ], [ 44.516280833295568, 37.105958723970225 ], [ 44.364578897489551, 37.042175002249024 ], [ 44.292618617531993, 36.974837553390422 ], [ 44.242636979011976, 37.007301732024771 ], [ 44.185321282723351, 37.105958723970573 ], [ 44.269082249444025, 37.171904380688417 ], [ 44.26792517048866, 37.230988554529745 ], [ 44.131174509844875, 37.317159070002297 ], [ 44.018479446846612, 37.319700820519309 ], [ 43.918826411474519, 37.230530139237096 ], [ 43.8294952722514, 37.204767930253198 ], [ 43.508548124683308, 37.246737984665074 ], [ 43.331350799509117, 37.327084292890142 ], [ 43.286485540551531, 37.31108853919649 ], [ 43.128255277375722, 37.369299104465938 ], [ 42.950131458614202, 37.317867672242599 ], [ 42.79130494054013, 37.372487676630982 ], [ 42.574140936222214, 37.153495248184065 ], [ 42.37849579718501, 37.115661595590936 ], [ 42.330615954821958, 37.169060552964162 ], [ 42.325423460118543, 37.240402197690756 ], [ 42.208809232991328, 37.306782451754749 ], [ 42.036691572105383, 37.187109198058224 ], [ 41.515751935715748, 37.079245473277119 ], [ 41.289648177269889, 37.080208761227802 ], [ 41.211899601572625, 37.064378737698014 ], [ 41.168973643981246, 37.09150626494197 ], [ 40.911284909908396, 37.129125622998188 ], [ 40.716699682697751, 37.105958723846022 ], [ 40.424605497517689, 37.013796653067921 ], [ 40.233399200361951, 36.911434092009408 ], [ 39.90524934427151, 36.790886867662635 ], [ 39.634661022629167, 36.726004941110915 ], [ 39.258025157303464, 36.668179304548502 ], [ 39.170956407259688, 36.670045905740459 ], [ 39.037719582456432, 36.707611379191427 ], [ 38.921631046113298, 36.695283173621277 ], [ 38.723409684345732, 36.704641862992275 ], [ 38.511581303623238, 36.856848238459243 ], [ 38.259399055891585, 36.918932982820586 ], [ 38.157429817251078, 36.903304569148361 ], [ 38.025035599837558, 36.83033999265524 ], [ 37.572743099688076, 36.705810792201156 ], [ 37.458490861987521, 36.638061371908407 ], [ 37.235535094865114, 36.672752714473987 ], [ 37.122043031375007, 36.671550218426262 ], [ 37.072191331916414, 36.643250237238085 ], [ 37.023421639827596, 36.674587514333162 ], [ 37.031961475686693, 36.728068004192345 ], [ 36.969907149468064, 36.766712889107488 ], [ 36.665194500196215, 36.826766492479898 ], [ 36.580379806261632, 36.615762325718833 ], [ 36.559448836207252, 36.468383631146693 ], [ 36.676788061335685, 36.294311285508016 ], [ 36.678526557570365, 36.252058257048553 ], [ 36.627801136378316, 36.220277232458272 ], [ 36.530955143456204, 36.23723751635498 ], [ 36.396667134099694, 36.205951587776916 ], [ 36.372182955776481, 36.026653989338065 ], [ 36.217997127756384, 35.947016388134081 ], [ 36.164061504160294, 35.819273657696243 ], [ 35.916953159591614, 35.928496376362148 ], [ 35.963481261164453, 36.036433263501067 ], [ 35.795037447750303, 36.313538449019461 ], [ 35.937154764322749, 36.455899172042699 ], [ 36.193346673644186, 36.621941309419682 ], [ 36.181435446995152, 36.807571157235721 ], [ 36.116742962004416, 36.876572991247997 ], [ 36.007040801011563, 36.930638192303434 ], [ 35.804086899905286, 36.775228086119427 ], [ 35.634698079622638, 36.746720727252928 ], [ 35.630793771827015, 36.704750557093007 ], [ 35.698635355911968, 36.702028574671026 ], [ 35.630791855965832, 36.611868301464241 ], [ 35.563881146243197, 36.574626397113427 ], [ 35.437253310415088, 36.587672712547409 ], [ 35.396588744695684, 36.557753570818505 ], [ 35.342330852976545, 36.546492141126727 ], [ 35.002100812688582, 36.71004637876068 ], [ 34.900961051561538, 36.737705868008817 ], [ 34.751369847169357, 36.805828083580217 ], [ 34.600554903218928, 36.779474615807821 ], [ 34.252261418167194, 36.55808590981151 ], [ 33.988832547739698, 36.256489142651596 ], [ 33.962670267374925, 36.24550265390269 ], [ 33.870804929513668, 36.29975764961501 ], [ 33.773615997568143, 36.228535772794906 ], [ 33.779947919488549, 36.171443584055055 ], [ 33.732520595281045, 36.193273824639689 ], [ 33.619071244829243, 36.177169617714405 ], [ 33.545684039087007, 36.133561319657581 ], [ 33.461859406908445, 36.152114038300383 ], [ 33.163929515522817, 36.132663534764582 ], [ 33.07748570898562, 36.087742571914688 ], [ 32.948570289737425, 36.095529191288101 ], [ 32.812225244370893, 36.042044425078529 ], [ 32.681398635487596, 36.046311080340296 ], [ 32.318708021585273, 36.223065112035172 ], [ 32.02237244496952, 36.531642495162693 ], [ 31.314577440277414, 36.809284819727203 ], [ 30.69566199228754, 36.874560007339817 ], [ 30.588589143325638, 36.802802733901096 ], [ 30.571708672477602, 36.577843161497363 ], [ 30.49094528470004, 36.407068196960559 ], [ 30.508700838061444, 36.333827254336136 ], [ 30.423401652174235, 36.23611880295099 ], [ 30.209107293502989, 36.308586852578244 ], [ 30.111897680103439, 36.256756542350843 ], [ 29.930817602907517, 36.221391860971771 ], [ 29.85512065657403, 36.16227031928517 ], [ 29.681863528080591, 36.141409379611993 ], [ 29.600111535636831, 36.196633497381455 ], [ 29.410549087402231, 36.25082435331521 ], [ 29.344274164087263, 36.241402391466998 ], [ 29.262308124467094, 36.293483598387851 ], [ 29.132992925076987, 36.406661495196047 ], [ 29.050776692792216, 36.665281750048052 ], [ 28.951752883100369, 36.694834824814819 ], [ 28.820638109100841, 36.643861288824944 ], [ 28.486967726956578, 36.816215426935941 ], [ 28.306935719590115, 36.788322074323737 ], [ 28.218853893792154, 36.701758218369747 ], [ 28.044560226859151, 36.603843812044524 ], [ 28.017066058214954, 36.669664779327519 ], [ 28.056208143294931, 36.746769560673677 ], [ 28.037284672086646, 36.769149138994393 ], [ 27.776909630639128, 36.745013455494991 ], [ 27.618363277561556, 36.67884102444097 ], [ 27.443643770698724, 36.693605673840842 ], [ 27.455338461089024, 36.740891844126914 ], [ 27.603187582068077, 36.784790967582062 ], [ 27.995440347952801, 36.815117627777802 ], [ 28.149164817392332, 36.98389005204519 ], [ 27.933295475168457, 37.020145360869371 ], [ 27.588508806795701, 36.98131225924066 ], [ 27.248600209400443, 36.999067046156888 ], [ 27.239694365249093, 37.040646117054813 ], [ 27.289264977628871, 37.11231371024941 ], [ 27.470668247367783, 37.132751547574067 ], [ 27.528485735344923, 37.193339118389986 ], [ 27.371774929276821, 37.374902210127509 ], [ 27.233510422525629, 37.365970890406928 ], [ 27.184290987242626, 37.591973617263704 ], [ 27.042222820575486, 37.663140636086077 ], [ 27.219730718473116, 37.73448348645325 ], [ 27.271596400710067, 37.92200229286653 ], [ 27.108464599822074, 38.016909940585457 ], [ 26.882688624789523, 38.070702398079931 ], [ 26.744593635734685, 38.181449442773996 ], [ 26.549074893385896, 38.152052850650485 ], [ 26.292086675526772, 38.289638175334922 ], [ 26.306603667378628, 38.324630613742222 ], [ 26.388549424279667, 38.353610854977113 ], [ 26.433172438723915, 38.404258749161379 ], [ 26.380288688678853, 38.576175382887023 ], [ 26.416706930027605, 38.642646032694941 ], [ 26.550115113104638, 38.588989627001119 ], [ 26.66547357745803, 38.379862476478365 ], [ 26.853868011797083, 38.378820194728824 ], [ 26.983317120135727, 38.422188826568295 ], [ 26.757073293485615, 38.658868454289852 ], [ 26.770223234191587, 38.710840914190257 ], [ 26.889578038078714, 38.772988884761766 ], [ 26.988276099152351, 38.890202579456769 ], [ 26.839358347287778, 38.959651952128922 ], [ 26.834445670745509, 39.083478761343038 ], [ 26.707896828427902, 39.252082453581806 ], [ 26.58567713271793, 39.278059009960572 ], [ 26.596295857942099, 39.366418159873518 ], [ 26.623461061343242, 39.387033441191768 ], [ 26.702254177371913, 39.356661839940578 ], [ 26.774841744099554, 39.376154762930902 ], [ 26.920520711361707, 39.494243935055216 ], [ 26.932877368423952, 39.551859628180374 ], [ 26.88365244066982, 39.57869262265978 ], [ 26.65868120005667, 39.552273694190553 ], [ 26.206169581439461, 39.463864119144461 ], [ 26.103798486097634, 39.470495401569025 ], [ 26.099838119282939, 39.555828759976109 ], [ 26.157772854898536, 39.671138218746449 ], [ 26.14792930407118, 39.854942643460213 ], [ 26.183799947729689, 39.978654763676744 ], [ 26.323629943802736, 40.031021199014191 ], [ 26.425051389869473, 40.188413674504453 ], [ 26.523190488710348, 40.224039383304387 ], [ 26.734510445260042, 40.38612325850309 ], [ 27.014141964530211, 40.39548214721605 ], [ 27.114907224989704, 40.442989048656123 ], [ 27.268311771771693, 40.461821229747336 ], [ 27.346472287283841, 40.368581182446086 ], [ 27.516926300308203, 40.303403494239681 ], [ 27.755443669365931, 40.309183462758668 ], [ 27.853254937909306, 40.359915514966275 ], [ 27.851233274047711, 40.385726816481892 ], [ 27.792932554960572, 40.385565941879094 ], [ 27.693171572855221, 40.478408056623124 ], [ 27.734561609896716, 40.522771027578294 ], [ 28.007530229076643, 40.48550732445058 ], [ 28.013144028298523, 40.451517885660252 ], [ 27.918808644191792, 40.377943571979628 ], [ 27.961201733925925, 40.357877304151977 ], [ 28.179000899347908, 40.397348494290824 ], [ 28.501868917656235, 40.393449770529024 ], [ 28.647403134795251, 40.364775063261092 ], [ 28.788294979095998, 40.391662175469598 ], [ 28.960680896792287, 40.356459377575732 ], [ 29.053526659148641, 40.372496770959337 ], [ 29.137561839171795, 40.431661025055348 ], [ 29.087461760789154, 40.471353791107411 ], [ 28.904803602881817, 40.476996464806938 ], [ 28.799257761799897, 40.540103874660915 ], [ 29.005786276551149, 40.640712028437434 ], [ 29.345254183807398, 40.674262528568462 ], [ 29.509344531542876, 40.731064898821067 ], [ 29.558303700232063, 40.686601194198893 ], [ 29.832354850169285, 40.710459377243204 ], [ 29.860510229856931, 40.735076827747861 ], [ 29.635892040753369, 40.775541405148658 ], [ 29.409587264759598, 40.765311481552231 ], [ 29.340029700476762, 40.810687194382162 ], [ 29.266234892383341, 40.830764156466628 ], [ 29.004552310410045, 41.008068447951366 ], [ 29.049958404269237, 41.049030243529188 ], [ 29.144528563528613, 41.20597075625404 ], [ 29.235784860175592, 41.222634358326758 ], [ 29.918184399845202, 41.141545495202564 ], [ 30.144976846429074, 41.140082797429748 ], [ 30.276626722355807, 41.200285389918392 ], [ 30.77341221941542, 41.085178307921048 ], [ 30.96753309940517, 41.074813494253043 ], [ 31.292983099947914, 41.115762195209776 ], [ 31.399492839811796, 41.206000407027666 ], [ 31.402168521594355, 41.303174625797247 ], [ 32.095106000539246, 41.589559994888283 ], [ 32.292225577474866, 41.717638210935185 ], [ 32.413445005334935, 41.744607201619722 ], [ 32.508199668436589, 41.800741060887304 ], [ 32.82549452268124, 41.860509117124515 ], [ 33.346940058048808, 42.017410737931982 ], [ 34.228225999869814, 41.954658994677651 ], [ 34.747206929136169, 41.951504641199016 ], [ 34.842865772882107, 41.982747546774618 ], [ 34.977713589276568, 42.085864645032395 ], [ 35.190741335125743, 42.027204742720684 ], [ 35.129578040479011, 42.007885486368423 ], [ 35.105262269127508, 41.963096240562528 ] ] ], [ [ [ 29.158409272768726, 40.84226967411746 ], [ 29.125569558397135, 40.839207019295301 ], [ 29.046027228975664, 40.885981119901857 ], [ 29.132336494404328, 40.872477985855646 ], [ 29.158409272768726, 40.84226967411746 ] ] ], [ [ [ 27.281972633917956, 42.095311720927604 ], [ 27.555803512057661, 41.919564435760627 ], [ 27.723318988247954, 41.972460612928657 ], [ 27.807929458501555, 41.953514652060086 ], [ 27.848334685577125, 41.999460748742663 ], [ 28.035512349420401, 41.983079536930632 ], [ 28.051691654255745, 41.897100616496708 ], [ 27.98635995457678, 41.848527800842682 ], [ 28.048766080907228, 41.721884991973226 ], [ 28.155456000559621, 41.579869994154727 ], [ 28.259063716371955, 41.509588100486148 ], [ 28.699418742370465, 41.336777835374129 ], [ 29.06515341959923, 41.248528515530154 ], [ 29.098695320555088, 41.210134924644883 ], [ 29.043426722586531, 41.15778274961098 ], [ 28.957018987906807, 41.003229657063237 ], [ 28.793156758974831, 40.960324895319346 ], [ 28.644042870330782, 40.965209361071295 ], [ 28.58216941351392, 41.001446327736872 ], [ 28.239086596704428, 41.07049381246992 ], [ 28.013433399950973, 41.034252094930075 ], [ 27.937992257779552, 40.973426908932879 ], [ 27.733292091916415, 41.007985427372901 ], [ 27.534028403506685, 40.973109571137506 ], [ 27.289676042502418, 40.697039575209821 ], [ 26.71987236349398, 40.460713729595042 ], [ 26.585963512907384, 40.325137437244514 ], [ 26.385708810011753, 40.208319104866995 ], [ 26.368091869301182, 40.149063520590495 ], [ 26.315251782471563, 40.103101228967859 ], [ 26.187248733374144, 40.060064755272855 ], [ 26.268926581375457, 40.225817851433682 ], [ 26.25105939833248, 40.328403438323171 ], [ 26.818443583473474, 40.594572081365932 ], [ 26.798319705057558, 40.642573862946328 ], [ 26.725542800732963, 40.642532194082264 ], [ 26.526792507868933, 40.599791594106115 ], [ 26.126042942131544, 40.608109622351712 ], [ 26.09354072689538, 40.623358482572257 ], [ 26.054803324469297, 40.711811223279 ], [ 26.03275803002693, 40.730256852477119 ], [ 26.122690316542165, 40.754930945988541 ], [ 26.340387973097847, 40.952585919653927 ], [ 26.321095317574731, 41.101780724953564 ], [ 26.347293130861683, 41.245058732227861 ], [ 26.620170409673154, 41.367595130044784 ], [ 26.584668182079941, 41.591061495673152 ], [ 26.357879011590075, 41.71110454601785 ], [ 26.335092142416077, 41.751600512950034 ], [ 26.362342440568508, 41.807642173220579 ], [ 26.523218780390298, 41.828940038354808 ], [ 26.564792286917481, 41.877897396857549 ], [ 26.561544258820302, 41.926273348333019 ], [ 26.627420790848419, 41.972212889050283 ], [ 26.737501718967668, 41.961139358316125 ], [ 26.949228273419028, 42.000213625204943 ], [ 27.059650519677362, 42.088337134799396 ], [ 27.166704327872758, 42.068324346944031 ], [ 27.281972633917956, 42.095311720927604 ] ] ], [ [ [ 28.547844526141041, 40.499658228590853 ], [ 28.516087701945604, 40.490615328177057 ], [ 28.527057341054316, 40.590675023011002 ], [ 28.548795866111227, 40.541505311796506 ], [ 28.547844526141041, 40.499658228590853 ] ] ], [ [ [ 27.739747284361389, 40.631946150109172 ], [ 27.609715742688739, 40.572540726781519 ], [ 27.533431340203755, 40.587808839739239 ], [ 27.523192125675287, 40.639318348795484 ], [ 27.663084775607633, 40.66802886568891 ], [ 27.739747284361389, 40.631946150109172 ] ] ], [ [ [ 27.664669730300862, 40.493467233089348 ], [ 27.61284384149425, 40.452771472163221 ], [ 27.565039190500229, 40.482319513117766 ], [ 27.599688040671861, 40.51269892446409 ], [ 27.664669730300862, 40.493467233089348 ] ] ], [ [ [ 27.546548974684608, 40.515421741265151 ], [ 27.51814840009007, 40.483523220084336 ], [ 27.485687537209028, 40.497089990753345 ], [ 27.510538393189002, 40.547526752913598 ], [ 27.546548974684608, 40.515421741265151 ] ] ], [ [ [ 26.738424965828173, 38.4608625068675 ], [ 26.697083196971704, 38.476263654337536 ], [ 26.687589493162747, 38.543178111149373 ], [ 26.731029193748974, 38.526453995240985 ], [ 26.738424965828173, 38.4608625068675 ] ] ], [ [ [ 26.384723096241746, 38.435179093603331 ], [ 26.339988983290489, 38.403990758785227 ], [ 26.312857068299532, 38.439201415199669 ], [ 26.366463076972686, 38.458653087820622 ], [ 26.384723096241746, 38.435179093603331 ] ] ], [ [ [ 26.088383172326274, 39.798102337230205 ], [ 26.043147576841335, 39.789770777475319 ], [ 25.963624914466649, 39.840810755816335 ], [ 26.060278794726838, 39.847087145881751 ], [ 26.088383172326274, 39.798102337230205 ] ] ], [ [ [ 26.015441209658771, 40.14537070803911 ], [ 25.757304669937891, 40.093104772417036 ], [ 25.660909627971591, 40.140041946961837 ], [ 25.762583988069753, 40.204178570621117 ], [ 25.915398539892788, 40.239135690350565 ], [ 25.966229664027072, 40.223183131323616 ], [ 25.978307627519516, 40.151415312773487 ], [ 26.015441209658771, 40.14537070803911 ] ] ] ] } },
{ "type": "Feature", "properties": { "id": "UK", "name": "United Kingdom" }, "geometry": { "type": "MultiPolygon", "coordinates": [ [ [ [ -3.100367261860174, 58.614654891619381 ], [ -3.092522299269159, 58.457002265875481 ], [ -3.153410001881193, 58.364517692470947 ], [ -3.889091686729151, 58.003246392345098 ], [ -4.022970114287295, 57.896118966530501 ], [ -4.017219009553935, 57.836278176113893 ], [ -3.896177186959803, 57.791312206381996 ], [ -3.963044528382891, 57.733289985686795 ], [ -4.077146819774157, 57.693533941417087 ], [ -4.110379147049593, 57.570901227902382 ], [ -3.677174284879006, 57.656851615535018 ], [ -3.598504180439986, 57.643913542891468 ], [ -3.476994510542676, 57.702316014170307 ], [ -3.347997089280078, 57.723518194278853 ], [ -3.047351391034369, 57.667173980489849 ], [ -2.801445236898366, 57.695145993464152 ], [ -2.512111715115973, 57.669329441458338 ], [ -2.02042709524957, 57.693768410094485 ], [ -1.841598621431352, 57.61687216228156 ], [ -1.788659412758996, 57.462005186110844 ], [ -1.989128450232402, 57.30677510878337 ], [ -2.061512284173602, 57.211903470025156 ], [ -2.085121035454022, 57.085917203311517 ], [ -2.178009672425693, 56.990940632632231 ], [ -2.228220946846617, 56.873241866472767 ], [ -2.444887985296978, 56.751622619188169 ], [ -2.449330244674532, 56.694306212863609 ], [ -2.535103980590705, 56.573228679013106 ], [ -2.736293960743281, 56.472487659917043 ], [ -3.051858783500924, 56.458343357210452 ], [ -3.255375819709859, 56.351885017160619 ], [ -2.859222514332923, 56.443281202922435 ], [ -2.82628810173077, 56.427978185847245 ], [ -2.814371451167763, 56.362386385358178 ], [ -2.630113605754217, 56.273104602090214 ], [ -2.795611585728749, 56.195058085110354 ], [ -2.972214531720999, 56.197574026916278 ], [ -3.181736360332042, 56.071855196148363 ], [ -3.397475326426906, 56.023515222236185 ], [ -3.745075437330037, 56.072418887356818 ], [ -3.664297942392493, 56.017110374337179 ], [ -3.347997089314507, 55.998494760200245 ], [ -3.286823282600725, 55.981227996656855 ], [ -3.175168725453814, 55.985080045755304 ], [ -3.077939322862842, 55.946547632049352 ], [ -2.925641459428169, 55.974959084126141 ], [ -2.78366238234723, 56.06129163936258 ], [ -2.653006959590661, 56.054271364839202 ], [ -2.366613109398529, 55.945965713981622 ], [ -2.152014453700505, 55.913830436240382 ], [ -1.833845657097194, 55.646320548220871 ], [ -1.64770946738315, 55.574211413241592 ], [ -1.591994398753834, 55.47353202439924 ], [ -1.597505650336005, 55.372863733162717 ], [ -1.559636128267987, 55.265427384191575 ], [ -1.426404990399312, 55.022788215077391 ], [ -1.460804969245397, 54.986925092713804 ], [ -1.399257165589196, 54.992709477851442 ], [ -1.363940028744153, 54.944116505791989 ], [ -1.347537410871859, 54.86049759465164 ], [ -1.241073826714351, 54.723226887692135 ], [ -1.191128752962279, 54.696858539457942 ], [ -1.17846997864886, 54.649723334508451 ], [ -1.200722300714566, 54.622759540802335 ], [ -0.793884152309285, 54.558957406672498 ], [ -0.562512751009196, 54.467426750172919 ], [ -0.384194947050638, 54.267911924697714 ], [ -0.132013280788211, 54.114848079065631 ], [ -0.193540708505471, 54.035686509818014 ], [ -0.159540652818899, 53.924431571338118 ], [ 0.078876189184078, 53.658563670297141 ], [ -0.089360061612716, 53.64367000686871 ], [ -0.250185020020174, 53.733312900424146 ], [ -0.295347003192554, 53.742594503363193 ], [ -0.419209308459483, 53.71958856730889 ], [ -0.618381079658235, 53.721327255513941 ], [ -0.669325556820237, 53.696363386101453 ], [ -0.304168246408371, 53.709181645865954 ], [ 0.017491869934033, 53.525530970996613 ], [ 0.161140883884918, 53.474734175626196 ], [ 0.346183835786404, 53.207385217578157 ], [ 0.336403067983959, 53.107953283588479 ], [ 0.150300564014287, 53.00324128602044 ], [ 0.067513691465697, 52.918990294522985 ], [ 0.268754688775485, 52.815827066777665 ], [ 0.417682775665725, 52.843431726829479 ], [ 0.539954568139812, 52.969548573377622 ], [ 1.003694097280162, 52.973402247670691 ], [ 1.316501589561334, 52.92506016937638 ], [ 1.675129718032216, 52.742663905930321 ], [ 1.738672517141718, 52.638540856778725 ], [ 1.75341393949826, 52.482816867611213 ], [ 1.724765652740346, 52.402266838446288 ], [ 1.635293827342549, 52.262172965492198 ], [ 1.573516285417638, 52.092383342649079 ], [ 1.332851968384657, 51.948374105070769 ], [ 1.053803353401571, 51.95307647539714 ], [ 1.261125065556321, 51.935955315469002 ], [ 1.276172810359522, 51.860873416303704 ], [ 1.12702858902268, 51.77776671567954 ], [ 1.01139062757985, 51.797166726818624 ], [ 0.843209669380206, 51.780806486529578 ], [ 0.8605157048765, 51.737178308565142 ], [ 0.921165987180037, 51.724244478065287 ], [ 0.931785203598876, 51.677169685642902 ], [ 0.901567541943007, 51.633645987424352 ], [ 0.813945218227575, 51.62310926271288 ], [ 0.899105592661411, 51.599232055986469 ], [ 0.820924845072004, 51.540946115932435 ], [ 0.778584303463851, 51.524642768592095 ], [ 0.627300735444809, 51.532511267179871 ], [ 0.587275321692257, 51.513189592205123 ], [ 0.512960844698369, 51.531926139902339 ], [ 0.379635407311312, 51.448486374265883 ], [ 0.45933744038825, 51.455561569818791 ], [ 0.47596767562043, 51.477863210237309 ], [ 0.517070843733636, 51.486409544923738 ], [ 0.677977685408534, 51.473678150072203 ], [ 0.708883680899809, 51.457861946065897 ], [ 0.700763158717151, 51.438895100649503 ], [ 0.642977591549576, 51.440539840185551 ], [ 0.571845819199963, 51.404451467347322 ], [ 0.626940247597738, 51.374764422385361 ], [ 0.785532333351231, 51.437532501242643 ], [ 0.894756212048308, 51.41326903549227 ], [ 0.950397241694434, 51.345610651866423 ], [ 1.399530615477, 51.390131399953901 ], [ 1.439153124604754, 51.369808181032475 ], [ 1.379801569412378, 51.312085870369799 ], [ 1.40329198492263, 51.200482740609253 ], [ 1.376878356170933, 51.146210059408979 ], [ 1.032554423296622, 51.044163114445738 ], [ 0.979457690683381, 50.999177109297257 ], [ 0.965046346277178, 50.916525985244235 ], [ 0.776423221223802, 50.926949639467189 ], [ 0.635550555632017, 50.864628036890487 ], [ 0.38822293397212, 50.821980193435117 ], [ 0.246496868385647, 50.74002205886466 ], [ -0.21601003846348, 50.827550477089673 ], [ -0.669325557398501, 50.781935979364746 ], [ -0.80807888826161, 50.739057891373278 ], [ -0.882476031867287, 50.772987796017354 ], [ -0.932644835256437, 50.846223196092652 ], [ -0.970047497029588, 50.790345804056521 ], [ -1.020547325473947, 50.838942997436362 ], [ -1.078274540327626, 50.783637002214874 ], [ -1.117057714919221, 50.842939637000796 ], [ -1.149834040397132, 50.782142683283354 ], [ -1.439118275355902, 50.905233551379155 ], [ -1.33441338038112, 50.83283252677063 ], [ -1.330666300642736, 50.800435239157281 ], [ -1.563485612698698, 50.721665363895141 ], [ -1.692501635153992, 50.737272080802668 ], [ -1.92990405083762, 50.700887450641815 ], [ -2.040634596089725, 50.720182797845716 ], [ -1.941559633651166, 50.658479957774659 ], [ -1.960165228963317, 50.598736888742991 ], [ -2.044852234159027, 50.582770302074557 ], [ -2.216779196915838, 50.618821453278706 ], [ -2.404547432086932, 50.632059155177416 ], [ -2.48289372641876, 50.588707942897756 ], [ -2.778588122018492, 50.712573076701872 ], [ -2.947628752468735, 50.718263196276943 ], [ -3.231700300604325, 50.675272880356665 ], [ -3.360387731473601, 50.615803383299124 ], [ -3.448505226508753, 50.641843877250437 ], [ -3.509163729166036, 50.516650278358156 ], [ -3.501239986447321, 50.466274855413047 ], [ -3.550282674063736, 50.423731345048871 ], [ -3.507579003337124, 50.379179123827974 ], [ -3.633530635941707, 50.292162543044896 ], [ -3.661167192758837, 50.224006182291397 ], [ -3.707401133843769, 50.209113139109689 ], [ -3.822122523536795, 50.223546507157387 ], [ -3.914143760420274, 50.29501583092015 ], [ -4.046940589587718, 50.300259839699308 ], [ -4.187347749197641, 50.380480211775883 ], [ -4.187043009357555, 50.424403386840858 ], [ -4.22206838627415, 50.466698105607861 ], [ -4.205178092536909, 50.32120830708368 ], [ -4.329333788969127, 50.360345673246798 ], [ -4.633312852507943, 50.322102585045954 ], [ -4.728537041473897, 50.335512097876418 ], [ -4.800566637303861, 50.23196363447871 ], [ -4.866977407471741, 50.226738706784438 ], [ -4.99262091629227, 50.160930897708823 ], [ -5.055169574086175, 50.197234300681203 ], [ -5.094280103099884, 50.098303864579748 ], [ -5.07864149668682, 50.036742501897237 ], [ -5.197296176576261, 49.97167847010892 ], [ -5.242355612146595, 49.984822462445052 ], [ -5.318252906956561, 50.077917399993638 ], [ -5.465994003604957, 50.11781492422093 ], [ -5.521620353678312, 50.115438424245262 ], [ -5.591983793544959, 50.05172449233865 ], [ -5.698157738776076, 50.060188968506708 ], [ -5.675179426755228, 50.156167252748745 ], [ -5.52658274967343, 50.213534577844094 ], [ -5.43073372514792, 50.20596108924515 ], [ -5.278102569403059, 50.271839200778466 ], [ -5.137668005470553, 50.3993183218683 ], [ -5.055515116808529, 50.43726214029499 ], [ -5.018953511671272, 50.541293280713816 ], [ -4.789849701785982, 50.609963862278413 ], [ -4.749357971446667, 50.669590116379453 ], [ -4.568714641731308, 50.786735290802689 ], [ -4.546017433752362, 50.928385170477185 ], [ -4.508140795550587, 51.018261508890689 ], [ -4.364918816349876, 50.993489943097629 ], [ -4.276571489346796, 51.018760000542017 ], [ -4.225471302744633, 51.064805086473982 ], [ -4.233593009339788, 51.1395438674557 ], [ -4.198172161657087, 51.192586759958722 ], [ -3.720776170407199, 51.233116078231468 ], [ -3.280946323119913, 51.181665394139642 ], [ -3.036780836591201, 51.216955648166135 ], [ -2.95153625905485, 51.388458955591283 ], [ -2.710677210022045, 51.496134409418822 ], [ -2.649732651157493, 51.584881450848698 ], [ -2.534720336448872, 51.677227077547784 ], [ -2.592171676097225, 51.67374755949325 ], [ -2.662446762848791, 51.612746378390355 ], [ -2.821615878609382, 51.554086019435267 ], [ -2.987744741622353, 51.541726929357367 ], [ -3.08198357861499, 51.500848876757111 ], [ -3.209650791973946, 51.399459333304293 ], [ -3.405824961612756, 51.384157771067841 ], [ -3.552816794558969, 51.405629893486484 ], [ -3.619717319819367, 51.476704177448838 ], [ -3.707465031929657, 51.480307571865524 ], [ -3.762979176448296, 51.536526590084293 ], [ -3.886274693639346, 51.617556138946036 ], [ -3.977784296465355, 51.604448736492635 ], [ -4.005749708597552, 51.567921729635259 ], [ -4.128957448543311, 51.569570847469407 ], [ -4.161011449535577, 51.544848036595454 ], [ -4.227951527774321, 51.541750472284555 ], [ -4.294093744636939, 51.566251350269098 ], [ -4.299374621220582, 51.60879727648441 ], [ -4.249480276238612, 51.638189287407172 ], [ -4.166996521467027, 51.62841841713243 ], [ -4.084206509332992, 51.658473799217084 ], [ -4.073338195673655, 51.684954530145163 ], [ -4.127798203247139, 51.65992878431318 ], [ -4.298934505662427, 51.673765506545131 ], [ -4.394163140259033, 51.764960201008165 ], [ -4.632870462071626, 51.735039991227012 ], [ -4.756188970509934, 51.652131757789874 ], [ -4.996481623398513, 51.618654809134135 ], [ -5.095373488274425, 51.692045472348305 ], [ -5.179959300368605, 51.716731381420566 ], [ -5.131451277410438, 51.785412640189563 ], [ -5.133269263440202, 51.827723715847114 ], [ -5.268169148034278, 51.888522732525992 ], [ -5.056163415486203, 52.013076893019353 ], [ -4.926654915099704, 52.015517110811352 ], [ -4.750979610879722, 52.089741745721383 ], [ -4.681727908801962, 52.085906327018776 ], [ -4.683717085372566, 52.115221001026022 ], [ -4.654570244657607, 52.131711069177499 ], [ -4.537068075394616, 52.136053489176071 ], [ -4.204954137714623, 52.269705748057028 ], [ -4.106625982395775, 52.372934767364022 ], [ -4.048358434630216, 52.517957433303572 ], [ -3.947179934439727, 52.559209443132708 ], [ -4.036686937521088, 52.557472070481069 ], [ -4.083223520282344, 52.587219736556555 ], [ -4.082092086486178, 52.724207881620934 ], [ -4.165815119759147, 52.900334284720188 ], [ -4.401072050664411, 52.876422440898438 ], [ -4.536392614304613, 52.806770901280672 ], [ -4.700482420357964, 52.827420489440605 ], [ -4.636124900496011, 52.902430560611222 ], [ -4.395037532627858, 53.020707215203892 ], [ -4.234867846243433, 53.176682358620212 ], [ -3.864640045152197, 53.29538259429507 ], [ -3.839329402144279, 53.329070126430352 ], [ -3.684215091182168, 53.293579738878918 ], [ -3.496691605354627, 53.302101030372967 ], [ -3.364128693300363, 53.35343702950901 ], [ -3.135560908485573, 53.260345337423367 ], [ -3.107140385716577, 53.271887884844432 ], [ -3.113256139411475, 53.294883066439418 ], [ -3.186240221663451, 53.379535240498178 ], [ -3.058144155151277, 53.434839858779981 ], [ -2.928627948182398, 53.3082079906698 ], [ -2.75233715866292, 53.314764955911023 ], [ -2.960226893414921, 53.376830213661627 ], [ -3.094231878439846, 53.561659122353177 ], [ -2.956196143214846, 53.69753183048369 ], [ -2.860043706128817, 53.733994420139148 ], [ -2.987744742246932, 53.738198543747494 ], [ -3.056602513585311, 53.776627576960763 ], [ -3.048085370025952, 53.875735578990991 ], [ -3.0315948723425, 53.918761802589565 ], [ -2.875612425411533, 53.960010808090551 ], [ -2.907466366597723, 54.032693513137559 ], [ -2.809131412512547, 54.1126489125229 ], [ -2.837163704378704, 54.174051524088661 ], [ -2.872756037125088, 54.192266414615979 ], [ -2.97509917677833, 54.15556681010073 ], [ -3.019203407073547, 54.205536551589724 ], [ -3.041181454664147, 54.205536551844013 ], [ -3.076635148313088, 54.149796203558878 ], [ -3.149119838189531, 54.0935845147552 ], [ -3.235506274319046, 54.116483087107042 ], [ -3.201036335274051, 54.232886901458912 ], [ -3.225998820564302, 54.276604731981422 ], [ -3.25737959559566, 54.205399324778483 ], [ -3.333490747443955, 54.205702135628194 ], [ -3.400919286280321, 54.271966940442894 ], [ -3.430935939059673, 54.345449641431401 ], [ -3.606028931715803, 54.518599693615258 ], [ -3.570863142629901, 54.630472038612538 ], [ -3.357965882682914, 54.879844198630906 ], [ -3.25175765417113, 54.932667104917073 ], [ -3.121063592459442, 54.929434013782988 ], [ -3.102843200599825, 54.972259111747611 ], [ -3.568812538823336, 54.98287159862312 ], [ -3.605588080946429, 54.88714646706044 ], [ -3.809688680626896, 54.863018523090638 ], [ -3.868628400126325, 54.811875046442125 ], [ -3.987749890537153, 54.775070324194893 ], [ -4.070352297639656, 54.807061292620759 ], [ -4.139894068033069, 54.782313452049813 ], [ -4.228074562662064, 54.846305988896141 ], [ -4.395724966513701, 54.882915122796049 ], [ -4.406016096288559, 54.848829604809566 ], [ -4.364857196844314, 54.763177722898853 ], [ -4.404001228536166, 54.69169498760283 ], [ -4.850366929797756, 54.850366209799873 ], [ -4.934076177390114, 54.798604031180545 ], [ -4.885523148706653, 54.678786829512802 ], [ -4.905201461579434, 54.651250573582765 ], [ -5.052080067453381, 54.799877654732832 ], [ -5.133553941535586, 54.853024014217759 ], [ -5.17827215970705, 54.914575357663672 ], [ -5.175316223539297, 54.981542679924992 ], [ -5.11817156668214, 55.012001854687568 ], [ -5.052433060551945, 54.925369126029793 ], [ -5.010041111785275, 54.918294497116797 ], [ -5.045672390108928, 55.053976167983372 ], [ -4.986266577283969, 55.139907312818295 ], [ -4.863811402090975, 55.231173309788282 ], [ -4.831032003254519, 55.326674175805032 ], [ -4.744063313569775, 55.414128766475386 ], [ -4.642081978057182, 55.464033531865958 ], [ -4.658281785280603, 55.570197080998796 ], [ -4.879921675257969, 55.693458649239773 ], [ -4.865404186384721, 55.776798541712758 ], [ -4.890549480487965, 55.8746709964975 ], [ -4.870076805409097, 55.937218639070998 ], [ -4.819206587231447, 55.955730179989303 ], [ -4.484099525454009, 55.928276008666764 ], [ -4.609638486003571, 55.946528548732836 ], [ -4.891355246780298, 56.029971719349078 ], [ -4.976898662667407, 55.889526572847657 ], [ -5.064775792057568, 55.899683484735547 ], [ -5.025388921058604, 55.79377550502744 ], [ -5.052648281379597, 55.753143088782174 ], [ -5.188187034456615, 55.868902199464074 ], [ -5.246588316374937, 55.855564994032967 ], [ -5.324433735597626, 55.902258216087567 ], [ -5.324833566664011, 55.986158706332837 ], [ -5.243889497893046, 56.084779439034961 ], [ -5.260013601890813, 56.09955863528733 ], [ -5.427203361437522, 55.993392448764972 ], [ -5.344946023016011, 55.783747239700688 ], [ -5.45433100819567, 55.674029241627899 ], [ -5.547479092692428, 55.357474546011019 ], [ -5.621004290359242, 55.313562527982533 ], [ -5.768798443966734, 55.315994359268522 ], [ -5.778596887727509, 55.378673169769471 ], [ -5.614698926235213, 55.740271384799257 ], [ -5.66553961859404, 55.936187985319094 ], [ -5.628945440191267, 55.972899179242084 ], [ -5.634173257694301, 56.024718133919102 ], [ -5.547672505310907, 56.12290331604072 ], [ -5.575833586445, 56.239074468021265 ], [ -5.63062805086483, 56.24817015526164 ], [ -5.633259121394482, 56.277529315136718 ], [ -5.539435430017983, 56.396301695901485 ], [ -5.439122795037588, 56.455389025232293 ], [ -5.414797986435495, 56.528004575215569 ], [ -5.325007679410064, 56.620717319113602 ], [ -5.317896933448694, 56.674842336992441 ], [ -5.731427989869958, 56.534172492490057 ], [ -5.892745265280651, 56.576485001853172 ], [ -6.017093221157805, 56.668109406021401 ], [ -6.12752049283007, 56.704072002991317 ], [ -6.114124030678237, 56.743791560068409 ], [ -5.944474381310754, 56.772394661790052 ], [ -5.846440344070791, 56.826396436766906 ], [ -5.822477153829417, 56.977102436879655 ], [ -5.666295347775813, 57.117342743471845 ], [ -5.662025304519206, 57.152835748948945 ], [ -5.761203677334333, 57.161313747143694 ], [ -5.964497532031007, 57.075648745140015 ], [ -6.025062580050027, 57.159491497883799 ], [ -6.282731301669816, 57.187085996128616 ], [ -6.492846450713677, 57.348979321256003 ], [ -6.682207239808249, 57.39247301465624 ], [ -6.708222602092524, 57.452450020497018 ], [ -6.583996600123093, 57.549542084872762 ], [ -6.434651228553284, 57.551902977047568 ], [ -6.369670108597415, 57.632274049813923 ], [ -6.294383478931449, 57.657234255209559 ], [ -6.188910994871631, 57.585332477687032 ], [ -6.113780697435208, 57.412569983701054 ], [ -5.999985458541362, 57.48387250162434 ], [ -6.005468359598181, 57.312798384709318 ], [ -5.838339716461911, 57.282449486528499 ], [ -5.71902613728007, 57.332860614335075 ], [ -5.705581652360836, 57.36183916910597 ], [ -5.781045964835291, 57.397731266798097 ], [ -5.820046217852932, 57.460732042296321 ], [ -5.805424878571019, 57.52807032444133 ], [ -5.744979321221119, 57.600665946629206 ], [ -5.761852469820438, 57.808562091489016 ], [ -5.333443000248295, 57.934594862200115 ], [ -5.357340331521167, 58.039099040473531 ], [ -5.324437544213769, 58.214683007476744 ], [ -5.172824320740175, 58.297728804412337 ], [ -5.087405608266446, 58.493591370682744 ], [ -4.98693798630098, 58.582286270639528 ], [ -4.370785943831071, 58.519616257306012 ], [ -3.315852168481234, 58.640429299075805 ], [ -3.100367261860174, 58.614654891619381 ] ] ], [ [ [ -0.786121188230914, 60.821869404732304 ], [ -0.85868246152531, 60.6786997575987 ], [ -0.983753269876415, 60.682322536539118 ], [ -1.060789439950341, 60.49144495968104 ], [ -1.163643601625873, 60.497763889810741 ], [ -1.211630332194661, 60.607098340312895 ], [ -1.112278692702305, 60.723137129846869 ], [ -0.988836823135977, 60.72271827822636 ], [ -0.889446268618672, 60.832785947949837 ], [ -0.786121188230914, 60.821869404732304 ] ] ], [ [ [ -0.80395844340067, 60.594198747214769 ], [ -0.888935230164009, 60.563931671162194 ], [ -0.982621329420682, 60.615653276528484 ], [ -0.895042806651346, 60.640923816608414 ], [ -0.80395844340067, 60.594198747214769 ] ] ], [ [ [ -0.942219233995125, 60.367567151805247 ], [ -0.995967159035479, 60.324787846328917 ], [ -1.060333130216437, 60.357898936322812 ], [ -0.978668745733519, 60.382638466567748 ], [ -0.942219233995125, 60.367567151805247 ] ] ], [ [ [ -0.980796417449328, 60.151674470463952 ], [ -1.007151370615273, 60.115458875208603 ], [ -1.055415904556645, 60.141875396833555 ], [ -1.025604452274888, 60.167107965392589 ], [ -0.980796417449328, 60.151674470463952 ] ] ], [ [ [ -1.660521389704648, 60.323614623451796 ], [ -1.703935304265754, 60.307319547359249 ], [ -1.752657651042131, 60.335045235871974 ], [ -1.694755058519858, 60.349972851267921 ], [ -1.660521389704648, 60.323614623451796 ] ] ], [ [ [ -1.59686165047236, 59.553608749651957 ], [ -1.621249643006606, 59.508058564613513 ], [ -1.665128373872411, 59.526844112647872 ], [ -1.634261090546229, 59.562061524497913 ], [ -1.59686165047236, 59.553608749651957 ] ] ], [ [ [ -2.035662887647963, 60.130273885840751 ], [ -2.067449972333134, 60.110938932076252 ], [ -2.122386420086774, 60.136148839387054 ], [ -2.067240284812111, 60.157450180435909 ], [ -2.035662887647963, 60.130273885840751 ] ] ], [ [ [ -2.393489042626326, 59.377708692094032 ], [ -2.409399883492648, 59.34320352516761 ], [ -2.466620466112023, 59.353224115104133 ], [ -2.427093609975856, 59.392452237803724 ], [ -2.393489042626326, 59.377708692094032 ] ] ], [ [ [ -2.390596887550516, 59.307115340389849 ], [ -2.588735064215724, 59.217592643078156 ], [ -2.697354732630645, 59.215182305798145 ], [ -2.617509915503466, 59.286307498267874 ], [ -2.516178212560587, 59.283515135558709 ], [ -2.390596887550516, 59.307115340389849 ] ] ], [ [ [ -2.53089823363942, 59.09568888900742 ], [ -2.56381419487287, 59.074474321582727 ], [ -2.621670380142799, 59.094674759069406 ], [ -2.664075856974898, 59.068338035669406 ], [ -2.71139601232735, 59.078541056985209 ], [ -2.631567181538902, 59.144449733553103 ], [ -2.53089823363942, 59.09568888900742 ] ] ], [ [ [ -2.730220830724198, 59.24030158578816 ], [ -2.763243972131523, 59.147323193742643 ], [ -2.815122598475912, 59.171529945831466 ], [ -2.77980562955115, 59.238810734663026 ], [ -2.730220830724198, 59.24030158578816 ] ] ], [ [ [ -2.867336314527745, 59.380435198953379 ], [ -2.884641235406869, 59.322144924536715 ], [ -2.908737441681332, 59.322546813442692 ], [ -2.918464449799038, 59.34697993425079 ], [ -2.892306276788664, 59.38460719421456 ], [ -2.867336314527745, 59.380435198953379 ] ] ], [ [ [ -2.791379614555017, 59.050044874164257 ], [ -2.83523220086043, 59.023693795100783 ], [ -2.945092170035484, 59.042324462084565 ], [ -2.881299613444302, 59.074487353316606 ], [ -2.791379614555017, 59.050044874164257 ] ] ], [ [ [ -2.896803613922887, 59.277679659575142 ], [ -2.988743196854605, 59.265227690637431 ], [ -3.065635778975173, 59.324690227794527 ], [ -2.965181494549166, 59.342924303702233 ], [ -2.896803613922887, 59.277679659575142 ] ] ], [ [ [ -2.839053674283134, 58.976046487012191 ], [ -2.795228837736645, 58.927240561488013 ], [ -2.951209831124674, 58.766367389911672 ], [ -2.978246398549074, 58.805201680567279 ], [ -2.948192418137369, 58.882440413184057 ], [ -2.986656390768361, 58.930521135982147 ], [ -3.174529255949048, 58.926386040174627 ], [ -3.302486379477928, 58.962654467350369 ], [ -3.350314737288609, 58.992482201987535 ], [ -3.358174997098367, 59.046572957145528 ], [ -3.320957213482667, 59.110151459686001 ], [ -3.16904521813015, 59.134692016238581 ], [ -3.063461427514234, 59.091593090516312 ], [ -3.00698775533581, 59.022325298688919 ], [ -2.839053674283134, 58.976046487012191 ] ] ], [ [ [ -2.888171732909191, 59.151601389138605 ], [ -2.96375532258017, 59.111139740162479 ], [ -3.138141536116495, 59.1807473861573 ], [ -3.048928044758067, 59.202069198196753 ], [ -2.888171732909191, 59.151601389138605 ] ] ], [ [ [ -1.756474695664983, 55.665569133714293 ], [ -1.803501881586766, 55.654115149168859 ], [ -1.833990595678173, 55.681981263342287 ], [ -1.782385429354296, 55.701696170920414 ], [ -1.756474695664983, 55.665569133714293 ] ] ], [ [ [ -3.084119704144442, 58.810135988280429 ], [ -3.136091347096952, 58.808757763053009 ], [ -3.15781740450664, 58.826268207225837 ], [ -3.067127536811501, 58.848410459624311 ], [ -3.084119704144442, 58.810135988280429 ] ] ], [ [ [ -3.081850085830826, 58.678492631350068 ], [ -3.113959669917193, 58.655610766796812 ], [ -3.152185683645552, 58.677475896622056 ], [ -3.118186508836001, 58.712915378457787 ], [ -3.081850085830826, 58.678492631350068 ] ] ], [ [ [ -3.175818290274102, 58.802849161036939 ], [ -3.295283134732241, 58.785536906954619 ], [ -3.446945342482871, 58.888278724832098 ], [ -3.389971132828407, 58.928592579190244 ], [ -3.302567859793097, 58.932490441593288 ], [ -3.175818290274102, 58.802849161036939 ] ] ], [ [ [ -1.131129827950406, 50.607264612158602 ], [ -1.230630948502154, 50.575650065843291 ], [ -1.500210508429455, 50.673388873923507 ], [ -1.246914415741158, 50.77147497823298 ], [ -1.131541501543103, 50.746948292365566 ], [ -1.079540339627265, 50.685151734893196 ], [ -1.131129827950406, 50.607264612158602 ] ] ], [ [ [ -1.385513049516019, 50.781223960078293 ], [ -1.385984537690277, 50.776323493998497 ], [ -1.390650556396775, 50.777840632767429 ], [ -1.385513049516019, 50.781223960078293 ] ] ], [ [ [ -3.240433607283893, 56.007606784073239 ], [ -3.272130127496806, 55.982006383971054 ], [ -3.30896725916302, 56.014149693889969 ], [ -3.270025767827863, 56.040679503626514 ], [ -3.240433607283893, 56.007606784073239 ] ] ], [ [ [ -3.118670818415002, 53.295003189826353 ], [ -3.125118138209422, 53.288084679934634 ], [ -3.127307723067369, 53.29039971281567 ], [ -3.118670818415002, 53.295003189826353 ] ] ], [ [ [ -2.420724284756516, 50.532347141783262 ], [ -2.473090818728938, 50.5184783546133 ], [ -2.45187723763188, 50.572140783115202 ], [ -2.415534905448481, 50.574476013963007 ], [ -2.420724284756516, 50.532347141783262 ] ] ], [ [ [ -5.787410683113401, 59.113480423988058 ], [ -5.868096636306094, 59.10342012038744 ], [ -5.81310246069294, 59.15367927334281 ], [ -5.787410683113401, 59.113480423988058 ] ] ], [ [ [ -5.364022184283144, 57.99772133895636 ], [ -5.409108854467779, 57.987895561586953 ], [ -5.445807539665152, 58.017099295380753 ], [ -5.407588316505117, 58.036869938540008 ], [ -5.364022184283144, 57.99772133895636 ] ] ], [ [ [ -3.084241824029508, 51.377246050439368 ], [ -3.106442429523223, 51.354155766432697 ], [ -3.1643963832407, 51.372786187372007 ], [ -3.120972759654253, 51.403685679835412 ], [ -3.084241824029508, 51.377246050439368 ] ] ], [ [ [ -4.687770413569966, 55.529003423264733 ], [ -4.729027675557653, 55.504057936292106 ], [ -4.777435353253751, 55.52347469994762 ], [ -4.723824486151011, 55.549377976597484 ], [ -4.687770413569966, 55.529003423264733 ] ] ], [ [ [ -4.878989743077676, 55.787240517275428 ], [ -4.902092663377918, 55.752976386888122 ], [ -4.960318682141199, 55.760617607637407 ], [ -4.920514102049119, 55.796557669240222 ], [ -4.878989743077676, 55.787240517275428 ] ] ], [ [ [ -4.116457528207166, 53.286395747632945 ], [ -4.344056034550251, 53.139966723576656 ], [ -4.641146257495138, 53.285788904857633 ], [ -4.53708247911073, 53.399440987963203 ], [ -4.34525319734165, 53.414582589996478 ], [ -4.116457528207166, 53.286395747632945 ] ] ], [ [ [ -6.207500290686468, 58.337412948511229 ], [ -6.364992721541164, 58.190072223480144 ], [ -6.386229451242345, 58.041031536487502 ], [ -6.494728349567795, 57.95014764581336 ], [ -6.646783831464448, 57.924401154071703 ], [ -6.687393345538958, 57.871078158900538 ], [ -6.750425286937401, 57.866127981417073 ], [ -6.795153623786557, 57.821036409350647 ], [ -6.972239132306844, 57.753562401204604 ], [ -7.065721551344656, 57.813687713463658 ], [ -6.91923787975447, 57.918194849520383 ], [ -7.127605461745478, 58.011484804293026 ], [ -7.07388440155457, 58.044938044342494 ], [ -7.103323660514215, 58.13635067264044 ], [ -7.025385367236922, 58.22233501589691 ], [ -6.896963959800989, 58.21339566847923 ], [ -6.805886591088085, 58.242046794620407 ], [ -6.759176582048926, 58.310978631982763 ], [ -6.291899579408218, 58.49135587339515 ], [ -6.199946656010853, 58.45647345925547 ], [ -6.207500290686468, 58.337412948511229 ] ] ], [ [ [ -6.162853331903008, 58.215759805912242 ], [ -6.25846645837101, 58.181880851047971 ], [ -6.290078984980558, 58.201020290344182 ], [ -6.195081694540289, 58.249426176546216 ], [ -6.148022737377604, 58.25393094923303 ], [ -6.162853331903008, 58.215759805912242 ] ] ], [ [ [ -5.518888600902241, 56.476904169434675 ], [ -5.576441845871062, 56.480771838153487 ], [ -5.464921824633905, 56.543892083796827 ], [ -5.445145229360861, 56.540716399516782 ], [ -5.518888600902241, 56.476904169434675 ] ] ], [ [ [ -5.085648007424008, 55.477604381066406 ], [ -5.192124252261463, 55.434905585727535 ], [ -5.303685070939327, 55.466138944612155 ], [ -5.395998307126607, 55.621268217661211 ], [ -5.367726697327917, 55.669876337312083 ], [ -5.279577544256353, 55.711571732927389 ], [ -5.19482514987393, 55.692799782019996 ], [ -5.146583757221519, 55.650502611958011 ], [ -5.085648007424008, 55.477604381066406 ] ] ], [ [ [ -5.811948145559849, 56.329908400319162 ], [ -6.271071677633772, 56.277732342033644 ], [ -6.371681636498963, 56.308123232288231 ], [ -6.181469022574047, 56.354336892966067 ], [ -6.101645769606752, 56.444529551932568 ], [ -6.221297770392044, 56.48201436781531 ], [ -6.299620383571503, 56.557071719243936 ], [ -6.273734404564395, 56.605799693314012 ], [ -6.167231361576437, 56.640528750925974 ], [ -6.047430691120914, 56.615837895028946 ], [ -5.935417041042681, 56.538382023542432 ], [ -5.78139936629231, 56.496306190517323 ], [ -5.682611650122862, 56.423812268787273 ], [ -5.811948145559849, 56.329908400319162 ] ] ], [ [ [ -5.714223663675085, 56.082135341055626 ], [ -5.929412662249343, 55.835634845720421 ], [ -6.071359892381058, 55.808168372567522 ], [ -6.040113194633757, 55.696893432302048 ], [ -6.061867429774878, 55.662615934298728 ], [ -6.27973006216881, 55.600990149298696 ], [ -6.330158576073902, 55.754868806696848 ], [ -6.471938709576985, 55.688790474620816 ], [ -6.529770935863393, 55.689174590716377 ], [ -6.419815329327691, 55.859463414295583 ], [ -6.365713856383556, 55.877243174451692 ], [ -6.309427928548372, 55.856784637378198 ], [ -6.155700391710055, 55.919943427691635 ], [ -6.088156810084857, 55.888376893857192 ], [ -5.922403378781564, 56.048363460385374 ], [ -5.693399701284715, 56.161591640423254 ], [ -5.714223663675085, 56.082135341055626 ] ] ], [ [ [ -6.429387415418919, 57.76598435465759 ], [ -6.392637299406696, 57.717526071293598 ], [ -6.429318824209446, 57.717755855572953 ], [ -6.476352902423902, 57.755811739852064 ], [ -6.429387415418919, 57.76598435465759 ] ] ], [ [ [ -6.105991920731883, 56.905079455783287 ], [ -6.131839217582795, 56.871577573808651 ], [ -6.215985209381381, 56.896089877770557 ], [ -6.147359598246665, 56.936564565294496 ], [ -6.105991920731883, 56.905079455783287 ] ] ], [ [ [ -6.26670621853199, 56.960965756040416 ], [ -6.320719791884088, 56.937708077230212 ], [ -6.421428826702773, 56.990940632074896 ], [ -6.435626073699994, 57.016795461960143 ], [ -6.333592956761343, 57.056854510093785 ], [ -6.268233411453558, 57.035434109282754 ], [ -6.247765911835428, 56.990940632564737 ], [ -6.26670621853199, 56.960965756040416 ] ] ], [ [ [ -5.724242295796306, 55.704107730149282 ], [ -5.743623051853602, 55.641276589149356 ], [ -5.782282687323965, 55.67597360454063 ], [ -5.750832926383446, 55.707299716523863 ], [ -5.724242295796306, 55.704107730149282 ] ] ], [ [ [ -6.873134264962149, 58.297667690883522 ], [ -6.911146989776353, 58.263110475351944 ], [ -6.962693980202693, 58.280207860874377 ], [ -6.91541095122304, 58.307331291573192 ], [ -6.873134264962149, 58.297667690883522 ] ] ], [ [ [ -6.121787012233604, 55.214809337070072 ], [ -6.037767775109978, 55.166479807782224 ], [ -6.041027741397363, 55.066215357256716 ], [ -5.97652759882663, 55.056598465196906 ], [ -5.959669697842823, 54.977776386035558 ], [ -5.799709602007596, 54.840365898731434 ], [ -5.738230130419878, 54.837870035238168 ], [ -5.69654453721222, 54.799877654862136 ], [ -5.728683732594654, 54.740788866240472 ], [ -5.868339347657153, 54.688770428152012 ], [ -5.912931372701872, 54.648037011459365 ], [ -5.855335866319107, 54.63377016377931 ], [ -5.742108117513458, 54.66911162802252 ], [ -5.545182346614274, 54.641063781034461 ], [ -5.448838932747956, 54.485894753173682 ], [ -5.475481554103211, 54.386035505579109 ], [ -5.504312382431111, 54.354901098316425 ], [ -5.537155445776412, 54.366605493905858 ], [ -5.553852865539672, 54.503164066420929 ], [ -5.679585483420516, 54.562909629998742 ], [ -5.691991215572823, 54.530556857607984 ], [ -5.646514653733669, 54.459202815765742 ], [ -5.625902970360599, 54.39177182949588 ], [ -5.553444058667082, 54.345449641819414 ], [ -5.564840164090445, 54.2888046061042 ], [ -5.658280585658, 54.238478456380811 ], [ -5.810109784333659, 54.246732254657971 ], [ -5.889001613421754, 54.205536551328208 ], [ -5.904068825667986, 54.105504434261704 ], [ -6.039688568391757, 54.033750494275516 ], [ -6.268015422127919, 54.102337006048003 ], [ -6.356911671896969, 54.10107633293179 ], [ -6.401796512607772, 54.060329303371681 ], [ -6.595093107251577, 54.044582470472918 ], [ -6.655949565592098, 54.068047583774046 ], [ -6.643909148872876, 54.18001940103909 ], [ -6.788126262341249, 54.212569797970595 ], [ -6.864229730664453, 54.330165639712213 ], [ -7.017378626535693, 54.415598654061625 ], [ -7.188510303459504, 54.337681028029536 ], [ -7.16376935153546, 54.239370229612369 ], [ -7.270896971262077, 54.152482447474284 ], [ -7.558852881339865, 54.134452691154692 ], [ -7.689238198731214, 54.201309624667047 ], [ -7.817113748146505, 54.210410276849167 ], [ -7.882710703273598, 54.28962795467924 ], [ -8.054142704063638, 54.372998002171364 ], [ -8.138660052421383, 54.449952188190025 ], [ -8.010807808607781, 54.531577668661456 ], [ -7.857494747646235, 54.539946547734218 ], [ -7.703411741741595, 54.60828787419409 ], [ -7.849549677123506, 54.639883153846476 ], [ -7.900928484513753, 54.686661681172865 ], [ -7.830444258566089, 54.728397938055039 ], [ -7.74743688047062, 54.710411374512034 ], [ -7.55305731467182, 54.748876068987613 ], [ -7.455468261554016, 54.859002589216097 ], [ -7.387893368881525, 55.015158302836127 ], [ -7.256068589437315, 55.067034966999827 ], [ -7.147900616199605, 55.044739141920047 ], [ -7.036072655878668, 55.063635907074435 ], [ -6.951104569430105, 55.185928085557755 ], [ -6.7538630964495, 55.17233322225151 ], [ -6.471975925635138, 55.246812916454203 ], [ -6.121787012233604, 55.214809337070072 ] ] ], [ [ [ -6.975728738989311, 57.910100521619761 ], [ -7.006010682549236, 57.881005244240228 ], [ -7.060864243738051, 57.901301675769034 ], [ -7.013009069332747, 57.927675244705021 ], [ -6.975728738989311, 57.910100521619761 ] ] ], [ [ [ -6.167686645251552, 56.108012294229447 ], [ -6.215067034146512, 56.010527125367609 ], [ -6.297136424463192, 56.027072636543814 ], [ -6.231288864652628, 56.099061620416862 ], [ -6.167686645251552, 56.108012294229447 ] ] ], [ [ [ -4.135386403230213, 50.333486576209893 ], [ -4.141841495154913, 50.332659675573503 ], [ -4.161269814544668, 50.334540047842538 ], [ -4.135386403230213, 50.333486576209893 ] ] ], [ [ [ -6.544946260981974, 56.596144864238859 ], [ -6.692569322781882, 56.554960103315189 ], [ -6.736576025334426, 56.574505141304002 ], [ -6.543383437293774, 56.670777847800082 ], [ -6.468490351039225, 56.673051168293384 ], [ -6.544946260981974, 56.596144864238859 ] ] ], [ [ [ -6.37187859020729, 56.351782467325556 ], [ -6.412680651714679, 56.304390576244423 ], [ -6.436150693761735, 56.311068628996168 ], [ -6.441845162031078, 56.334474896282352 ], [ -6.400533132734244, 56.357755743406649 ], [ -6.37187859020729, 56.351782467325556 ] ] ], [ [ [ -7.233886013951109, 57.113479310471668 ], [ -7.294731678386676, 57.045387249369561 ], [ -7.319022415239086, 57.094308005090305 ], [ -7.398242175900046, 57.134588864868235 ], [ -7.432746368716068, 57.223937945526465 ], [ -7.408458902836879, 57.376958850423719 ], [ -7.365370990952943, 57.412937101114416 ], [ -7.387279506546631, 57.507046999786965 ], [ -7.527475063312548, 57.594320235435305 ], [ -7.477233305823281, 57.655651495555524 ], [ -7.2854165477732, 57.669836009164463 ], [ -7.194993424008516, 57.728907923314161 ], [ -7.069479127137475, 57.655162611266903 ], [ -7.201476258529964, 57.452440326895811 ], [ -7.204133485704102, 57.405011256043387 ], [ -7.268238616971796, 57.387966789081332 ], [ -7.213401756952694, 57.297602314486994 ], [ -7.259038777513266, 57.213005937406663 ], [ -7.233886013951109, 57.113479310471668 ] ] ], [ [ [ -7.179574257687168, 57.776231318449327 ], [ -7.219189142059246, 57.751047357674459 ], [ -7.274990470525645, 57.770015565748331 ], [ -7.219275320784384, 57.793328600285079 ], [ -7.179574257687168, 57.776231318449327 ] ] ], [ [ [ -6.154356666510629, 55.297935523483069 ], [ -6.183734377267815, 55.261409189545589 ], [ -6.222051877992138, 55.297965561731743 ], [ -6.189072349764977, 55.321014766121891 ], [ -6.154356666510629, 55.297935523483069 ] ] ], [ [ [ -6.720165744496279, 56.536871803961752 ], [ -6.749871275745501, 56.514391363195237 ], [ -6.804768024138199, 56.533807425346076 ], [ -6.753297236011353, 56.561959270245254 ], [ -6.720165744496279, 56.536871803961752 ] ] ], [ [ [ -6.822904553467293, 56.505458406609478 ], [ -6.935670966396654, 56.433689455797179 ], [ -7.000192592834608, 56.451909487793003 ], [ -7.041532018400012, 56.514738919888387 ], [ -6.822904553467293, 56.505458406609478 ] ] ], [ [ [ -7.594808681751369, 57.521502815668562 ], [ -7.634096773342747, 57.497130045455762 ], [ -7.678988974958588, 57.52508384968322 ], [ -7.625050032574915, 57.544676267783686 ], [ -7.594808681751369, 57.521502815668562 ] ] ], [ [ [ -7.515602495460584, 56.9384229372858 ], [ -7.525640952475138, 56.89330743731847 ], [ -7.561775093397953, 56.936618162393749 ], [ -7.510825288145495, 57.009957792950132 ], [ -7.465233109289597, 57.025544168710027 ], [ -7.44568031637127, 57.051849977963521 ], [ -7.41892977143226, 57.036033952055774 ], [ -7.390997876341827, 56.990940632240978 ], [ -7.515602495460584, 56.9384229372858 ] ] ], [ [ [ -7.626543473900925, 56.791026384989188 ], [ -7.686509942606873, 56.790103609031434 ], [ -7.652162987322162, 56.834235426785419 ], [ -7.612549632238966, 56.822855893105924 ], [ -7.626543473900925, 56.791026384989188 ] ] ], [ [ [ -8.45649478797745, 57.880670557476371 ], [ -8.489177579515273, 57.860018166567322 ], [ -8.535239428097043, 57.863839716215324 ], [ -8.499741459356636, 57.908999947082457 ], [ -8.45649478797745, 57.880670557476371 ] ] ], [ [ [ -8.547903094052746, 57.804943098455603 ], [ -8.568988221443878, 57.783739676070113 ], [ -8.623653463773287, 57.817798539340778 ], [ -8.571592158724261, 57.837446694184244 ], [ -8.547903094052746, 57.804943098455603 ] ] ], [ [ [ -6.2408168810022, 49.949612272159186 ], [ -6.300717210448037, 49.902805987871076 ], [ -6.352987209279543, 49.955998226565782 ], [ -6.26260599883924, 49.970445955633231 ], [ -6.2408168810022, 49.949612272159186 ] ] ], [ [ [ -6.342598226542225, 49.942104508871196 ], [ -6.342016064457429, 49.937074326601561 ], [ -6.346801321765933, 49.939581996239042 ], [ -6.342598226542225, 49.942104508871196 ] ] ] ] } }
]
}
