{
"type": "FeatureCollection",
"name": "europe-countries",
"crs": { "type": "name", "properties": { "name": "urn:ogc:def:crs:OGC:1.3:CRS84" } },
"features": [
{ "type": "Feature", "properties": { "id": "SI", "code": "SI", "name": "Slovenija" }, "geometry": { "type": "Polygon", "coordinates": [ [ [ 16.113849224648447, 46.869068117143819 ], [ 16.134600967539935, 46.856080984821808 ], [ 16.297566577861904, 46.866372461711386 ], [ 16.346938412431925, 46.834465624799968 ], [ 16.31216147079326, 46.778002425408737 ], [ 16.370793261080035, 46.722243534061995 ], [ 16.390379310087031, 46.638222252940494 ], [ 16.501053125766106, 46.565903206294294 ], [ 16.539576423583966, 46.49876000998222 ], [ 16.596804964532385, 46.47590243718723 ], [ 16.344073705581319, 46.541102005725669 ], [ 16.242148436167444, 46.490075568774294 ], [ 16.30154886347351, 46.378287902876245 ], [ 16.058116683776692, 46.39356600282953 ], [ 16.068875268473597, 46.350385229948458 ], [ 15.97188632488889, 46.307131484023387 ], [ 15.791475514417872, 46.259327495398814 ], [ 15.771852860240219, 46.224317066948416 ], [ 15.674853215916231, 46.227124035153935 ], [ 15.635970793183498, 46.185789907338041 ], [ 15.627262053073553, 46.085953418674194 ], [ 15.719908721354866, 46.054871456506696 ], [ 15.662412526555379, 45.846447754266592 ], [ 15.478899825359472, 45.827496029634119 ], [ 15.259645549481737, 45.726086015696978 ], [ 15.330212923219612, 45.668654040103938 ], [ 15.297424709170842, 45.585687329359921 ], [ 15.357790718329376, 45.48031934048916 ], [ 15.226437266274834, 45.427088048602336 ], [ 15.057328790342726, 45.492308922077065 ], [ 14.96249307419345, 45.511159546946082 ], [ 14.844816541009743, 45.469216683917679 ], [ 14.599410695307144, 45.631652716510573 ], [ 14.569820646375678, 45.672429028495763 ], [ 14.502525670534096, 45.579686990682426 ], [ 14.356950188379294, 45.484497934704663 ], [ 14.118196295984204, 45.481239102693145 ], [ 14.001949577331645, 45.520062662891277 ], [ 13.921488758087223, 45.437637960503999 ], [ 13.585649206347798, 45.478531945103938 ], [ 13.615719434508385, 45.539769617466149 ], [ 13.693405069916487, 45.547912547671551 ], [ 13.738997704630012, 45.572382395829706 ], [ 13.723158648707658, 45.594806766403458 ], [ 13.829461544330744, 45.585080101504971 ], [ 13.89868555510818, 45.643424790155116 ], [ 13.708288688774543, 45.775019414055116 ], [ 13.596242760471197, 45.807937324772205 ], [ 13.611410262465792, 45.90376807084612 ], [ 13.63717239080904, 45.938025609790756 ], [ 13.620869161530226, 45.984596023041995 ], [ 13.518262723293041, 45.978419272764235 ], [ 13.496939052950424, 46.051335023391523 ], [ 13.664051766610068, 46.170440605462993 ], [ 13.633614378458894, 46.191790826778465 ], [ 13.459856148679817, 46.224708681805673 ], [ 13.402879967444214, 46.300137003372249 ], [ 13.684031873864656, 46.437472358623261 ], [ 13.714185081104839, 46.522703436818034 ], [ 14.09979752848003, 46.479318094489834 ], [ 14.153396347344694, 46.436779160751534 ], [ 14.434500307154595, 46.442943627270715 ], [ 14.441961445736901, 46.423780939874014 ], [ 14.522309898318904, 46.415277633365022 ], [ 14.565175356464151, 46.372453487596673 ], [ 14.674706775115691, 46.45066036099972 ], [ 14.818605832413349, 46.509383022604496 ], [ 14.823507872517533, 46.544437656221014 ], [ 14.884301204818568, 46.611744573765108 ], [ 14.922071375390194, 46.607933454042978 ], [ 15.065120556616975, 46.652112654514568 ], [ 15.401979531977201, 46.653548404314343 ], [ 15.520070185457028, 46.621535327881389 ], [ 15.542442112084439, 46.629951080229034 ], [ 15.564412249582857, 46.67435823530414 ], [ 15.865511136100167, 46.719629989560119 ], [ 16.038086132591214, 46.656145545076271 ], [ 16.039503544433131, 46.690901832597277 ], [ 15.989034107335458, 46.774937062718934 ], [ 15.996236035495743, 46.835398663563559 ], [ 16.05839037847813, 46.838670009858312 ], [ 16.113849224648447, 46.869068117143819 ] ] ] } },
{ "type": "Feature", "properties": { "id": "SK", "code": "SK", "name": "Slovensko" }, "geometry": { "type": "Polygon", "coordinates": [ [ [ 19.655565067833148, 49.41322037345865 ], [ 19.78062612418185, 49.389212075775752 ], [ 19.78359159343908, 49.221402874330593 ], [ 20.078023858805182, 49.198234842450908 ], [ 20.192865924299294, 49.335768143559278 ], [ 20.614939251411741, 49.417833082530024 ], [ 20.940032065433329, 49.312750014059034 ], [ 21.094217461123321, 49.424682864656056 ], [ 21.397712480363833, 49.433794034909702 ], [ 21.871380868168711, 49.370304813534396 ], [ 22.092102644528733, 49.215049803466265 ], [ 22.566840213020271, 49.088377401384143 ], [ 22.382873138720587, 48.862390842408956 ], [ 22.324309937143592, 48.687952741306297 ], [ 22.170723568616364, 48.571265154344303 ], [ 22.155305928265857, 48.403396528291104 ], [ 22.130422882566023, 48.380144093294078 ], [ 21.765968220504966, 48.347171315199468 ], [ 21.602601214278195, 48.492776663793109 ], [ 21.417283972878394, 48.566357001150472 ], [ 21.115185589247343, 48.508192219315596 ], [ 20.689868851271662, 48.562236010258054 ], [ 20.463936983430447, 48.463966988069295 ], [ 20.324878706653351, 48.289022570744471 ], [ 20.051878785909643, 48.167704144531918 ], [ 19.907835561683214, 48.14588694642174 ], [ 19.618975185879155, 48.236084572363161 ], [ 19.456300225266837, 48.101941562902674 ], [ 19.014322597321353, 48.077736526989533 ], [ 18.92839250167021, 48.056743140308285 ], [ 18.781690558509471, 47.959771993214382 ], [ 18.78025765188594, 47.874650664989453 ], [ 18.849373507529343, 47.817225239212675 ], [ 17.893922756242731, 47.739456968348911 ], [ 17.705436496202939, 47.758992498011835 ], [ 17.247427296701833, 48.012008995987046 ], [ 17.160797384405882, 48.00665656242419 ], [ 17.066740796888016, 48.118681623342638 ], [ 16.976202765622823, 48.172244470494327 ], [ 16.835549269686229, 48.380144093457247 ], [ 16.851042834021701, 48.438639879336186 ], [ 16.949777879653578, 48.535791855859486 ], [ 16.940278025624135, 48.617245444121018 ], [ 17.17233346495836, 48.854756710270436 ], [ 17.396725476005503, 48.813350116468172 ], [ 17.646930065533351, 48.854265880434816 ], [ 18.066950743450498, 49.0496400342982 ], [ 18.169787688507007, 49.263515321085741 ], [ 18.322436010753059, 49.315059008905031 ], [ 18.403595554276631, 49.396745481822229 ], [ 18.57812054252771, 49.49797549015252 ], [ 18.851551020597427, 49.51718893547573 ], [ 18.952289051348004, 49.497038293956223 ], [ 19.016913692500939, 49.408947035937395 ], [ 19.140212898333012, 49.410555867055102 ], [ 19.4673863400889, 49.613766865889431 ], [ 19.655565067833148, 49.41322037345865 ] ] ] } },
{ "type": "Feature", "properties": { "id": "TR", "code": "TR", "name": "Türkiye" }, "geometry": { "type": "MultiPolygon", "coordinates": [ [ [ [ 35.142027478799655, 42.028218969885629 ], [ 35.124132829065225, 41.905316874649664 ], [ 35.235813741007824, 41.771286881121569 ], [ 35.412108399629027, 41.684156995393934 ], [ 35.628330025313218, 41.643327615106386 ], [ 35.981905559050823, 41.72038275512876 ], [ 36.095381051767667, 41.641775722615243 ], [ 36.196008911059053, 41.400995916654949 ], [ 36.472300672490569, 41.247156226819087 ], [ 36.633423039762071, 41.353766368757185 ], [ 36.80850406071071, 41.34870987547481 ], [ 37.169871700360922, 41.147588694448444 ], [ 37.491444325079918, 41.070897924248797 ], [ 37.736314773841841, 41.110000007369329 ], [ 37.901019559431099, 40.994405774621043 ], [ 38.467882081324788, 40.916130579560679 ], [ 39.162983475270813, 41.074886246127555 ], [ 39.344636078770542, 41.069252748498911 ], [ 39.421552706009905, 41.10534850771181 ], [ 39.5148318060535, 41.069252748279794 ], [ 40.144216585673838, 40.923439806369828 ], [ 40.329799100485012, 40.988393694944726 ], [ 40.679128354284167, 41.077245799022087 ], [ 41.251899950705031, 41.329933497887467 ], [ 41.547134447240545, 41.520382071177437 ], [ 41.615185887624833, 41.502247885471398 ], [ 42.16160909880999, 41.499596154757036 ], [ 42.520234000411541, 41.436705995495245 ], [ 42.611938704376293, 41.573619811378542 ], [ 42.811041467067291, 41.584922929868661 ], [ 42.826402290562953, 41.506430178574462 ], [ 43.189307181261142, 41.301024851170872 ], [ 43.237951487429775, 41.189556043431608 ], [ 43.430157785052636, 41.173517830629606 ], [ 43.468256599844338, 41.033277495146471 ], [ 43.661574324242842, 40.925650611695232 ], [ 43.74148222624612, 40.712746962135384 ], [ 43.571990923465165, 40.471066548256722 ], [ 43.69679585144074, 40.194370225848068 ], [ 43.64873679957639, 40.131236293886829 ], [ 43.913554001308221, 40.022881402342193 ], [ 44.257959172151772, 40.044026754042463 ], [ 44.392940917577789, 40.001821531658386 ], [ 44.763730662511911, 39.714398342948435 ], [ 44.796395485185791, 39.668476309238827 ], [ 44.603812207373771, 39.763619976101985 ], [ 44.467197399873335, 39.684101893680804 ], [ 44.401380852835352, 39.413717652868002 ], [ 44.101320179248319, 39.406947871208935 ], [ 44.037700899714658, 39.361264294487569 ], [ 44.203825640162449, 39.121160210348606 ], [ 44.187488015521666, 38.977700176866314 ], [ 44.294037541058287, 38.809291484682362 ], [ 44.265046280509608, 38.700578335676639 ], [ 44.325585118269736, 38.39349962190898 ], [ 44.492700249379318, 38.338099912882981 ], [ 44.235353861645308, 37.914987481171984 ], [ 44.421571199595746, 37.80437079291999 ], [ 44.608539333759495, 37.72460312134244 ], [ 44.632484115831602, 37.446300012456611 ], [ 44.79866909749088, 37.307688297074016 ], [ 44.783723257273046, 37.154146672554177 ], [ 44.64522378466242, 37.158100146587998 ], [ 44.557851018386046, 37.14240437466281 ], [ 44.286862708407725, 36.984162835732732 ], [ 44.208820205381862, 37.070337047261084 ], [ 44.216036010053685, 37.14240437477519 ], [ 44.257274631000257, 37.236790683156777 ], [ 44.108242683090808, 37.320265379373986 ], [ 43.892250914677, 37.230267191291169 ], [ 43.65829537693002, 37.22881608395349 ], [ 43.331350799509117, 37.327084292890142 ], [ 42.807134074804523, 37.359524002582859 ], [ 42.454928122086514, 37.131612841061745 ], [ 42.367658769813481, 37.131967460305262 ], [ 42.220991521223759, 37.271848542600203 ], [ 41.66456739954544, 37.118311492753392 ], [ 41.216445482177235, 37.070825688247744 ], [ 40.782740774605621, 37.123773609493114 ], [ 39.812522256179633, 36.759723810584589 ], [ 39.233862508895925, 36.673466960401065 ], [ 38.776501212817585, 36.702718474602591 ], [ 38.299426734812052, 36.915312285620836 ], [ 38.025035599837558, 36.83033999265524 ], [ 37.700299017820655, 36.757259632553271 ], [ 37.463204906622423, 36.642184319835458 ], [ 37.070605133883348, 36.650962346291301 ], [ 36.98019031858378, 36.760270938550491 ], [ 36.665194500196215, 36.826766492479898 ], [ 36.566728694482002, 36.510277081576874 ], [ 36.661599814820619, 36.269783785938152 ], [ 36.415853093903607, 36.20195859173382 ], [ 36.346220585028156, 36.016690013952363 ], [ 36.209376841534343, 35.910074479381521 ], [ 36.164061504160294, 35.819273657696243 ], [ 35.916953159591614, 35.928496376362148 ], [ 35.958771246785282, 36.039916276259106 ], [ 35.815003942308145, 36.304949140903524 ], [ 36.188843806878388, 36.635096636549541 ], [ 36.170698689046333, 36.802797292001109 ], [ 36.007040801011563, 36.930638192303434 ], [ 35.805281165004779, 36.781814165920778 ], [ 35.654492064244337, 36.742231474879368 ], [ 35.633022662863794, 36.617262809509114 ], [ 35.341158311921284, 36.554457409166851 ], [ 34.820712328958066, 36.774035354689758 ], [ 34.562653974641172, 36.760038120189627 ], [ 34.233645025304305, 36.543139139646762 ], [ 33.982245117324105, 36.281654512755566 ], [ 33.861722402550377, 36.280478199829922 ], [ 33.706421589105652, 36.178542678508876 ], [ 32.775030935449003, 36.041082307840888 ], [ 32.562369100077639, 36.100726592241905 ], [ 32.327987907141541, 36.218260937020744 ], [ 32.006636531373054, 36.534432900348818 ], [ 31.404329315910271, 36.769114228478848 ], [ 31.030365478584795, 36.849228481797489 ], [ 30.601190871770392, 36.803825372811204 ], [ 30.415186671274213, 36.251808501288686 ], [ 30.194981929387129, 36.295670483333161 ], [ 29.720709894203662, 36.143265116681896 ], [ 29.262308124467094, 36.293483598387851 ], [ 29.008651019858181, 36.655521498034879 ], [ 28.820753223607074, 36.659489584434681 ], [ 28.544819403881913, 36.794638420146562 ], [ 28.30965718447635, 36.780148374351612 ], [ 28.056427719343549, 36.620181026905911 ], [ 27.91667003132045, 36.740299856318835 ], [ 27.460182340916553, 36.691707204938318 ], [ 27.52588425933757, 36.752752143651534 ], [ 27.948977553528735, 36.820142079465683 ], [ 28.056326484889404, 36.937649551410551 ], [ 27.307909640651474, 36.992356083974869 ], [ 27.315450950392478, 37.11471159940475 ], [ 27.500608957256823, 37.220782405887817 ], [ 27.382676999947986, 37.354362992379087 ], [ 27.250855648659758, 37.373648422816665 ], [ 27.169833628338409, 37.586731893555324 ], [ 27.061383922628888, 37.655568610263977 ], [ 27.21993006516885, 37.745953660564183 ], [ 27.271596400710067, 37.92200229286653 ], [ 26.878653008871762, 38.063122337268048 ], [ 26.741174953942959, 38.183832537250304 ], [ 26.565758204932568, 38.138458107542071 ], [ 26.273544031432404, 38.276799487590274 ], [ 26.293242658147403, 38.337260161011621 ], [ 26.435469327231381, 38.400346851829696 ], [ 26.369187293837573, 38.602808909270117 ], [ 26.409346886261336, 38.655609338960161 ], [ 26.528983141653665, 38.61620441153233 ], [ 26.622982872626494, 38.425522867850738 ], [ 26.717084989990973, 38.508976199544293 ], [ 26.798974522840286, 38.375076729343661 ], [ 27.020459982952595, 38.416912724965123 ], [ 26.732000808452923, 38.674950871393904 ], [ 26.987076077672711, 38.887739852837917 ], [ 26.8264448753735, 38.956676637640854 ], [ 26.841833886138851, 39.079815602103672 ], [ 26.61676947388646, 39.327897886733879 ], [ 26.77146276483014, 39.382510510155797 ], [ 26.886845369859337, 39.512448749878054 ], [ 26.65868120005667, 39.552273694190553 ], [ 26.118007099686331, 39.501027837499187 ], [ 26.170551249964788, 39.923058892549186 ], [ 26.242465268734122, 40.003069488381691 ], [ 26.385119900493038, 40.102358465322112 ], [ 26.717330848588642, 40.383132192536195 ], [ 26.838275693242377, 40.422307999179537 ], [ 26.824764062062361, 40.399540633880697 ], [ 27.231001665807064, 40.42564743897092 ], [ 27.516926300308203, 40.303403494239681 ], [ 27.745053733285314, 40.364252595995794 ], [ 27.635924855886138, 40.468894744461743 ], [ 27.667359926916919, 40.501565777754188 ], [ 27.903101673226473, 40.492858049107667 ], [ 28.015871234137446, 40.399002295705088 ], [ 28.970523750257232, 40.36198986481196 ], [ 29.103417646578258, 40.425157475204031 ], [ 29.011211899507433, 40.470322994326033 ], [ 28.806667604599856, 40.534494421388345 ], [ 29.036957344581431, 40.645020184969667 ], [ 29.473367458670587, 40.717401702821647 ], [ 29.558303700232063, 40.686601194198893 ], [ 29.555311478106358, 40.749584836407159 ], [ 29.340029700476762, 40.810687194382162 ], [ 29.134271279920362, 40.912596427143789 ], [ 29.118270379003654, 40.856445348403362 ], [ 29.05178525439473, 40.868489693089629 ], [ 29.016271103215402, 40.915201433502148 ], [ 29.180177052941438, 41.250516862676065 ], [ 29.957195226297049, 41.138782037340775 ], [ 30.367141799501589, 41.179198594696246 ], [ 30.96753309940517, 41.074813494253043 ], [ 31.292983099947914, 41.115762195209776 ], [ 31.431314134090183, 41.324316436050943 ], [ 32.095106000539246, 41.589559994888283 ], [ 32.521087627573117, 41.805518681853549 ], [ 32.757759300044796, 41.848597895473979 ], [ 33.357040146492849, 42.009431371203121 ], [ 34.228225999869814, 41.954658994677651 ], [ 34.754484220299219, 41.964516110239614 ], [ 35.030906574641286, 42.072192312946598 ], [ 35.142027478799655, 42.028218969885629 ] ] ], [ [ [ 27.257118022796771, 42.087361774344068 ], [ 27.555240724983303, 41.925413882215501 ], [ 27.991547048355017, 41.963846629234475 ], [ 28.016756389701651, 41.793649659727421 ], [ 28.143905500561058, 41.5906348956307 ], [ 28.25218255013284, 41.5106168141848 ], [ 28.704686808672292, 41.334397013339995 ], [ 28.955288732366618, 41.289262118898691 ], [ 28.823593662408108, 40.98197362136019 ], [ 28.653872396341626, 40.973642673445326 ], [ 28.245730546318896, 41.061328428443659 ], [ 28.013433399950973, 41.034252094930075 ], [ 27.938109643166101, 40.971664975451631 ], [ 27.696357009984464, 41.004751064580077 ], [ 27.478697020588704, 40.922727939992285 ], [ 27.294049187668456, 40.702030293534726 ], [ 27.148059988798273, 40.616399807810545 ], [ 26.907087999801444, 40.538258095004501 ], [ 26.895875980167382, 40.519365619088212 ], [ 26.751558424482958, 40.451935369474668 ], [ 26.693739733501015, 40.444491293565825 ], [ 26.628296197381733, 40.358654188613777 ], [ 26.489475908509032, 40.264096098066489 ], [ 26.361110171422244, 40.202941195050194 ], [ 26.254577010810237, 40.071055616549479 ], [ 26.22935053460689, 40.068098321549321 ], [ 26.209447420068425, 40.081680297218604 ], [ 26.258325591109866, 40.313105736941111 ], [ 26.773602530108178, 40.568966262596248 ], [ 26.725542800732963, 40.642532194082264 ], [ 26.092338536374886, 40.618589331251407 ], [ 26.054078376541899, 40.718249419475335 ], [ 26.333781629661921, 40.961942486611775 ], [ 26.350606372315859, 41.008166597646593 ], [ 26.344537185183068, 41.234779871750909 ], [ 26.622647477080957, 41.374331273930061 ], [ 26.577652020074375, 41.6022118391815 ], [ 26.358149499877854, 41.714037444537261 ], [ 26.365953833974292, 41.798659381607173 ], [ 26.534864199333779, 41.837891794404506 ], [ 26.599206467431589, 41.933456398976404 ], [ 26.965586800139128, 41.996477895497449 ], [ 27.071260364473485, 42.070786118886005 ], [ 27.257118022796771, 42.087361774344068 ] ] ], [ [ [ 27.758895624808019, 40.641034320259294 ], [ 27.450577243246713, 40.456544810040754 ], [ 27.527598674268216, 40.650565727060425 ], [ 27.758895624808019, 40.641034320259294 ] ] ], [ [ [ 26.102611774668453, 39.787222774542741 ], [ 26.054841319343875, 39.774134250997363 ], [ 25.929349150473008, 39.843585251124978 ], [ 26.072075657927485, 39.858269852979539 ], [ 26.102611774668453, 39.787222774542741 ] ] ], [ [ [ 26.044098988163586, 40.142066302812573 ], [ 25.773221616974698, 40.090189795660372 ], [ 25.658651419571488, 40.141235547589346 ], [ 25.896866990721655, 40.242138734230359 ], [ 26.044098988163586, 40.142066302812573 ] ] ] ] } },
{ "type": "Feature", "properties": { "id": "XK", "code": "XK", "name": "Kosovo*" }, "geometry": { "type": "Polygon", "coordinates": [ [ [ 21.435115561823661, 42.872275448722391 ], [ 21.437570629464904, 42.782911778302335 ], [ 21.500397355843404, 42.734388808520173 ], [ 21.753408842863891, 42.700946489855966 ], [ 21.729237325285524, 42.553690718288131 ], [ 21.543733416715241, 42.349603528459724 ], [ 21.586946401889598, 42.26281763852085 ], [ 21.465231851976167, 42.272592816188897 ], [ 21.444318747690836, 42.23493032693267 ], [ 21.377179691386949, 42.238032065094252 ], [ 21.321326160224825, 42.108013520910546 ], [ 21.248181562503024, 42.092498553535172 ], [ 21.212697331110597, 42.110700990520591 ], [ 21.139280458001828, 42.193091948156074 ], [ 20.787478364505823, 42.070297047159038 ], [ 20.772944172012391, 41.926757894658294 ], [ 20.727972573104399, 41.864277175923384 ], [ 20.594285897901997, 41.877327465695835 ], [ 20.543065801766684, 42.160664943500414 ], [ 20.480168292413854, 42.251328443930639 ], [ 20.364355086525624, 42.306595329418279 ], [ 20.256874571389851, 42.336456098925169 ], [ 20.076299916480593, 42.555823530729434 ], [ 20.087790039943236, 42.578398392157069 ], [ 20.046894817433436, 42.75690432223454 ], [ 20.207414273471421, 42.756800302419144 ], [ 20.352928393310513, 42.833381369122392 ], [ 20.442032664469348, 42.837075755841518 ], [ 20.538279665549773, 42.883174371622765 ], [ 20.513752172819625, 42.948238941851393 ], [ 20.674599052185961, 43.076401949130023 ], [ 20.62055254262636, 43.199489634579102 ], [ 20.819748716494423, 43.272466521427454 ], [ 20.923563868599874, 43.146082526931892 ], [ 20.967010106428965, 43.124408934326745 ], [ 21.120312252581392, 43.103564884841838 ], [ 21.289193645780358, 42.904485094736984 ], [ 21.435115561823661, 42.872275448722391 ] ] ] } },
{ "type": "Feature", "properties": { "id": "AL", "code": "AL", "name": "Shqipëria" }, "geometry": { "type": "Polygon", "coordinates": [ [ [ 19.704852446617867, 42.639058624018745 ], [ 19.830933205619505, 42.466384167651441 ], [ 20.076299916480593, 42.555823530729434 ], [ 20.256874571389851, 42.336456098925169 ], [ 20.364355086525624, 42.306595329418279 ], [ 20.480168292413854, 42.251328443930639 ], [ 20.543065801766684, 42.160664943500414 ], [ 20.594285897901997, 41.877327465695835 ], [ 20.562872105583946, 41.846136605954882 ], [ 20.573575608608255, 41.798247811763851 ], [ 20.526693225022747, 41.717829608624605 ], [ 20.557773818133761, 41.58187049560982 ], [ 20.459509571917998, 41.529465230692665 ], [ 20.560362917349984, 41.408458344608668 ], [ 20.501660206407621, 41.317153905766396 ], [ 20.51651156211091, 41.237873666783265 ], [ 20.597745022582746, 41.092033495586875 ], [ 20.632866160866278, 41.086512899393824 ], [ 20.732362154110742, 40.911645677600248 ], [ 20.837822960861462, 40.927682925489805 ], [ 20.97766373757997, 40.889660836816972 ], [ 21.05606836890853, 40.616695330727453 ], [ 20.946587173490133, 40.484594681993336 ], [ 20.795661213294476, 40.43378955641505 ], [ 20.778451799528874, 40.348730593551068 ], [ 20.612876563311108, 40.079653468487081 ], [ 20.40190651363606, 40.019683419476941 ], [ 20.342241742736302, 39.949809382223457 ], [ 20.39130787986635, 39.78848353741315 ], [ 20.302345082595789, 39.812743109891152 ], [ 20.304106967711473, 39.72345879212255 ], [ 20.211144650256571, 39.65438163738731 ], [ 20.008812646770885, 39.691292235121281 ], [ 19.986508740368215, 39.855516090134493 ], [ 19.877538506517791, 40.010288358344091 ], [ 19.401455509523814, 40.297415571162169 ], [ 19.466980376967555, 40.432882238262557 ], [ 19.318751995477239, 40.644980920623901 ], [ 19.51779734357654, 41.268655918144326 ], [ 19.424356117983852, 41.379730430150516 ], [ 19.557328146707029, 41.577673841309895 ], [ 19.589966380262808, 41.774429680309595 ], [ 19.520067352642684, 41.840311538166183 ], [ 19.372528224583132, 41.844148059695875 ], [ 19.384526453024719, 42.078986476490158 ], [ 19.302652747730132, 42.187870304175398 ], [ 19.704852446617867, 42.639058624018745 ] ] ] } },
{ "type": "Feature", "properties": { "id": "AT", "code": "AT", "name": "Österreich" }, "geometry": { "type": "Polygon", "coordinates": [ [ [ 15.542449603460929, 48.907696908661677 ], [ 16.292756518093618, 48.733851929593591 ], [ 16.550801152717774, 48.807222848806624 ], [ 16.885865169861635, 48.708720423382374 ], [ 16.940278025624135, 48.617245444121018 ], [ 16.949777879653578, 48.535791855859486 ], [ 16.851042834021701, 48.438639879336186 ], [ 16.835549269686229, 48.380144093457247 ], [ 16.976202765622823, 48.172244470494327 ], [ 17.066740796888016, 48.118681623342638 ], [ 17.160797384405882, 48.00665656242419 ], [ 17.030464278363077, 47.713092678995864 ], [ 16.567155430437559, 47.73015455769378 ], [ 16.421542384692948, 47.66529808788647 ], [ 16.539576423400167, 47.636691180811596 ], [ 16.687789202225311, 47.570231612343711 ], [ 16.646220083977436, 47.446596932575964 ], [ 16.433761690702887, 47.352918665367746 ], [ 16.456144163039866, 47.025006569137382 ], [ 16.05839037847813, 46.838670009858312 ], [ 15.996236035495743, 46.835398663563559 ], [ 15.989034107335458, 46.774937062718934 ], [ 16.039503544433131, 46.690901832597277 ], [ 16.038086132591214, 46.656145545076271 ], [ 15.865511136100167, 46.719629989560119 ], [ 15.564412249582857, 46.67435823530414 ], [ 15.542442112084439, 46.629951080229034 ], [ 15.520070185457028, 46.621535327881389 ], [ 15.401979531977201, 46.653548404314343 ], [ 15.065120556616975, 46.652112654514568 ], [ 14.922071375390194, 46.607933454042978 ], [ 14.884301204818568, 46.611744573765108 ], [ 14.823507872517533, 46.544437656221014 ], [ 14.818605832413349, 46.509383022604496 ], [ 14.674706775115691, 46.45066036099972 ], [ 14.565175356464151, 46.372453487596673 ], [ 14.522309898318904, 46.415277633365022 ], [ 14.441961445736901, 46.423780939874014 ], [ 14.434500307154595, 46.442943627270715 ], [ 14.153396347344694, 46.436779160751534 ], [ 14.09979752848003, 46.479318094489834 ], [ 13.714185081104839, 46.522703436818034 ], [ 13.504249359530172, 46.56630384612243 ], [ 12.731393018169976, 46.634288097736928 ], [ 12.69063519592004, 46.656972038128821 ], [ 12.477924086306549, 46.67983561070659 ], [ 12.164068756483024, 46.914875288388437 ], [ 12.142597183940266, 46.997157717979235 ], [ 12.240745396712335, 47.069168359391313 ], [ 12.136013771373326, 47.080667456045099 ], [ 11.750250198913958, 46.983625312032984 ], [ 11.627199511745951, 47.013298837370506 ], [ 11.16428131536764, 46.965722619327387 ], [ 11.030746848193086, 46.781873828795014 ], [ 10.810076885607122, 46.779098301346743 ], [ 10.667848043969448, 46.863804404357815 ], [ 10.469651302255382, 46.854908998200997 ], [ 10.47109680929425, 46.936839763618792 ], [ 10.393509979464147, 46.982830104621428 ], [ 10.144974674057718, 46.851009478634374 ], [ 9.904041989542071, 46.932877881292455 ], [ 9.817761053859488, 47.029599579158294 ], [ 9.607078007215934, 47.060774530370892 ], [ 9.620580375481051, 47.151645494005862 ], [ 9.564655050768721, 47.170305616801585 ], [ 9.557721321570764, 47.1875580800168 ], [ 9.579292647499809, 47.195100132999002 ], [ 9.555658633438627, 47.252738838888945 ], [ 9.530749051451899, 47.270581012081259 ], [ 9.655516696573102, 47.405211265380174 ], [ 9.558720701645559, 47.54189287460278 ], [ 9.967813722692496, 47.54624055026764 ], [ 9.999526182575735, 47.483017135964808 ], [ 10.200433606521399, 47.355760151098167 ], [ 10.178352766884297, 47.270114021788423 ], [ 10.429380962792148, 47.392417193776744 ], [ 10.454438851635778, 47.555797021089816 ], [ 10.810076884977668, 47.52045065207458 ], [ 10.88614682644841, 47.536782343487353 ], [ 10.991202287432479, 47.396130988429491 ], [ 11.016500435406195, 47.396367985219207 ], [ 11.4214276253914, 47.444852034412669 ], [ 11.410219187499992, 47.495323921579327 ], [ 11.560552463585646, 47.52160337014255 ], [ 11.632883141848806, 47.592446016630838 ], [ 12.060662220859664, 47.618743550288222 ], [ 12.338045351637732, 47.697087572212432 ], [ 12.575026261662464, 47.632315977224771 ], [ 12.695795412403363, 47.682222992361773 ], [ 12.912872511403542, 47.498651456184227 ], [ 13.046055369487892, 47.520502563899342 ], [ 13.079003517821493, 47.667162955087406 ], [ 12.928674957370932, 47.735691481473445 ], [ 12.984537638530616, 47.856745406592104 ], [ 12.751554921482263, 48.112810406515301 ], [ 12.944684477400697, 48.206692340995211 ], [ 13.41432521855066, 48.380144093835455 ], [ 13.438430624971964, 48.548895022876657 ], [ 13.513497246600243, 48.590961787287227 ], [ 13.727090617669711, 48.513019653647959 ], [ 13.809691038799562, 48.614913459928964 ], [ 13.796106768557138, 48.713600490987574 ], [ 13.839507129477148, 48.771605025728434 ], [ 14.114430933765902, 48.593379204386764 ], [ 14.345616987044242, 48.563311637832385 ], [ 14.489529155694907, 48.630204968940376 ], [ 14.691013826373037, 48.584301926872868 ], [ 14.818403696652886, 48.761041010820755 ], [ 14.952016051346385, 48.798113119415589 ], [ 15.015611872761564, 48.999242837480196 ], [ 15.542449603460929, 48.907696908661677 ] ] ] } },
{ "type": "Feature", "properties": { "id": "BA", "code": "BA", "name": "Bosna I Hercegovina" }, "geometry": { "type": "MultiPolygon", "coordinates": [ [ [ [ 19.518315675055348, 43.563644411974586 ], [ 19.454088854909052, 43.512720536601741 ], [ 19.347189316383293, 43.562466938166153 ], [ 19.444387749578528, 43.606966591728849 ], [ 19.518315675055348, 43.563644411974586 ] ] ], [ [ [ 16.945102994489424, 45.244402348721287 ], [ 17.141192856802331, 45.163287926572117 ], [ 17.681943403642446, 45.120155842643925 ], [ 17.843007373451975, 45.057618005173907 ], [ 18.02253769487406, 45.14091024039314 ], [ 18.197291263951779, 45.078847556206384 ], [ 18.279048116076851, 45.120243838225143 ], [ 18.48340910560248, 45.061264541416342 ], [ 18.529553109873913, 45.088251286210699 ], [ 18.708359754435026, 45.037653859316563 ], [ 18.785681341582027, 44.966247033912097 ], [ 18.830257255294644, 44.870932885138231 ], [ 19.022069416566858, 44.855353935858737 ], [ 19.175003794064395, 44.912396325417433 ], [ 19.351161595427993, 44.889059352169198 ], [ 19.300648401070937, 44.699012547632456 ], [ 19.143430868183987, 44.506073995548348 ], [ 19.130508669089693, 44.346600154689895 ], [ 19.497113024463275, 44.099052842694618 ], [ 19.538675090546469, 44.009454883343338 ], [ 19.289543329386845, 43.959937252244714 ], [ 19.482911888480189, 43.728235847726758 ], [ 19.493891239027583, 43.634288771351386 ], [ 19.224123169478361, 43.527485998026748 ], [ 18.978342838412814, 43.52712834287577 ], [ 19.054778496683006, 43.296706470843176 ], [ 19.006318824494183, 43.271194075451817 ], [ 18.885431115043446, 43.343193134719527 ], [ 18.716687046575124, 43.263804508571162 ], [ 18.647721216377857, 43.057435079873834 ], [ 18.516181909018584, 43.000087196823621 ], [ 18.478501774620277, 42.859353074328567 ], [ 18.564870347498605, 42.658893346113537 ], [ 18.438103880178378, 42.555705067591333 ], [ 18.324838319347524, 42.617125877330828 ], [ 18.236319192467928, 42.620531659556427 ], [ 17.862581803308089, 42.859353074112718 ], [ 17.649156620915484, 42.888923406143626 ], [ 17.581427894897395, 42.938382178065993 ], [ 17.684746246790457, 42.974287821662507 ], [ 17.679677964212534, 43.022905194234255 ], [ 17.450725956451741, 43.176943239598806 ], [ 17.317794157471688, 43.295816985172998 ], [ 17.2548589852452, 43.465562341589447 ], [ 17.013913334060661, 43.57620617599575 ], [ 16.544347754571778, 43.974178334828672 ], [ 16.172855343560887, 44.210380450187699 ], [ 16.194874830422254, 44.264738403442344 ], [ 16.132056068872259, 44.45460778629883 ], [ 16.01112567798031, 44.65697692311916 ], [ 15.770413664144106, 44.782888088472696 ], [ 15.73672187905445, 44.935631047919351 ], [ 15.840033894901905, 45.22453704346276 ], [ 16.014531759150913, 45.195079629726486 ], [ 16.288761195675868, 44.995689667959937 ], [ 16.539576422383259, 45.224791215306446 ], [ 16.801571174891301, 45.192849737092182 ], [ 16.945102994489424, 45.244402348721287 ] ] ] ] } },
{ "type": "Feature", "properties": { "id": "BE", "code": "BE", "name": "Belgique/België" }, "geometry": { "type": "Polygon", "coordinates": [ [ [ 4.759925819036284, 51.502464611228369 ], [ 4.879770692652888, 51.427750652832756 ], [ 5.039062133454919, 51.467538093337765 ], [ 5.102137093267302, 51.428956039428726 ], [ 5.103999107934353, 51.356516469084035 ], [ 5.237716347787162, 51.26160036189377 ], [ 5.490810036753169, 51.28654573105085 ], [ 5.566283615270706, 51.220836498525848 ], [ 5.788313608187572, 51.159533988217582 ], [ 5.798274119211292, 51.059853379794006 ], [ 5.669242424886265, 50.873206832862024 ], [ 5.687622128701352, 50.811923975910311 ], [ 5.682000428534085, 50.757446428273049 ], [ 5.766542833456962, 50.775222369976177 ], [ 6.020999005664916, 50.754295369911581 ], [ 6.194050729680329, 50.637636227792903 ], [ 6.192200636658699, 50.521055481724687 ], [ 6.315555889448737, 50.497042609453501 ], [ 6.405028614468013, 50.323308534883601 ], [ 6.195401546154168, 50.229657690217216 ], [ 6.137662259454002, 50.129951505348018 ], [ 6.024899633938699, 50.182779390294222 ], [ 5.899197083132014, 50.102807946319921 ], [ 5.746363995092075, 49.853614451826076 ], [ 5.893725008703598, 49.664883791961238 ], [ 5.818116879399927, 49.546310570859227 ], [ 5.734526862018468, 49.545770759716632 ], [ 5.470716545629636, 49.49732447852081 ], [ 5.393511244511907, 49.617110893632656 ], [ 4.96943102038776, 49.80182612480246 ], [ 4.871562794475356, 49.810970532116045 ], [ 4.809950780428569, 49.97485706966615 ], [ 4.869741604169468, 50.128828800594491 ], [ 4.796697108254327, 50.148678157734864 ], [ 4.663390216554257, 49.994970607760536 ], [ 4.432493778654865, 49.941615969513123 ], [ 4.140853127347617, 49.978760149708634 ], [ 4.206494055846622, 50.075926067595027 ], [ 4.15746947372822, 50.169862420530229 ], [ 4.193851476243881, 50.250116367027829 ], [ 4.027774357626013, 50.35833050868569 ], [ 3.704656679268842, 50.326479724734583 ], [ 3.655510061736411, 50.461735482091576 ], [ 3.615081370699013, 50.490398972127224 ], [ 3.313043488517601, 50.521176149041892 ], [ 3.176995843331754, 50.75616460786275 ], [ 3.098480837603599, 50.779019139741735 ], [ 3.016326594667387, 50.774482871766935 ], [ 2.864349130717774, 50.707492940221599 ], [ 2.64798639653573, 50.825013780801065 ], [ 2.546088192167626, 51.089388267936542 ], [ 3.110817030467556, 51.312295289873731 ], [ 3.365787354721749, 51.369835450945686 ], [ 3.380737262359116, 51.274259199512933 ], [ 3.618926123363827, 51.295494578961133 ], [ 3.856339488390994, 51.211056093592049 ], [ 3.977666514133952, 51.225132112569455 ], [ 4.25374503367498, 51.35542666239499 ], [ 4.243657894604261, 51.374737012055704 ], [ 4.398315850405061, 51.369239465573301 ], [ 4.413481483588787, 51.444566327150568 ], [ 4.488827106188758, 51.470491610699824 ], [ 4.669544110541935, 51.426384044795562 ], [ 4.759925819036284, 51.502464611228369 ] ] ] } },
{ "type": "Feature", "properties": { "id": "BG", "code": "BG", "name": "Bulgaria" }, "geometry": { "type": "Polygon", "coordinates": [ [ [ 22.859041655684848, 43.898197567856805 ], [ 22.997170932086586, 43.807867625668692 ], [ 23.40964276548462, 43.849912641252708 ], [ 23.63039276549237, 43.791049821134834 ], [ 24.112043469078795, 43.69994591813375 ], [ 24.323522460244565, 43.697685880485892 ], [ 24.491961181303459, 43.75295609799101 ], [ 25.296372664845077, 43.655419159732091 ], [ 25.54453953915834, 43.642845489064364 ], [ 25.672200966511038, 43.688148660396756 ], [ 26.118712478901209, 43.966670973526668 ], [ 26.358182171159669, 44.037160479522399 ], [ 26.699290346170187, 44.080499636655105 ], [ 26.949016691319912, 44.138401688120219 ], [ 27.271340275074547, 44.126335360923363 ], [ 27.394614923157803, 44.02155446797736 ], [ 27.695410010063529, 43.987342921266574 ], [ 27.924004622493396, 43.98787781863313 ], [ 27.999943682209139, 43.854747741148834 ], [ 28.113114529359663, 43.798596731839396 ], [ 28.57886540207587, 43.738696446706165 ], [ 28.589401187691465, 43.513251988791311 ], [ 28.486507481585882, 43.389329515148276 ], [ 28.113114528817906, 43.385713648875004 ], [ 27.943861155468646, 43.168968143796626 ], [ 27.866380284661979, 42.722599701737238 ], [ 27.519830143113545, 42.490561346036792 ], [ 27.677961918223478, 42.404376580185321 ], [ 28.035512349420401, 41.983079536930632 ], [ 27.991547048355017, 41.963846629234475 ], [ 27.555240724983303, 41.925413882215501 ], [ 27.40970321499718, 42.016483379851337 ], [ 27.257118022796771, 42.087361774344068 ], [ 27.209236883182022, 42.087598276096209 ], [ 27.071260364473485, 42.070786118886005 ], [ 26.965586800139128, 41.996477895497449 ], [ 26.599206467431589, 41.933456398976404 ], [ 26.534864199333779, 41.837891794404506 ], [ 26.365953833974292, 41.798659381607173 ], [ 26.357879011590075, 41.71110454601785 ], [ 26.090573156212905, 41.704694328760198 ], [ 26.167201383446343, 41.429314004918282 ], [ 26.114253925926683, 41.358534939907955 ], [ 25.906437451680773, 41.307575070550051 ], [ 25.224698491864249, 41.264630841318855 ], [ 25.179375287305376, 41.310188062277781 ], [ 24.885109271531174, 41.390198682285366 ], [ 24.783955942217055, 41.36018913989296 ], [ 24.522035468197725, 41.547790866284259 ], [ 24.059744082195312, 41.522112174279947 ], [ 24.022220181337353, 41.454831354947416 ], [ 23.624308285296834, 41.375698383720859 ], [ 22.927591411164041, 41.338539330316252 ], [ 23.013414726986888, 41.691821891569596 ], [ 22.901933665951198, 41.877642067681997 ], [ 22.867214076469004, 42.02219965774492 ], [ 22.66119596628241, 42.073034126665199 ], [ 22.510411952468537, 42.155158453196933 ], [ 22.360206291819384, 42.311157164360239 ], [ 22.538409793015134, 42.446431742702913 ], [ 22.461471801884823, 42.648490434563215 ], [ 22.442821703155978, 42.825456536578827 ], [ 22.515510739200675, 42.868538577692362 ], [ 22.748399735061533, 42.889787668292826 ], [ 23.006209801678111, 43.192878429046175 ], [ 22.7474537952559, 43.386613169232881 ], [ 22.666975488733261, 43.402747534159275 ], [ 22.536577007525587, 43.482445141484064 ], [ 22.367156685608844, 43.817735036725573 ], [ 22.410464489488927, 43.979214568154333 ], [ 22.430308629328749, 44.008408679794336 ], [ 22.536145114450662, 44.045511571783145 ], [ 22.675161314798697, 44.215662905919601 ], [ 22.966368951627395, 44.098288519061633 ], [ 23.01855179545786, 44.034917948581352 ], [ 22.892518655659924, 43.975891153072645 ], [ 22.859041655684848, 43.898197567856805 ] ] ] } },
{ "type": "Feature", "properties": { "id": "CH", "code": "CH", "name": "Schweiz/Suisse/Svizzera" }, "geometry": { "type": "Polygon", "coordinates": [ [ [ 8.670461193533225, 47.684862441850115 ], [ 8.795708326923085, 47.675595535585323 ], [ 8.821322309672613, 47.704217464319541 ], [ 8.850247057345271, 47.704394747236719 ], [ 8.874888089644811, 47.654669926139242 ], [ 9.182192185698026, 47.65589045048349 ], [ 9.558720701645559, 47.54189287460278 ], [ 9.655516696573102, 47.405211265380174 ], [ 9.530749051451899, 47.270581012081259 ], [ 9.487607900294439, 47.190294411659458 ], [ 9.515219953935688, 47.121946060678262 ], [ 9.512246786361596, 47.085359648964882 ], [ 9.476047355473506, 47.051797490728305 ], [ 9.602817781679216, 47.061893874467266 ], [ 9.817761053859488, 47.029599579158294 ], [ 9.904041989542071, 46.932877881292455 ], [ 10.144974674057718, 46.851009478634374 ], [ 10.393509979464147, 46.982830104621428 ], [ 10.47109680929425, 46.936839763618792 ], [ 10.469651302255382, 46.854908998200997 ], [ 10.398166799595137, 46.680282722609803 ], [ 10.472954115181354, 46.603405977727697 ], [ 10.4528011864139, 46.53068305387368 ], [ 10.208885221218065, 46.621747470086795 ], [ 10.084912314637617, 46.570596296297509 ], [ 10.048212119570106, 46.473138170691513 ], [ 10.131632638924437, 46.397432672754739 ], [ 10.153615759724159, 46.270524804614851 ], [ 10.097203280476789, 46.237583510920025 ], [ 9.91501254590505, 46.369679225172241 ], [ 9.696925689639629, 46.299869962782573 ], [ 9.546284511438991, 46.31600666592648 ], [ 9.438267698325829, 46.479373974040477 ], [ 9.317495114370795, 46.496360461186526 ], [ 9.263576577435824, 46.453248845497349 ], [ 9.248531338543906, 46.233767857136208 ], [ 9.159377254691004, 46.169600827015152 ], [ 9.011459098694418, 46.013928673444561 ], [ 9.057613339545997, 45.860551795523214 ], [ 8.912146832221961, 45.830445076440007 ], [ 8.912914089369746, 45.918621614903884 ], [ 8.809260427737895, 45.995512180480333 ], [ 8.825443814276392, 46.069474889741848 ], [ 8.713935970650262, 46.097271949835765 ], [ 8.463298231116246, 46.251014087663357 ], [ 8.457142173561715, 46.420734265068404 ], [ 8.384716933731539, 46.452158565743893 ], [ 8.130197564243266, 46.274942133773557 ], [ 8.135858342074844, 46.148363014637553 ], [ 7.864076428328577, 45.916750421437115 ], [ 7.589798320623923, 45.979787148596117 ], [ 7.164979385485601, 45.862696361692336 ], [ 7.044886013638479, 45.922413068294127 ], [ 6.81807307207967, 46.155506907086846 ], [ 6.821063854843043, 46.427154371898162 ], [ 6.504427307173385, 46.449805835708531 ], [ 6.219546988692885, 46.311877919642335 ], [ 6.260953864526128, 46.243721363439803 ], [ 6.215235999264411, 46.193952786851483 ], [ 5.956066776821599, 46.132095503840482 ], [ 6.125607767618814, 46.317230017215365 ], [ 6.14553146990148, 46.367102670900351 ], [ 6.064002809851224, 46.416229118848761 ], [ 6.138105761744775, 46.557666996075753 ], [ 6.417484737137087, 46.758608126550492 ], [ 6.460010995009191, 46.851551541605929 ], [ 6.463757194756843, 46.933990451994241 ], [ 6.858913935720634, 47.16529459384396 ], [ 7.023687589630391, 47.331801895815282 ], [ 6.937906823371682, 47.375441397603389 ], [ 6.939185973117248, 47.43370440354736 ], [ 7.130353228511457, 47.503040429008792 ], [ 7.223615156659127, 47.430181608127263 ], [ 7.380893940646048, 47.43189252137509 ], [ 7.51090573428759, 47.502582579004489 ], [ 7.589039168443982, 47.589878019553737 ], [ 7.713784362883153, 47.539405003086564 ], [ 7.894107271671882, 47.586375113970377 ], [ 8.015890763651324, 47.555350731236054 ], [ 8.228042002340962, 47.611905794289754 ], [ 8.426434680008422, 47.567548922010324 ], [ 8.606369523029725, 47.669005578068131 ], [ 8.435063145881234, 47.676150284270207 ], [ 8.510114897850723, 47.7761904129746 ], [ 8.613831660502878, 47.801079061898491 ], [ 8.71538005023014, 47.750154841994096 ], [ 8.670461193533225, 47.684862441850115 ] ] ] } },
{ "type": "Feature", "properties": { "id": "CY", "code": "CY", "name": "Kýpros" }, "geometry": { "type": "Polygon", "coordinates": [ [ [ 34.589055922073406, 35.693440913267132 ], [ 34.56288185136922, 35.636333847795555 ], [ 34.382042814671095, 35.531637564189232 ], [ 34.118779118588527, 35.428087643925934 ], [ 34.054173220337603, 35.328597392262161 ], [ 33.951360372688811, 35.296070925168124 ], [ 33.915668458274418, 35.184236256700579 ], [ 33.92042737940308, 35.112852426400543 ], [ 34.08698965042182, 34.965325844403885 ], [ 33.948581717636586, 35.00512122850904 ], [ 33.031052019691053, 34.615716519530451 ], [ 32.453158875943409, 34.758698362472494 ], [ 32.322339657644179, 34.91167439321066 ], [ 32.26096010360407, 35.081026980497299 ], [ 32.76561171124122, 35.188296301518491 ], [ 33.045363901223268, 35.366574618997035 ], [ 33.494503859622576, 35.331762839971503 ], [ 33.861583425990936, 35.413348812563441 ], [ 34.589055922073406, 35.693440913267132 ] ] ] } },
{ "type": "Feature", "properties": { "id": "CZ", "code": "CZ", "name": "Česko" }, "geometry": { "type": "Polygon", "coordinates": [ [ [ 14.618799759626604, 50.85780447507743 ], [ 14.755768952401572, 50.826100185080541 ], [ 14.823362000421843, 50.870550369710386 ], [ 14.975495677098825, 50.878695204442188 ], [ 15.072179248470244, 51.009693120981773 ], [ 15.242099654022422, 50.983897191955919 ], [ 15.376984481263436, 50.801499199158016 ], [ 15.80730848927638, 50.739624854814068 ], [ 16.029246709912908, 50.634632132401549 ], [ 16.107318043110627, 50.662073016856034 ], [ 16.412450131782364, 50.602671954994982 ], [ 16.246438114972303, 50.431303299705839 ], [ 16.50747719978958, 50.259613182103543 ], [ 16.580289973043303, 50.142788096592604 ], [ 16.714047805327933, 50.116210218928387 ], [ 16.995412202570485, 50.269822887256041 ], [ 16.885837294231926, 50.406872596175866 ], [ 16.907924285709935, 50.449454076315305 ], [ 17.429605127301027, 50.254512985168382 ], [ 17.728317119825761, 50.286230407267134 ], [ 17.736279737137142, 50.214247274652458 ], [ 17.654579408604707, 50.13423108931616 ], [ 17.843510831389281, 49.989814735148698 ], [ 18.03506107939371, 50.065772019856844 ], [ 18.326967652326157, 49.928493486701655 ], [ 18.575724146611829, 49.910422957243448 ], [ 18.612683533496526, 49.754738505044351 ], [ 18.798398669007383, 49.661298009950023 ], [ 18.851551020597427, 49.51718893547573 ], [ 18.57812054252771, 49.49797549015252 ], [ 18.403595554276631, 49.396745481822229 ], [ 18.322436010753059, 49.315059008905031 ], [ 18.169787688507007, 49.263515321085741 ], [ 18.066950743450498, 49.0496400342982 ], [ 17.646930065533351, 48.854265880434816 ], [ 17.396725476005503, 48.813350116468172 ], [ 17.17233346495836, 48.854756710270436 ], [ 16.940278025624135, 48.617245444121018 ], [ 16.885865169861635, 48.708720423382374 ], [ 16.550801152717774, 48.807222848806624 ], [ 16.292756518093618, 48.733851929593591 ], [ 15.542449603460929, 48.907696908661677 ], [ 15.015611872761564, 48.999242837480196 ], [ 14.952016051346385, 48.798113119415589 ], [ 14.818403696652886, 48.761041010820755 ], [ 14.691013826373037, 48.584301926872868 ], [ 14.489529155694907, 48.630204968940376 ], [ 14.345616987044242, 48.563311637832385 ], [ 14.114430933765902, 48.593379204386764 ], [ 13.551578318067449, 48.967787491903266 ], [ 13.416651532457561, 48.980035365222726 ], [ 12.984293566056765, 49.322934510310382 ], [ 12.792186180188279, 49.358154837338283 ], [ 12.6337634327997, 49.476195108856487 ], [ 12.6371073806766, 49.520279909947305 ], [ 12.593778744487658, 49.542191354505832 ], [ 12.401524208507894, 49.758373119054326 ], [ 12.550988701578722, 49.905088076665379 ], [ 12.260798922794876, 50.058156653040022 ], [ 12.100900624937974, 50.318028073181836 ], [ 12.173330873448766, 50.312226828729862 ], [ 12.316772118253605, 50.181643041390515 ], [ 12.410605048792103, 50.318182285114908 ], [ 12.583778452584477, 50.407078914137081 ], [ 12.805882302489875, 50.450163269883966 ], [ 12.948144599616004, 50.404311466954958 ], [ 13.049709383691786, 50.498390466264333 ], [ 13.501846054285314, 50.633643030747912 ], [ 13.652174078192358, 50.730359932729627 ], [ 13.829683215793668, 50.732738471878328 ], [ 14.362585839509364, 50.904190289308183 ], [ 14.282124880801467, 51.000810358777372 ], [ 14.317873514431971, 51.054699131362433 ], [ 14.491221239470242, 51.043530409235274 ], [ 14.583493685508524, 50.98051129801371 ], [ 14.618799759626604, 50.85780447507743 ] ] ] } },
{ "type": "Feature", "properties": { "id": "DE", "code": "DE", "name": "Deutschland" }, "geometry": { "type": "MultiPolygon", "coordinates": [ [ [ [ 9.113097123687302, 54.873601596571817 ], [ 9.295612508488603, 54.808344763428828 ], [ 9.420151638211827, 54.831956402958284 ], [ 9.946252908624363, 54.76844848872468 ], [ 10.031170217910226, 54.636574940219901 ], [ 9.976350848356239, 54.479313442060572 ], [ 10.168516790722354, 54.432845015457524 ], [ 10.174162138620433, 54.345745581924604 ], [ 10.341321107311099, 54.428071622735658 ], [ 10.72815243356936, 54.307671385366639 ], [ 10.95380306766547, 54.373479166987828 ], [ 11.073302325293971, 54.311485116174438 ], [ 11.062144935288366, 54.190118450844757 ], [ 10.778360441419876, 54.063667546147514 ], [ 10.840885765870986, 53.991893863499911 ], [ 10.903661396334659, 53.956821954673117 ], [ 11.138352294104525, 54.002399511953456 ], [ 11.36620853495787, 53.964807995010418 ], [ 11.452733107747694, 53.898137029144323 ], [ 11.66891737737005, 54.141307455719833 ], [ 12.11402611718775, 54.175226467111294 ], [ 12.207709100121731, 54.244026625218616 ], [ 12.57214032273064, 54.43643825860601 ], [ 12.797828100873758, 54.37802449740871 ], [ 12.993830697325414, 54.398175652676905 ], [ 13.132205211758802, 54.299154735199281 ], [ 13.298339489626903, 54.599617165392274 ], [ 13.460018500368871, 54.515652335761828 ], [ 13.510036191734146, 54.5695938119921 ], [ 13.638711762691097, 54.567454205048492 ], [ 13.556807945741499, 54.449116892105458 ], [ 13.597303518498812, 54.351246082823863 ], [ 13.319396029478922, 54.193505923139298 ], [ 13.474790973729466, 54.11216250987826 ], [ 13.82125408795959, 54.150270839180351 ], [ 13.975293182064304, 53.984343091423938 ], [ 14.096144704486573, 53.997802880661034 ], [ 14.226302139564433, 53.928652851752311 ], [ 14.213077566133476, 53.866479428798783 ], [ 14.05410405167836, 53.831487723530749 ], [ 14.03043474543694, 53.798617704264949 ], [ 14.094329155777192, 53.755042025796747 ], [ 14.266031279687869, 53.745597306385882 ], [ 14.268869316645684, 53.697923228028905 ], [ 14.412156848565401, 53.329636080550713 ], [ 14.349160455272711, 53.072938719465398 ], [ 14.143657760567709, 52.961368386374154 ], [ 14.164825372571222, 52.830544184625964 ], [ 14.565062982428881, 52.624496888479115 ], [ 14.630564102543461, 52.521818184750508 ], [ 14.5343618896098, 52.395008036768587 ], [ 14.600891329490961, 52.272052004073402 ], [ 14.695539768322707, 52.228865593551433 ], [ 14.755105497678588, 52.070084554396161 ], [ 14.611507325153317, 51.830392654412698 ], [ 14.737448991542264, 51.664883157027553 ], [ 14.729861788905849, 51.581777111834718 ], [ 14.931646348380989, 51.46649525601805 ], [ 15.022566269135904, 51.275857176333162 ], [ 14.997301495001389, 51.1375806774927 ], [ 14.823362000421843, 50.870550369710386 ], [ 14.755768952401572, 50.826100185080541 ], [ 14.618799759626604, 50.85780447507743 ], [ 14.583493685508524, 50.98051129801371 ], [ 14.491221239470242, 51.043530409235274 ], [ 14.317873514431971, 51.054699131362433 ], [ 14.282124880801467, 51.000810358777372 ], [ 14.362585839509364, 50.904190289308183 ], [ 13.829683215793668, 50.732738471878328 ], [ 13.652174078192358, 50.730359932729627 ], [ 13.501846054285314, 50.633643030747912 ], [ 13.049709383691786, 50.498390466264333 ], [ 12.948144599616004, 50.404311466954958 ], [ 12.805882302489875, 50.450163269883966 ], [ 12.583778452584477, 50.407078914137081 ], [ 12.410605048792103, 50.318182285114908 ], [ 12.316772118253605, 50.181643041390515 ], [ 12.173330873448766, 50.312226828729862 ], [ 12.100900624937974, 50.318028073181836 ], [ 12.260798922794876, 50.058156653040022 ], [ 12.550988701578722, 49.905088076665379 ], [ 12.401524208507894, 49.758373119054326 ], [ 12.593778744487658, 49.542191354505832 ], [ 12.6371073806766, 49.520279909947305 ], [ 12.6337634327997, 49.476195108856487 ], [ 12.792186180188279, 49.358154837338283 ], [ 12.984293566056765, 49.322934510310382 ], [ 13.416651532457561, 48.980035365222726 ], [ 13.551578318067449, 48.967787491903266 ], [ 13.839507129477148, 48.771605025728434 ], [ 13.796106768557138, 48.713600490987574 ], [ 13.809691038799562, 48.614913459928964 ], [ 13.727090617669711, 48.513019653647959 ], [ 13.513497246600243, 48.590961787287227 ], [ 13.438430624971964, 48.548895022876657 ], [ 13.41432521855066, 48.380144093835455 ], [ 12.944684477400697, 48.206692340995211 ], [ 12.751554921482263, 48.112810406515301 ], [ 12.984537638530616, 47.856745406592104 ], [ 12.928674957370932, 47.735691481473445 ], [ 13.079003517821493, 47.667162955087406 ], [ 13.046055369487892, 47.520502563899342 ], [ 12.912872511403542, 47.498651456184227 ], [ 12.695795412403363, 47.682222992361773 ], [ 12.575026261662464, 47.632315977224771 ], [ 12.338045351637732, 47.697087572212432 ], [ 12.060662220859664, 47.618743550288222 ], [ 11.632883141848806, 47.592446016630838 ], [ 11.560552463585646, 47.52160337014255 ], [ 11.410219187499992, 47.495323921579327 ], [ 11.4214276253914, 47.444852034412669 ], [ 11.016500435406195, 47.396367985219207 ], [ 10.991202287432479, 47.396130988429491 ], [ 10.88614682644841, 47.536782343487353 ], [ 10.810076884977668, 47.52045065207458 ], [ 10.454438851635778, 47.555797021089816 ], [ 10.429380962792148, 47.392417193776744 ], [ 10.178352766884297, 47.270114021788423 ], [ 10.200433606521399, 47.355760151098167 ], [ 9.999526182575735, 47.483017135964808 ], [ 9.967813722692496, 47.54624055026764 ], [ 9.558720701645559, 47.54189287460278 ], [ 9.182192185698026, 47.65589045048349 ], [ 8.874888089644811, 47.654669926139242 ], [ 8.850247057345271, 47.704394747236719 ], [ 8.821322309672613, 47.704217464319541 ], [ 8.795708326923085, 47.675595535585323 ], [ 8.66335415961453, 47.685892632616216 ], [ 8.71538005023014, 47.750154841994096 ], [ 8.613831660502878, 47.801079061898491 ], [ 8.510114897850723, 47.7761904129746 ], [ 8.435063145881234, 47.676150284270207 ], [ 8.606369523029725, 47.669005578068131 ], [ 8.426434680008422, 47.567548922010324 ], [ 8.228042002340962, 47.611905794289754 ], [ 8.015890763651324, 47.555350731236054 ], [ 7.894107271671882, 47.586375113970377 ], [ 7.713784362883153, 47.539405003086564 ], [ 7.634097170369114, 47.561113507279217 ], [ 7.589039168443982, 47.589878019553737 ], [ 7.54599041370216, 47.743573960857233 ], [ 7.604545128216876, 47.968912849526376 ], [ 7.576981681665536, 48.119056386950163 ], [ 7.68071292674086, 48.257267153658709 ], [ 7.824622052535952, 48.611434856564649 ], [ 8.232632878579958, 48.966571391283075 ], [ 7.910654726008721, 49.045163378502401 ], [ 7.635650928423454, 49.053950390818443 ], [ 7.478726107329846, 49.157750118956649 ], [ 7.368755544731484, 49.161458091057298 ], [ 7.249932039511546, 49.117937664636806 ], [ 6.93071150464398, 49.216202407563671 ], [ 6.779377651399126, 49.161800703467925 ], [ 6.556985812897825, 49.419208385675837 ], [ 6.367107613804149, 49.469506980058611 ], [ 6.380052606148396, 49.551105031055627 ], [ 6.499791042415906, 49.728207424492318 ], [ 6.474962737645637, 49.821275076008227 ], [ 6.29827906260718, 49.858824382047452 ], [ 6.136217786125566, 50.015151307214389 ], [ 6.137662259454002, 50.129951505348018 ], [ 6.195401546154168, 50.229657690217216 ], [ 6.405028614468013, 50.323308534883601 ], [ 6.315555889448737, 50.497042609453501 ], [ 6.192200636658699, 50.521055481724687 ], [ 6.194050729680329, 50.637636227792903 ], [ 6.020999005664916, 50.754295369911581 ], [ 6.086947595856187, 50.913134963047959 ], [ 5.877055681567017, 51.032059737084921 ], [ 6.174812124024052, 51.184513429325193 ], [ 6.072657111116431, 51.242587578273977 ], [ 6.224405043705392, 51.364979023243514 ], [ 6.192230454914018, 51.522391427839416 ], [ 5.953191999735481, 51.747846099075595 ], [ 5.990897524879339, 51.824310183885089 ], [ 6.167766021143598, 51.900804652321867 ], [ 6.407779531583725, 51.828092120121056 ], [ 6.7775683928871, 51.936839425282443 ], [ 6.760464770400778, 52.118569367606121 ], [ 7.065685203546269, 52.241373034658061 ], [ 6.997369487592286, 52.444526701772276 ], [ 6.697774679340382, 52.486301260641653 ], [ 6.709741816491521, 52.627784127185762 ], [ 7.006229335508773, 52.63876304270515 ], [ 7.092691935780805, 52.838200854747605 ], [ 7.194149484366672, 52.974282432134451 ], [ 7.208935201710104, 53.243064467250107 ], [ 7.302077282801113, 53.323638057560139 ], [ 7.0393533924728, 53.337860337658931 ], [ 6.99944656835906, 53.359887902574776 ], [ 7.051488021276702, 53.499230138496593 ], [ 7.21096338627871, 53.646823999715565 ], [ 7.809895649692998, 53.707661934606115 ], [ 8.014333558395583, 53.699415398709064 ], [ 8.14395903970621, 53.592489869771406 ], [ 8.161393819678823, 53.534286370657625 ], [ 8.133207911899877, 53.510116854345426 ], [ 8.062340917387047, 53.505667508564422 ], [ 8.195554931486358, 53.409171516873819 ], [ 8.299814990997016, 53.465744593654769 ], [ 8.244924142131786, 53.545455955464909 ], [ 8.29038180954343, 53.59970148679993 ], [ 8.552684189357757, 53.516175465711939 ], [ 8.564361754377266, 53.549791985751085 ], [ 8.520410541506163, 53.60620504496513 ], [ 8.517731730746959, 53.745597306540787 ], [ 8.651577135538547, 53.883315360158441 ], [ 9.029917344477468, 53.825564874894383 ], [ 9.259451073245479, 53.854869764769767 ], [ 9.573364289288801, 53.599756604450171 ], [ 9.76538081348232, 53.546518489030092 ], [ 9.579590676496652, 53.619119043889974 ], [ 9.517639893619672, 53.713861577912184 ], [ 9.198433483992687, 53.889432132374409 ], [ 8.987136658759265, 53.896157180592013 ], [ 8.889128820245546, 53.955795924601162 ], [ 8.851253710380362, 54.017417492429715 ], [ 8.936953643339141, 54.075736380790431 ], [ 8.830173989293503, 54.161176713433754 ], [ 8.844813220659953, 54.265532800652586 ], [ 8.690795304307509, 54.332027557775184 ], [ 8.8602011925919, 54.441492039009241 ], [ 8.860056986140293, 54.580109809200977 ], [ 8.650595328579174, 54.823581335121823 ], [ 8.63599979826081, 54.911569266440281 ], [ 9.113097123687302, 54.873601596571817 ] ] ], [ [ [ 11.272273696451592, 54.433658714998529 ], [ 11.152451704003692, 54.391360680985777 ], [ 10.997019318534853, 54.466554028082697 ], [ 11.157948092210072, 54.517904082108231 ], [ 11.272273696451592, 54.433658714998529 ] ] ], [ [ [ 8.668103875478604, 54.483950340038191 ], [ 8.610137014444062, 54.482697247478626 ], [ 8.561383860302534, 54.520506519662149 ], [ 8.686306804336725, 54.563442496873044 ], [ 8.724478299324527, 54.554262480757771 ], [ 8.708697684707785, 54.507327592269235 ], [ 8.668103875478604, 54.483950340038191 ] ] ], [ [ [ 8.629596445455617, 54.713417632809815 ], [ 8.542944389447808, 54.671110555755057 ], [ 8.445008360349613, 54.7118146822855 ], [ 8.547550549619416, 54.758585272900774 ], [ 8.629596445455617, 54.713417632809815 ] ] ], [ [ [ 8.510300638467625, 54.013814230853079 ], [ 8.456317203494212, 53.914174469659294 ], [ 8.357419459381179, 53.928272277730983 ], [ 8.445662748128145, 54.013781263687697 ], [ 8.510300638467625, 54.013814230853079 ] ] ], [ [ [ 8.376755550181418, 54.880403030541338 ], [ 8.315361091588111, 54.84548841315722 ], [ 8.271889550564508, 54.863023013444092 ], [ 8.308929948473853, 54.950074039567909 ], [ 8.355316065416634, 54.977031261489593 ], [ 8.376755550181418, 54.880403030541338 ] ] ], [ [ [ 8.383573656603517, 54.630791044967459 ], [ 8.327702291903698, 54.611170280710546 ], [ 8.253172326552018, 54.66825800978085 ], [ 8.349281935488703, 54.728737205074175 ], [ 8.383573656603517, 54.630791044967459 ] ] ], [ [ [ 6.784253560053459, 53.548802719086083 ], [ 6.688693859416988, 53.546187262000842 ], [ 6.619622502391286, 53.596539910973497 ], [ 6.729143234726392, 53.632492163633259 ], [ 6.784253560053459, 53.548802719086083 ] ] ] ] } },
{ "type": "Feature", "properties": { "id": "DK", "code": "DK", "name": "Danmark" }, "geometry": { "type": "MultiPolygon", "coordinates": [ [ [ [ 15.112933737360805, 55.019826677281486 ], [ 15.049556326438767, 54.993320804514639 ], [ 14.770874195183691, 55.057038473258679 ], [ 14.702640225337491, 55.123714700988472 ], [ 14.714947838767443, 55.216222103862393 ], [ 14.774421641087716, 55.285272806663279 ], [ 15.155020049335938, 55.123714701378894 ], [ 15.112933737360805, 55.019826677281486 ] ] ], [ [ [ 12.781719070717374, 55.691449837940077 ], [ 12.809593063111933, 55.593022959587927 ], [ 12.680736956322983, 55.59640097714896 ], [ 12.735715324817875, 55.683310357399634 ], [ 12.781719070717374, 55.691449837940077 ] ] ], [ [ [ 12.584057890294735, 55.721808733712649 ], [ 12.654635730637914, 55.589819017866979 ], [ 12.566066668972155, 55.568599050294026 ], [ 12.504789477741687, 55.637340512050656 ], [ 12.363475851062134, 55.593808394221298 ], [ 12.230210192490103, 55.523813055914943 ], [ 12.21682600351344, 55.427822009930182 ], [ 12.367984196940435, 55.315764620667679 ], [ 12.172676769051057, 55.190331547058541 ], [ 12.161429589329021, 55.086978882789403 ], [ 12.341735868246193, 54.944337829758524 ], [ 11.980654866990712, 54.656321460721593 ], [ 11.886923920598825, 54.723339466745252 ], [ 11.757018209200277, 54.650983208654267 ], [ 11.484761711734679, 54.629520605936676 ], [ 11.094954248498251, 54.770360689031513 ], [ 11.065203637817426, 54.85620583849937 ], [ 11.133417020105052, 54.918227599628572 ], [ 11.555506913984537, 54.866084749254433 ], [ 11.83564066005054, 54.988638205677006 ], [ 11.693700904522796, 55.127603379993978 ], [ 11.224223298660009, 55.285191846091635 ], [ 11.104472299265794, 55.698860438824674 ], [ 11.644671253224129, 55.925344868187217 ], [ 11.721125325359356, 55.872161119888155 ], [ 11.779643663323, 55.65899448884371 ], [ 11.876209550653204, 55.737443192588721 ], [ 11.93690085228231, 55.857620037059505 ], [ 11.883620588742788, 55.980919666998119 ], [ 12.266286589282172, 56.123534578219576 ], [ 12.59181472668562, 56.045693354662909 ], [ 12.535404749566103, 55.918016764651284 ], [ 12.58257979639264, 55.808118603991574 ], [ 12.584057890294735, 55.721808733712649 ] ] ], [ [ [ 11.658221430225817, 56.714473665490495 ], [ 11.596013319739523, 56.661441467813688 ], [ 11.48663604167027, 56.7070974275955 ], [ 11.582485582668086, 56.754920425815158 ], [ 11.658221430225817, 56.714473665490495 ] ] ], [ [ [ 11.117508964367103, 57.287560987642841 ], [ 11.020452953080369, 57.218118170007756 ], [ 10.89106832554212, 57.252360889320421 ], [ 11.020826703429817, 57.321140737254588 ], [ 11.117508964367103, 57.287560987642841 ] ] ], [ [ [ 10.527509252892871, 57.251853742781144 ], [ 10.29570651249408, 56.939210183497451 ], [ 10.287891437963637, 56.729404752848637 ], [ 10.194849728544305, 56.684603859384339 ], [ 10.327594724589032, 56.683437243214307 ], [ 10.361240388027966, 56.561640332029093 ], [ 10.504314159515673, 56.514646397317769 ], [ 10.825132006420306, 56.531038233348809 ], [ 10.876453451676287, 56.491587375494184 ], [ 10.932116508025963, 56.387971817010879 ], [ 10.728152433525713, 56.160184177893385 ], [ 10.609952825472625, 56.216180413035516 ], [ 10.510246851802732, 56.124117998934231 ], [ 10.375308453426536, 56.188226932661976 ], [ 10.454816499662153, 56.256660772159684 ], [ 10.383200301226642, 56.279960399662521 ], [ 10.238327324532513, 56.164639486397341 ], [ 10.266802849620298, 55.971931120758654 ], [ 10.192014106327942, 55.865308214739102 ], [ 9.949001122902677, 55.694525148697707 ], [ 9.672103355705865, 55.712033227600706 ], [ 9.77995743877614, 55.606294054117036 ], [ 9.606601512447746, 55.39884378986924 ], [ 9.693206032161925, 55.229156830775679 ], [ 9.533240096087907, 55.168286873558728 ], [ 9.562800471439592, 55.037234602501002 ], [ 9.838098576461391, 55.052981190175466 ], [ 9.976868482512055, 54.988219491542289 ], [ 10.035787752329655, 54.883596138884364 ], [ 9.815798670566993, 54.907160942564282 ], [ 9.712983499383077, 54.854844914757329 ], [ 9.587624649284958, 54.894375094053224 ], [ 9.420151638211827, 54.831956402958284 ], [ 9.295612508488603, 54.808344763428828 ], [ 9.113097123687302, 54.873601596571817 ], [ 8.63599979826081, 54.911569266440281 ], [ 8.680765429269632, 55.168286874149587 ], [ 8.599603947539336, 55.429424403594766 ], [ 8.491976143424562, 55.442936750375338 ], [ 8.432841431239458, 55.364724276867861 ], [ 8.295200178560924, 55.562754603305301 ], [ 8.206503747437697, 55.520096227660616 ], [ 8.101341141076617, 55.561435606944784 ], [ 8.170765898171741, 55.815438923345809 ], [ 8.341178718789717, 55.935760184184041 ], [ 8.126970750548391, 56.152363355680926 ], [ 8.194858538469386, 56.377822955145092 ], [ 8.138581435314377, 56.560019616822309 ], [ 8.194072673876986, 56.651315174870206 ], [ 8.494131803749182, 56.551260308336474 ], [ 8.502610334121261, 56.65644990858187 ], [ 8.559784560360002, 56.667895583222993 ], [ 8.589598547904176, 56.547633946961014 ], [ 8.684977882821364, 56.482937914746607 ], [ 8.762558501247934, 56.646636276187536 ], [ 8.999327448517201, 56.818413101762268 ], [ 9.130355630754677, 56.722552343198181 ], [ 9.102127774480454, 56.588755721413001 ], [ 9.320450079422105, 56.671836467192286 ], [ 9.205273723303184, 56.803391086567402 ], [ 9.20529584320456, 56.969426792893543 ], [ 9.125128606730314, 57.019110432179986 ], [ 8.959793620451789, 56.977218798019756 ], [ 8.844150062663187, 56.774732498977016 ], [ 8.71796033235688, 56.693253601323953 ], [ 8.60640550431537, 56.716257722159213 ], [ 8.605172313376958, 56.849842141552166 ], [ 8.384878364195146, 56.707564777405743 ], [ 8.272155417785401, 56.81735548985047 ], [ 8.380119577627887, 56.964168955211072 ], [ 8.579400740211188, 57.094123247605999 ], [ 9.385954769600112, 57.172399868446576 ], [ 9.936530655227536, 57.568892377622895 ], [ 10.475730694261831, 57.693617099644399 ], [ 10.527509252892871, 57.251853742781144 ] ] ], [ [ [ 10.251196333710075, 55.610345431432933 ], [ 10.508583651653842, 55.503269406389769 ], [ 10.649556773529305, 55.569046374811876 ], [ 10.786659466377834, 55.316182361016949 ], [ 10.770174634586247, 55.118184098506994 ], [ 10.588772106421008, 54.965557829969129 ], [ 10.156082335719121, 55.056715695232569 ], [ 10.08863474311311, 55.170247099334489 ], [ 9.954035861712594, 55.202052527317868 ], [ 9.705880383494282, 55.508247861067304 ], [ 10.251196333710075, 55.610345431432933 ] ] ], [ [ [ 10.777054175640234, 54.839121256015311 ], [ 10.681172037315429, 54.659709620435635 ], [ 10.557713397975128, 54.662222409077657 ], [ 10.430070400277277, 54.738283385310304 ], [ 10.777054175640234, 54.839121256015311 ] ] ], [ [ [ 10.673182829395714, 55.916512556364886 ], [ 10.614769014229374, 55.78774945823352 ], [ 10.530853461562732, 55.812455358598761 ], [ 10.48321506563358, 55.962818154680399 ], [ 10.563384448019985, 56.008565914859659 ], [ 10.673182829395714, 55.916512556364886 ] ] ], [ [ [ 10.529754183663046, 54.871248200945146 ], [ 10.449182322438743, 54.819889197105383 ], [ 10.337984713365525, 54.865219005307132 ], [ 10.445551113839027, 54.912972843978018 ], [ 10.529754183663046, 54.871248200945146 ] ] ], [ [ [ 8.565177231950605, 55.09701796701772 ], [ 8.454679326119525, 55.081183283743762 ], [ 8.496073915262537, 55.200806229897296 ], [ 8.578554948716356, 55.206937883904132 ], [ 8.565177231950605, 55.09701796701772 ] ] ] ] } },
{ "type": "Feature", "properties": { "id": "EE", "code": "EE", "name": "Eesti" }, "geometry": { "type": "MultiPolygon", "coordinates": [ [ [ [ 25.725839944491952, 59.628193838986711 ], [ 25.830155940642513, 59.564036484725719 ], [ 26.034583138248063, 59.613769300383353 ], [ 26.478906527238284, 59.524053042565413 ], [ 26.67299522521617, 59.536892092416892 ], [ 26.961101566198355, 59.43594683199035 ], [ 27.853532818497879, 59.399431988574136 ], [ 28.044260008948452, 59.469076103294711 ], [ 28.171782404555401, 59.347240449870213 ], [ 27.858059129696741, 59.158587525393685 ], [ 27.738366367503399, 58.97790991545213 ], [ 27.357040728152942, 58.787260919176603 ], [ 27.535168161641987, 58.397117314400141 ], [ 27.498135202518089, 58.239357737251396 ], [ 27.696830890554693, 57.994966979250023 ], [ 27.722376186579115, 57.856851128983557 ], [ 27.546048126238315, 57.79968414402942 ], [ 27.403278379190397, 57.662492133122761 ], [ 27.351577279489639, 57.518273513010165 ], [ 26.926515405366594, 57.623565331003995 ], [ 26.550303546968937, 57.529700552138053 ], [ 26.285555370450048, 57.606356089293307 ], [ 26.016346924322484, 57.847152793703259 ], [ 25.331553846629767, 58.048036593982779 ], [ 25.046306919071025, 58.040145986491552 ], [ 24.353252565829873, 57.876085498557728 ], [ 24.460290632349217, 58.04751041172436 ], [ 24.539492127431139, 58.348498091271004 ], [ 24.337772436375609, 58.373059994480435 ], [ 24.112673519363359, 58.232827912284783 ], [ 23.741680798266362, 58.36393891406906 ], [ 23.527072804344744, 58.615153504981549 ], [ 23.526722367386053, 58.692547497025366 ], [ 23.637449533669489, 58.757021347397085 ], [ 23.447149433556774, 58.898948710302911 ], [ 23.498227218650676, 58.950176863502385 ], [ 23.44396136483514, 59.05529959606244 ], [ 23.520633463205638, 59.102271371032565 ], [ 23.525100576144354, 59.211146300264737 ], [ 23.730544574885457, 59.237358507628123 ], [ 23.942920716547203, 59.362538548345228 ], [ 24.068081531449593, 59.285163848758138 ], [ 24.094455892739056, 59.368715135598109 ], [ 24.415745721609962, 59.459725799958555 ], [ 24.759024426373941, 59.465364152103071 ], [ 24.854833073367804, 59.548444079349856 ], [ 25.423933601802013, 59.509495071577376 ], [ 25.725839944491952, 59.628193838986711 ] ] ], [ [ [ 24.049152829040391, 58.166496995040724 ], [ 23.999860724702046, 58.078131335681306 ], [ 23.908120050872625, 58.100856424018012 ], [ 23.956868011443131, 58.172558608391114 ], [ 24.049152829040391, 58.166496995040724 ] ] ], [ [ [ 24.589734856950894, 59.52441370529904 ], [ 24.521051334380477, 59.521669731473189 ], [ 24.433756007398667, 59.575168207047682 ], [ 24.516772025660522, 59.626533957074855 ], [ 24.589734856950894, 59.52441370529904 ] ] ], [ [ [ 22.346792672006231, 58.166570990188255 ], [ 22.131018525387248, 58.017236642639183 ], [ 22.071126282899559, 58.148856683435554 ], [ 21.788859932360939, 58.373782050172295 ], [ 22.551365423752838, 58.61415909774724 ], [ 23.177751947075524, 58.646279364797088 ], [ 23.28265780086646, 58.603658811777912 ], [ 22.998743864010596, 58.370882292393937 ], [ 22.346792672006231, 58.166570990188255 ] ] ], [ [ [ 23.310357389586386, 59.042424775021509 ], [ 23.235961611766012, 58.949302818233058 ], [ 23.143005081909166, 58.975008749023189 ], [ 23.242919975879683, 59.049953427322883 ], [ 23.310357389586386, 59.042424775021509 ] ] ], [ [ [ 22.767394085281659, 58.803747498357602 ], [ 22.577943894561027, 58.694154986048041 ], [ 22.476463798934457, 58.733729779567547 ], [ 22.430308629734178, 58.865484245313567 ], [ 22.191999153809498, 58.888458480201493 ], [ 22.154029880946474, 58.92722436775469 ], [ 22.430308628327239, 58.962688800559967 ], [ 22.645810094825279, 59.07546827654906 ], [ 22.930563408909386, 58.9663049202384 ], [ 23.040558238439559, 58.844083396765534 ], [ 22.767394085281659, 58.803747498357602 ] ] ] ] } },
{ "type": "Feature", "properties": { "id": "EL", "code": "EL", "name": "Elláda" }, "geometry": { "type": "MultiPolygon", "coordinates": [ [ [ [ 28.068575928816021, 36.077565184403397 ], [ 27.781923559889503, 35.888234549188148 ], [ 27.728528650008229, 35.929042714815196 ], [ 27.729966310910655, 36.153564297461365 ], [ 27.908237727072112, 36.333463755184923 ], [ 28.227500480618801, 36.40671365433812 ], [ 28.068575928816021, 36.077565184403397 ] ] ], [ [ [ 27.908501203861533, 36.58967691880963 ], [ 27.842845723385562, 36.546506075810925 ], [ 27.748118583997908, 36.59604458445164 ], [ 27.845977157508766, 36.647012396557564 ], [ 27.908501203861533, 36.58967691880963 ] ] ], [ [ [ 27.278440560175774, 35.836171019960602 ], [ 27.200948549072987, 35.811371754171823 ], [ 27.117111455469608, 35.871715021222847 ], [ 27.223289479396541, 35.906489873214952 ], [ 27.278440560175774, 35.836171019960602 ] ] ], [ [ [ 27.416680693561521, 36.416226204270686 ], [ 27.361590272682665, 36.389664246593178 ], [ 27.258954918500599, 36.427494173005314 ], [ 27.351804879678419, 36.492689060521002 ], [ 27.416680693561521, 36.416226204270686 ] ] ], [ [ [ 27.186870431191, 35.684891285592776 ], [ 27.151997278727229, 35.42248201293399 ], [ 27.068354356029499, 35.470062307458704 ], [ 27.010394271389377, 35.613639071315575 ], [ 27.186870431191, 35.684891285592776 ] ] ], [ [ [ 26.92125156942998, 35.351927003764324 ], [ 26.853147008350149, 35.349123869948727 ], [ 26.830615857443892, 35.452573426742546 ], [ 26.951527843645817, 35.417945833859562 ], [ 26.92125156942998, 35.351927003764324 ] ] ], [ [ [ 27.237282799747561, 36.603229798342895 ], [ 27.200657774794699, 36.546143865556502 ], [ 27.078420399742932, 36.556894997357951 ], [ 27.14909974473872, 36.632699752544113 ], [ 27.237282799747561, 36.603229798342895 ] ] ], [ [ [ 27.293321450966868, 36.883771576343015 ], [ 27.183657257367521, 36.776943956075492 ], [ 27.019964115108003, 36.815353766596012 ], [ 27.179459411363954, 36.907679591559841 ], [ 27.293321450966868, 36.883771576343015 ] ] ], [ [ [ 26.984919013669852, 36.680089889859183 ], [ 26.935154370819983, 36.669477498541362 ], [ 26.893179899924544, 36.712453603609561 ], [ 26.926676836371239, 36.788604367821094 ], [ 26.978933107442266, 36.785421385906005 ], [ 26.984919013669852, 36.680089889859183 ] ] ], [ [ [ 27.057599699532659, 36.983898978819951 ], [ 27.001999397329186, 36.926047501611201 ], [ 26.897742505358551, 36.945542201825468 ], [ 26.972252953214642, 37.031147951543588 ], [ 27.057599699532659, 36.983898978819951 ] ] ], [ [ [ 27.043080621420476, 37.461353015268422 ], [ 26.977476237302746, 37.404319299825097 ], [ 26.885604102039601, 37.486276596778559 ], [ 26.984641727426848, 37.505672932894157 ], [ 27.043080621420476, 37.461353015268422 ] ] ], [ [ [ 26.882202912374193, 37.172547036105605 ], [ 26.811465930424934, 37.134515134457047 ], [ 26.717244103720855, 37.188313395456753 ], [ 26.8225689418536, 37.231292949535806 ], [ 26.882202912374193, 37.172547036105605 ] ] ], [ [ [ 26.993910890068111, 37.706892532928137 ], [ 26.8136531116022, 37.623529694099879 ], [ 26.562605685092912, 37.742450811419616 ], [ 26.799353194309269, 37.82562914547313 ], [ 26.993910890068111, 37.706892532928137 ] ] ], [ [ [ 23.745217538098377, 35.657509534401314 ], [ 23.846110329678112, 35.53619369068597 ], [ 24.161996896625485, 35.575978085771297 ], [ 24.317410808624796, 35.353774958285783 ], [ 24.928003505487407, 35.406910157828086 ], [ 24.973273962564953, 35.425181124472523 ], [ 25.089316653862902, 35.343538991705003 ], [ 25.490698015822126, 35.29833176436297 ], [ 25.70512390408642, 35.334056308181239 ], [ 25.775141743210042, 35.123989966530729 ], [ 26.235404996010143, 35.260555999140891 ], [ 26.289327584827429, 35.201888870838992 ], [ 26.254066302467525, 35.070711342416914 ], [ 26.168235525644107, 35.017550737343264 ], [ 25.550567783286876, 34.990756787719832 ], [ 24.973273962848697, 34.932859999746675 ], [ 24.776415707044112, 34.943074399470355 ], [ 24.722516918146759, 35.092544566503719 ], [ 24.287523304584418, 35.176006527400169 ], [ 23.614839876735147, 35.235669429496333 ], [ 23.532459414902004, 35.332196337020839 ], [ 23.581340586451454, 35.524581458776211 ], [ 23.701288247639198, 35.5205226458515 ], [ 23.745217538098377, 35.657509534401314 ] ] ], [ [ [ 26.38007300249696, 36.541638507779382 ], [ 26.308581871287121, 36.510331721379671 ], [ 26.240375028138327, 36.589293158884765 ], [ 26.351833558590243, 36.61110815084438 ], [ 26.38007300249696, 36.541638507779382 ] ] ], [ [ [ 26.569575152961818, 37.631418756037213 ], [ 26.509337602810717, 37.546958475928079 ], [ 26.41122597969726, 37.561149793283626 ], [ 26.502607324280593, 37.645894750944663 ], [ 26.569575152961818, 37.631418756037213 ] ] ], [ [ [ 26.410321243778188, 36.983008444947473 ], [ 26.335548861994479, 36.934724640307905 ], [ 26.253435044705238, 36.978559450674233 ], [ 26.343406383220032, 37.037820802708701 ], [ 26.410321243778188, 36.983008444947473 ] ] ], [ [ [ 26.267302109317047, 37.608554618084682 ], [ 26.160866135222985, 37.53537415033248 ], [ 25.980869840827047, 37.588469217819075 ], [ 26.138424711114222, 37.662230605086926 ], [ 26.267302109317047, 37.608554618084682 ] ] ], [ [ [ 26.573123388860516, 39.022269126849665 ], [ 26.465809993695089, 38.961405112039969 ], [ 26.233601381146229, 38.991152893987817 ], [ 25.805941548615529, 39.213735318409988 ], [ 26.123765486237676, 39.36329106402269 ], [ 26.303936755356936, 39.381066006924875 ], [ 26.482399262799628, 39.204980403514526 ], [ 26.466954292567912, 39.087125981050796 ], [ 26.573123388860516, 39.022269126849665 ] ] ], [ [ [ 25.989480647826234, 36.914751367504394 ], [ 25.892402036812584, 36.780725576705898 ], [ 25.7262640737646, 36.797730850560463 ], [ 25.886157024874713, 36.916094666045304 ], [ 25.989480647826234, 36.914751367504394 ] ] ], [ [ [ 25.834965184552885, 36.383120170599184 ], [ 25.786877930429991, 36.326458555956144 ], [ 25.676897463685499, 36.357493246676555 ], [ 25.766560810470423, 36.425269000554628 ], [ 25.834965184552885, 36.383120170599184 ] ] ], [ [ [ 26.151852421363213, 38.316584493997198 ], [ 26.015547000797046, 38.158997697016737 ], [ 25.88095471750416, 38.235809414621265 ], [ 25.976426658035773, 38.359794861416177 ], [ 25.822937078669451, 38.548762759112812 ], [ 25.987717184597095, 38.606710714892593 ], [ 26.145170004650645, 38.538641639368656 ], [ 26.151852421363213, 38.316584493997198 ] ] ], [ [ [ 25.49363767053746, 36.401556868304588 ], [ 25.444603592908919, 36.333837855255886 ], [ 25.326936772630468, 36.375426369007961 ], [ 25.428112123146853, 36.4468052203244 ], [ 25.49363767053746, 36.401556868304588 ] ] ], [ [ [ 25.572170283777197, 36.981906649128057 ], [ 25.480050044476489, 36.913552455728542 ], [ 25.337643730483236, 37.068344225852776 ], [ 25.514781696370829, 37.205161377820382 ], [ 25.600119639933439, 37.137422898532073 ], [ 25.572170283777197, 36.981906649128057 ] ] ], [ [ [ 26.622647477080957, 41.374331273930061 ], [ 26.344537185183068, 41.234779871750909 ], [ 26.350606372315859, 41.008166597646593 ], [ 26.333781629661921, 40.961942486611775 ], [ 26.054078376541899, 40.718249419475335 ], [ 26.061448732439398, 40.699051112408199 ], [ 25.939959658357836, 40.835100387912391 ], [ 25.632429073758985, 40.862804720955985 ], [ 25.139545089795678, 40.990687389230004 ], [ 24.813489843241204, 40.858085670692994 ], [ 24.64562337905463, 40.865409951522246 ], [ 24.495639083265839, 40.946153179619898 ], [ 24.1193105714203, 40.735649952305081 ], [ 23.867746335760302, 40.778728451873775 ], [ 23.765077322102076, 40.75789232447255 ], [ 23.718965742514712, 40.682664985324536 ], [ 23.866336921610419, 40.451118810466049 ], [ 24.010988298189098, 40.389434307010745 ], [ 24.005042962871496, 40.314567625127395 ], [ 23.895115162698779, 40.366440603263776 ], [ 23.740693913514448, 40.337126677985886 ], [ 23.714479190361949, 40.272677260563206 ], [ 23.984187469401878, 40.100993637009815 ], [ 23.99831986958781, 40.004716637472185 ], [ 23.936678372591665, 39.958343112149066 ], [ 23.621098549676351, 40.227593141698129 ], [ 23.41209370255682, 40.263216514048395 ], [ 23.319440147355458, 40.219337047305672 ], [ 23.004153257615805, 40.350336355670443 ], [ 22.86731097981702, 40.467729621216314 ], [ 22.961245724766069, 40.562270840465288 ], [ 22.934883197521199, 40.619309946239511 ], [ 22.682408959491568, 40.528966439153244 ], [ 22.663957370552872, 40.491554657628754 ], [ 22.609014744507924, 40.454929593039687 ], [ 22.644588936290258, 40.357157019325541 ], [ 22.565523208329605, 40.100993637454415 ], [ 22.662430082907946, 39.975547938786214 ], [ 22.700667460439263, 39.952103698973481 ], [ 22.737914965964244, 39.873200287377806 ], [ 22.848389349280456, 39.795394275405556 ], [ 22.915911000647331, 39.602935921987203 ], [ 23.090854938967794, 39.498286599134474 ], [ 23.322161870464502, 39.232730590855496 ], [ 23.299008569554012, 39.148619257695643 ], [ 23.231868486963098, 39.146498811320782 ], [ 23.127982614725024, 39.292175424294328 ], [ 22.975878330608406, 39.339941542728191 ], [ 22.835888805489052, 39.260781491026641 ], [ 23.016162592344411, 39.00328419372584 ], [ 22.786183772383438, 38.838200866960051 ], [ 23.216220895740399, 38.65694989782213 ], [ 23.333858514604536, 38.525402659317699 ], [ 23.328288840142761, 38.501220342307278 ], [ 23.496124546478129, 38.578110944735066 ], [ 23.066883253887269, 38.88358352461686 ], [ 23.284709440393534, 38.986217219455959 ], [ 23.608109788132367, 38.779812636755771 ], [ 24.107014796514864, 38.625089300519086 ], [ 24.2744023379027, 38.275803622016831 ], [ 24.490983263105125, 38.13865429482685 ], [ 24.525872207159132, 38.031165059124831 ], [ 24.445388780615374, 37.988981607471956 ], [ 24.274875371257139, 38.025154358328301 ], [ 23.992252050520086, 38.365487195332108 ], [ 23.65513453686129, 38.352496827751601 ], [ 24.049774805091662, 38.208396657330859 ], [ 23.997896084633691, 38.090296268335436 ], [ 24.076700418782593, 37.770291304317482 ], [ 24.031592563704276, 37.663312256918609 ], [ 23.949717107857268, 37.661599679273422 ], [ 23.883103057211105, 37.772901856625438 ], [ 23.743593100100764, 37.853809459074071 ], [ 23.672228331710183, 37.941893031465412 ], [ 23.432320784503823, 37.891523350294669 ], [ 23.414974181892745, 37.969785294906245 ], [ 23.247773763636545, 37.972340667658109 ], [ 23.065367787271573, 37.890877880943378 ], [ 23.133368693709798, 37.806267587841589 ], [ 23.120031738657566, 37.729985046843332 ], [ 23.200378692236985, 37.596652836654719 ], [ 23.315190448547739, 37.555725980041217 ], [ 23.33831721261749, 37.633026231955462 ], [ 23.400444584796951, 37.629610653237037 ], [ 23.499045217297954, 37.463311168204321 ], [ 23.424419604341157, 37.411701187188775 ], [ 23.29869396560321, 37.393508230019705 ], [ 23.198460567478836, 37.304048679716843 ], [ 23.141488360556735, 37.304048680062159 ], [ 23.086049993449375, 37.441507642969974 ], [ 22.758558631344844, 37.571014708476866 ], [ 22.730862139704914, 37.496629493301619 ], [ 22.980757526196236, 37.047947263480737 ], [ 23.082939433524913, 36.805492672224197 ], [ 23.036348156503056, 36.650671265498978 ], [ 23.154015674538574, 36.503619779429002 ], [ 23.120334928011484, 36.444838264794306 ], [ 22.704151279088077, 36.801106439662931 ], [ 22.54942573805684, 36.728392822678316 ], [ 22.480039073065452, 36.45786299572223 ], [ 22.401491133963109, 36.473366832147583 ], [ 22.31306385076925, 36.779207323171434 ], [ 22.091067425553302, 37.026759396333702 ], [ 21.940553080947403, 36.966693252211861 ], [ 21.908838033523367, 36.750778911814727 ], [ 21.731573112712294, 36.809624468729432 ], [ 21.574552102262491, 37.093569506506107 ], [ 21.649563146431966, 37.250554567295211 ], [ 21.680233141123047, 37.377433728142506 ], [ 21.542685865865735, 37.550574169732187 ], [ 21.148355536535835, 37.852230815177428 ], [ 21.14981596341465, 37.927770579786191 ], [ 21.351074370594326, 38.102138454518347 ], [ 21.386334187325115, 38.19749660948812 ], [ 21.62803859263575, 38.156236841335463 ], [ 21.851607905508704, 38.329146201305633 ], [ 22.091067426461404, 38.256613284003656 ], [ 22.372972484952452, 38.142223650561355 ], [ 22.525497090056618, 38.120565287986217 ], [ 22.77447841365808, 37.999409359979374 ], [ 22.809765543119198, 37.96223207744184 ], [ 22.889492463371816, 37.933937919927232 ], [ 22.958153207031515, 37.957214482582614 ], [ 22.936516272284461, 37.999409359695306 ], [ 22.943224581706691, 38.066098952669392 ], [ 23.117532031816793, 38.060645732780436 ], [ 23.21019311235537, 38.12998484321399 ], [ 23.1261790496015, 38.168399846132012 ], [ 22.928420295426221, 38.191910656032064 ], [ 22.608068681612714, 38.359401626590319 ], [ 22.576973029273685, 38.305051457968908 ], [ 22.452308969676984, 38.41017428402921 ], [ 22.351408202836051, 38.34631937493949 ], [ 22.091067426159665, 38.373581853374127 ], [ 21.851722661969912, 38.374525213359114 ], [ 21.510258336219195, 38.31287431810685 ], [ 21.38147710893637, 38.384125995652937 ], [ 21.167577077004324, 38.311822420690063 ], [ 21.019865702853945, 38.608268150061363 ], [ 20.864914084480009, 38.775398975151049 ], [ 20.747610308453378, 38.817275540793432 ], [ 20.8467066920897, 38.925481998603459 ], [ 21.093846896868943, 38.892258723031787 ], [ 21.146151571364971, 38.97093516932226 ], [ 21.108608480406332, 39.046146477510248 ], [ 20.80721465261945, 39.060679769105221 ], [ 20.733723939877109, 38.972442122649554 ], [ 20.477821569292509, 39.274841483714084 ], [ 20.343242515862947, 39.287293268485527 ], [ 20.300678563430683, 39.315735222953954 ], [ 20.163618718937755, 39.612688651333343 ], [ 20.008812646770885, 39.691292235121281 ], [ 20.211144650256571, 39.65438163738731 ], [ 20.304106967711473, 39.72345879212255 ], [ 20.302345082595789, 39.812743109891152 ], [ 20.39130787986635, 39.78848353741315 ], [ 20.342241742736302, 39.949809382223457 ], [ 20.40190651363606, 40.019683419476941 ], [ 20.612876563311108, 40.079653468487081 ], [ 20.778451799528874, 40.348730593551068 ], [ 20.795661213294476, 40.43378955641505 ], [ 20.946587173490133, 40.484594681993336 ], [ 21.05606836890853, 40.616695330727453 ], [ 20.980204391010304, 40.855665050155736 ], [ 21.119612153603477, 40.854682876503446 ], [ 21.502939050508914, 40.910607339940121 ], [ 21.7873777739993, 40.931125359895717 ], [ 21.929438063566312, 41.100350402714973 ], [ 22.216216165370927, 41.170457396084025 ], [ 22.332051845521679, 41.120272519843418 ], [ 22.605696166522574, 41.126569031569353 ], [ 22.666470054781563, 41.186339606386923 ], [ 22.748710886523931, 41.173064974658281 ], [ 22.757236831193975, 41.302991106564541 ], [ 22.799353129911378, 41.34089947340096 ], [ 23.624308285296834, 41.375698383720859 ], [ 24.022220181337353, 41.454831354947416 ], [ 24.059744082195312, 41.522112174279947 ], [ 24.522035468197725, 41.547790866284259 ], [ 24.783955942217055, 41.36018913989296 ], [ 24.885109271531174, 41.390198682285366 ], [ 25.179375287305376, 41.310188062277781 ], [ 25.224698491864249, 41.264630841318855 ], [ 25.906437451680773, 41.307575070550051 ], [ 26.114253925926683, 41.358534939907955 ], [ 26.167201383446343, 41.429314004918282 ], [ 26.090573156212905, 41.704694328760198 ], [ 26.358149499877854, 41.714037444537261 ], [ 26.577652020074375, 41.6022118391815 ], [ 26.622647477080957, 41.374331273930061 ] ] ], [ [ [ 25.405319937744284, 36.687001809665425 ], [ 25.349398258298361, 36.645556455111439 ], [ 25.233050909399623, 36.733763770303412 ], [ 25.290431998222289, 36.788087453070254 ], [ 25.405319937744284, 36.687001809665425 ] ] ], [ [ [ 25.441569465157354, 37.467399892890931 ], [ 25.373652282442919, 37.400622277443446 ], [ 25.275465175496066, 37.43939024495792 ], [ 25.346063194479591, 37.504200672975941 ], [ 25.441569465157354, 37.467399892890931 ] ] ], [ [ [ 25.627178519087593, 38.531316962579417 ], [ 25.558998645980417, 38.522133531114228 ], [ 25.498035137169808, 38.610105130036267 ], [ 25.617878945486108, 38.611184445119797 ], [ 25.627178519087593, 38.531316962579417 ] ] ], [ [ [ 25.298095635588336, 37.10510907139399 ], [ 25.205056838857654, 36.999551602989513 ], [ 25.026223727523931, 37.03390567789252 ], [ 25.170969174115356, 37.127184569634757 ], [ 25.298095635588336, 37.10510907139399 ] ] ], [ [ [ 25.195983709513303, 36.722841115382202 ], [ 25.134578203996316, 36.635204353149817 ], [ 25.037935572338657, 36.652136345290479 ], [ 25.101449845879511, 36.722501010731676 ], [ 25.195983709513303, 36.722841115382202 ] ] ], [ [ [ 25.277353890335473, 37.377804722954465 ], [ 25.178115935500696, 37.316852477791358 ], [ 25.191254004382355, 37.426005710605374 ], [ 25.27126668749775, 37.452154034842081 ], [ 25.277353890335473, 37.377804722954465 ] ] ], [ [ [ 25.289017659840422, 37.584267020006884 ], [ 25.177369659545938, 37.527195329164115 ], [ 25.03340450618126, 37.595543827969799 ], [ 25.184885710775418, 37.642924244781938 ], [ 25.289017659840422, 37.584267020006884 ] ] ], [ [ [ 24.983815696250506, 36.585087703650032 ], [ 24.90978585554279, 36.571422901940316 ], [ 24.832462090501988, 36.624472040191215 ], [ 24.940846538399793, 36.669974254544542 ], [ 24.983815696250506, 36.585087703650032 ] ] ], [ [ [ 25.723127208857345, 40.435942072184005 ], [ 25.599583347259756, 40.393480532600108 ], [ 25.461496150578977, 40.464227673660872 ], [ 25.615465351776127, 40.505940218115391 ], [ 25.723127208857345, 40.435942072184005 ] ] ], [ [ [ 24.97796888049141, 37.407456375808962 ], [ 24.868951759861972, 37.347002174239734 ], [ 24.890070768263964, 37.465872596854439 ], [ 24.931916430867918, 37.488771417215446 ], [ 24.97796888049141, 37.407456375808962 ] ] ], [ [ [ 24.97382234777546, 37.823284152970793 ], [ 24.982411214192606, 37.726295347373323 ], [ 24.73390524668477, 37.869138013259239 ], [ 24.680304181590561, 37.958980727413973 ], [ 24.84329435294454, 37.943754096200138 ], [ 24.97382234777546, 37.823284152970793 ] ] ], [ [ [ 24.770330853143921, 36.940611412320408 ], [ 24.703555946471106, 36.911646316562241 ], [ 24.633150198078077, 36.986274811680453 ], [ 24.70373340460651, 37.029237995769698 ], [ 24.770330853143921, 36.940611412320408 ] ] ], [ [ [ 25.429017219208244, 39.974612826864188 ], [ 25.327021775384814, 39.799868791820991 ], [ 25.241524332943737, 39.892758054755127 ], [ 25.173691964755228, 39.808268657308375 ], [ 25.063197463486283, 39.846464984322999 ], [ 25.035173447676172, 39.959159119913174 ], [ 25.176824461235075, 40.002139276216504 ], [ 25.429017219208244, 39.974612826864188 ] ] ], [ [ [ 24.630776764570324, 36.795511237700943 ], [ 24.561013895062707, 36.746911583350375 ], [ 24.480857343912255, 36.798509342295446 ], [ 24.564830582061251, 36.854489134732312 ], [ 24.630776764570324, 36.795511237700943 ] ] ], [ [ [ 24.16918046188702, 34.841462515884899 ], [ 24.094632164108674, 34.800814939367996 ], [ 23.99779492431048, 34.851923847227134 ], [ 24.095520712082237, 34.894930883648918 ], [ 24.16918046188702, 34.841462515884899 ] ] ], [ [ [ 24.530488052448138, 36.699716748758576 ], [ 24.430120559867937, 36.646890910370757 ], [ 24.274228801532004, 36.698074962539899 ], [ 24.412498028522027, 36.758708811724844 ], [ 24.530488052448138, 36.699716748758576 ] ] ], [ [ [ 25.069410969917925, 39.549014169115672 ], [ 24.991721162195976, 39.448092649557978 ], [ 24.94021991777516, 39.50313785273476 ], [ 25.003590570961439, 39.577234192214796 ], [ 25.069410969917925, 39.549014169115672 ] ] ], [ [ [ 24.541915368464611, 37.191951750621165 ], [ 24.506716770888506, 37.108664980676977 ], [ 24.401370736999301, 37.148195704602287 ], [ 24.480287378097451, 37.215271409501455 ], [ 24.541915368464611, 37.191951750621165 ] ] ], [ [ [ 24.467140996740483, 37.409346691856442 ], [ 24.399233973489537, 37.310178801091283 ], [ 24.356924587586903, 37.430455146219501 ], [ 24.412921950096528, 37.461598274281108 ], [ 24.467140996740483, 37.409346691856442 ] ] ], [ [ [ 24.671992415401782, 38.781408454248862 ], [ 24.587475572758937, 38.760947357003666 ], [ 24.414727620798217, 38.884165136881265 ], [ 24.521926915867727, 38.968412006488343 ], [ 24.671992415401782, 38.781408454248862 ] ] ], [ [ [ 24.411185823052502, 37.673267420139211 ], [ 24.31341627793886, 37.528050462078212 ], [ 24.240404562384882, 37.572629946001904 ], [ 24.310345090641668, 37.680849163782781 ], [ 24.411185823052502, 37.673267420139211 ] ] ], [ [ [ 24.77383629239382, 40.602717616001975 ], [ 24.665959801047428, 40.564490503210827 ], [ 24.487595362407131, 40.656171822166741 ], [ 24.651068838896997, 40.811201853849511 ], [ 24.793081259106156, 40.684531195087736 ], [ 24.77383629239382, 40.602717616001975 ] ] ], [ [ [ 24.229225340927457, 39.492050899593259 ], [ 24.197077009324754, 39.442341682527669 ], [ 24.113921560992281, 39.474219994712556 ], [ 24.152705513389478, 39.535866396785941 ], [ 24.217875010207955, 39.558200951199794 ], [ 24.229225340927457, 39.492050899593259 ] ] ], [ [ [ 24.104912459662437, 39.296630314684542 ], [ 23.993986629525796, 39.292522516646017 ], [ 24.057360597295787, 39.391570205111549 ], [ 24.128048494978742, 39.364267092783429 ], [ 24.104912459662437, 39.296630314684542 ] ] ], [ [ [ 23.335967587022022, 35.902986492034465 ], [ 23.355299007934477, 35.800999653368088 ], [ 23.276440679808871, 35.825696408902523 ], [ 23.229241441827678, 35.908453704120078 ], [ 23.335967587022022, 35.902986492034465 ] ] ], [ [ [ 23.984779243134394, 39.291889270840876 ], [ 23.913469988436628, 39.162406753650629 ], [ 23.834294203499244, 39.186961524572339 ], [ 23.932717276053101, 39.283076432449903 ], [ 23.984779243134394, 39.291889270840876 ] ] ], [ [ [ 23.547656817958881, 37.747546821416414 ], [ 23.493769097094575, 37.677619082302584 ], [ 23.435150197208927, 37.69045324718946 ], [ 23.416305311964127, 37.744961104224728 ], [ 23.510552304286154, 37.778337161822108 ], [ 23.547656817958881, 37.747546821416414 ] ] ], [ [ [ 23.792095837763075, 39.11306418504202 ], [ 23.743215213460797, 39.074880612056944 ], [ 23.669020821805912, 39.08484564658383 ], [ 23.632632620629089, 39.149665933394196 ], [ 23.677580642055847, 39.163271247887891 ], [ 23.792095837763075, 39.11306418504202 ] ] ], [ [ [ 23.071818936346862, 36.261281042778016 ], [ 23.040655149234063, 36.135977774437357 ], [ 22.927424502873798, 36.173038204588096 ], [ 22.881811544832797, 36.328081738122151 ], [ 22.95097309085153, 36.372270863390142 ], [ 23.071818936346862, 36.261281042778016 ] ] ], [ [ [ 23.217136838986139, 37.253670009234966 ], [ 23.151641758489628, 37.201236678148447 ], [ 23.062317458192016, 37.256928901824388 ], [ 23.127200349895649, 37.305997845139366 ], [ 23.217136838986139, 37.253670009234966 ] ] ], [ [ [ 23.549259908411976, 39.156734451394136 ], [ 23.49430642249526, 39.112768050501614 ], [ 23.384450839992425, 39.165327446531997 ], [ 23.470134119263701, 39.211956279485634 ], [ 23.549259908411976, 39.156734451394136 ] ] ], [ [ [ 23.567246113752425, 39.962981745418972 ], [ 23.394974770857736, 39.958619153488243 ], [ 23.22171743538016, 40.112835754256167 ], [ 23.427786965472841, 40.130920754579464 ], [ 23.567246113752425, 39.962981745418972 ] ] ], [ [ [ 23.136862437822266, 39.100933135874271 ], [ 23.059619501508227, 39.08160807605281 ], [ 23.026056953815239, 39.180588220519979 ], [ 23.111807780532025, 39.189746632451552 ], [ 23.136862437822266, 39.100933135874271 ] ] ], [ [ [ 20.907902017455591, 37.733206533121468 ], [ 20.801197465077383, 37.670205149252311 ], [ 20.589183604400716, 37.875988836699165 ], [ 20.719736168017345, 37.907067293698098 ], [ 20.907902017455591, 37.733206533121468 ] ] ], [ [ [ 20.89529737659393, 38.575048767200919 ], [ 20.79555392947789, 38.537248101029654 ], [ 20.725813236506159, 38.59124380428981 ], [ 20.812290404974455, 38.630875499206255 ], [ 20.89529737659393, 38.575048767200919 ] ] ], [ [ [ 20.571656097943279, 38.391503283510339 ], [ 20.786080267307682, 38.102549173032081 ], [ 20.55372513367724, 38.112038827179418 ], [ 20.34992360651529, 38.206458171235994 ], [ 20.409305475541522, 38.314240976625605 ], [ 20.571656097943279, 38.391503283510339 ] ] ], [ [ [ 20.694234427860714, 38.44994258459181 ], [ 20.785374206415021, 38.29152022939936 ], [ 20.693785974900724, 38.304673177673713 ], [ 20.589254049994985, 38.459310757978237 ], [ 20.694234427860714, 38.44994258459181 ] ] ], [ [ [ 20.720126881606042, 38.641038314195043 ], [ 20.533554804154456, 38.587252395723482 ], [ 20.592027567749739, 38.766587986777431 ], [ 20.697917195964607, 38.835996282878412 ], [ 20.720126881606042, 38.641038314195043 ] ] ], [ [ [ 19.889063686485816, 39.78442163220943 ], [ 19.964726652278962, 39.450600080737033 ], [ 19.851197130238454, 39.488145115049534 ], [ 19.599936567044971, 39.771888841994929 ], [ 19.889063686485816, 39.78442163220943 ] ] ] ] } },
{ "type": "Feature", "properties": { "id": "ES", "code": "ES", "name": "España" }, "geometry": { "type": "MultiPolygon", "coordinates": [ [ [ [ 4.294636684476411, 39.957537790989775 ], [ 3.939636673633328, 39.873428814352316 ], [ 3.707629518473543, 39.990472629784321 ], [ 4.118066837863272, 40.092293617290863 ], [ 4.294636684476411, 39.957537790989775 ] ] ], [ [ [ -7.259477599796414, 43.580995267358638 ], [ -7.031836889928454, 43.5444714180502 ], [ -6.112061001685605, 43.563595303387025 ], [ -5.841577719925062, 43.640719617954986 ], [ -5.684995637462341, 43.553811013408428 ], [ -5.37745611605864, 43.549493074601919 ], [ -4.662752933405409, 43.404936247404549 ], [ -4.512301090466758, 43.393203817058399 ], [ -4.228531158507851, 43.394636690623656 ], [ -3.858478457914387, 43.482471794367768 ], [ -3.800612302095575, 43.43315786297039 ], [ -3.589209308635241, 43.502521882720572 ], [ -3.15333810966044, 43.353222108331607 ], [ -2.790148401855431, 43.422869950545859 ], [ -2.412846795133367, 43.321082961925946 ], [ -2.150656391426426, 43.295954019291358 ], [ -1.785981393981024, 43.350584323511072 ], [ -1.728903006250957, 43.296088949382117 ], [ -1.436838575784401, 43.25126756128406 ], [ -1.4028965534869, 43.064071330050197 ], [ -0.754234952462883, 42.960269628532501 ], [ -0.656193984387015, 42.859353074301914 ], [ -0.55151808873145, 42.796207564319829 ], [ -0.313341956515901, 42.84936493228723 ], [ -0.120433341113095, 42.746639395140178 ], [ 0.01081640494592, 42.697023550417256 ], [ 0.477670137657815, 42.700047380608716 ], [ 0.670759356548681, 42.679686687598746 ], [ 0.715484319555137, 42.843456297618985 ], [ 0.858215052673562, 42.825741153698694 ], [ 1.346086379468384, 42.70922164866581 ], [ 1.442566157058681, 42.603667848750284 ], [ 1.465675396709844, 42.445092355017749 ], [ 1.725801229804506, 42.504401992398201 ], [ 1.731010891408831, 42.492400832113177 ], [ 1.921569238681487, 42.451684998952565 ], [ 2.040046136854008, 42.361591638155872 ], [ 2.240354025879403, 42.432130066927662 ], [ 2.547207086173554, 42.343257135378259 ], [ 2.884434609406376, 42.460713541330136 ], [ 3.174022445931382, 42.435239137506656 ], [ 3.258612420040695, 42.313253745946433 ], [ 3.138623568541609, 42.180520220114488 ], [ 3.212316887856301, 42.004578788197179 ], [ 3.208647240481069, 41.919643047306053 ], [ 2.778512932319312, 41.648807667144382 ], [ 2.290318358583731, 41.464078623641896 ], [ 2.09948932846645, 41.293701032368162 ], [ 0.978006364202207, 41.029479621216623 ], [ 0.726295111875471, 40.812324376398323 ], [ 0.841315598086726, 40.691412131220908 ], [ 0.607420487625579, 40.611700243158076 ], [ -0.188466906877392, 39.721954540920599 ], [ -0.325691532210614, 39.414733002141389 ], [ -0.203883208373721, 39.083105837360087 ], [ -0.037615969300946, 38.886413429735143 ], [ 0.191088635224428, 38.784880140257421 ], [ 0.088908473152366, 38.6634364504852 ], [ -0.484290830565248, 38.328359839758377 ], [ -0.825854598456206, 37.726285337835257 ], [ -0.751135018759262, 37.611960319663304 ], [ -1.314795188777801, 37.551669492758649 ], [ -1.629967654098976, 37.375150679269964 ], [ -2.13751983629086, 36.73830865885391 ], [ -2.367905026369113, 36.829833101786598 ], [ -2.531093560870761, 36.820015566352538 ], [ -2.736964504548006, 36.688634675795491 ], [ -3.128676714180449, 36.750887424845075 ], [ -3.44394225180875, 36.706741589423039 ], [ -3.777457584482502, 36.737926315263415 ], [ -4.398289079078358, 36.711769665704765 ], [ -4.658433695842012, 36.508970799686843 ], [ -5.119621017660982, 36.430674028516059 ], [ -5.252405121586065, 36.311275568729648 ], [ -5.339031880815703, 36.153367256291297 ], [ -5.412501356182252, 36.159199048573925 ], [ -5.450261995339319, 36.071869458583592 ], [ -5.595814273845214, 36.019172335210811 ], [ -6.036189740696217, 36.195609365873615 ], [ -6.229835518439113, 36.417787829957696 ], [ -6.227587772746292, 36.566347234055705 ], [ -6.414350975529866, 36.682733652589782 ], [ -6.422016956726341, 36.743717005436906 ], [ -6.345561015092574, 36.798766942515314 ], [ -6.533874216654016, 36.979387650993722 ], [ -6.876103031721581, 37.149617512407268 ], [ -7.059015679591154, 37.200270815904389 ], [ -7.401916633924495, 37.174827473053661 ], [ -7.512691485940048, 37.52625635650903 ], [ -7.23674190689607, 37.963751622513854 ], [ -7.013750955423252, 38.040794515364546 ], [ -6.931738573305778, 38.208378039563719 ], [ -7.107952585830986, 38.188121610477872 ], [ -7.309237155380519, 38.458347325379449 ], [ -7.203134912971411, 38.751017484245104 ], [ -6.971092578303845, 39.02166330050494 ], [ -7.218372051735422, 39.208815638502323 ], [ -7.231467160491739, 39.278431032474202 ], [ -7.314967526576992, 39.455921231913607 ], [ -7.542845392253438, 39.662786088274117 ], [ -7.023810304523053, 39.687250149096627 ], [ -6.878365539490578, 39.975900763004319 ], [ -7.00652533722979, 40.159882534163451 ], [ -6.951298651414942, 40.25744601884152 ], [ -6.865144205992289, 40.270694538718956 ], [ -6.800541786856703, 40.361405435418249 ], [ -6.81851744296867, 40.862823984667884 ], [ -6.929864671971187, 41.029336226676442 ], [ -6.808730904469676, 41.055148108304117 ], [ -6.689786233769235, 41.205241370033022 ], [ -6.479713167971152, 41.294379828543576 ], [ -6.330944256272895, 41.395494831649685 ], [ -6.220442953834654, 41.59860633574057 ], [ -6.516592708080802, 41.682937809810227 ], [ -6.577088063113657, 41.935157455169552 ], [ -7.159142738516231, 41.973218458517344 ], [ -7.200464406593146, 41.879749416123516 ], [ -7.416413121340458, 41.827564133089844 ], [ -7.734402095573435, 41.902139739780026 ], [ -8.0518627247626, 41.820613920919243 ], [ -8.165075345114177, 41.818302138718735 ], [ -8.199102370838824, 41.921580072715997 ], [ -8.100540088964232, 42.037390006279097 ], [ -8.199000323681684, 42.154419059346353 ], [ -8.602654374634024, 42.053905473165607 ], [ -8.86318583914499, 41.872066458235651 ], [ -8.882937492188429, 42.103300251783637 ], [ -8.725750189566988, 42.25671423808479 ], [ -8.844493716524576, 42.445854187001046 ], [ -8.743960189434144, 42.647217317006479 ], [ -9.017827442128088, 42.587336178214002 ], [ -9.026827170507511, 42.74663939540784 ], [ -9.20240037333487, 42.950871128662158 ], [ -9.12077910996752, 43.144041245130488 ], [ -8.843692036546598, 43.306223440902428 ], [ -8.32528431508101, 43.378669493419565 ], [ -8.119297621254631, 43.633316015676584 ], [ -7.699736359589825, 43.735114825194522 ], [ -7.462374819352812, 43.715585846568239 ], [ -7.259477599796414, 43.580995267358638 ] ] ], [ [ [ 3.451534516113393, 39.714371759612007 ], [ 3.265261350291656, 39.397473326076252 ], [ 3.081124966559261, 39.287483410677432 ], [ 2.798087367410643, 39.377737740186056 ], [ 2.678933600914588, 39.522261398621247 ], [ 2.485350029876153, 39.490649922504495 ], [ 2.34090973207334, 39.586737509357931 ], [ 2.959977369504637, 39.909870514193777 ], [ 3.016326594012579, 39.916866435993477 ], [ 3.184905146967526, 39.884060723111837 ], [ 3.204320990211389, 39.776446651397336 ], [ 3.451534516113393, 39.714371759612007 ] ] ], [ [ [ 1.616375955506619, 39.07044777878783 ], [ 1.396175869310896, 38.841801523070693 ], [ 1.175761740578645, 38.955578906371528 ], [ 1.394260414888018, 39.089447346773575 ], [ 1.543697634591103, 39.118608200352746 ], [ 1.616375955506619, 39.07044777878783 ] ] ], [ [ [ 1.458835220033717, 38.662918101233913 ], [ 1.353390451517977, 38.651906548620012 ], [ 1.393817280760461, 38.741213759503523 ], [ 1.481776608472705, 38.745531913678377 ], [ 1.458835220033717, 38.662918101233913 ] ] ], [ [ [ -2.952482233823698, 35.319901314934071 ], [ -2.929703441969998, 35.271704467353139 ], [ -2.961086323509944, 35.284485498580793 ], [ -2.952482233823698, 35.319901314934071 ] ] ], [ [ [ -5.360083919577474, 35.913756678192669 ], [ -5.344183881233519, 35.871149651105327 ], [ -5.38203003855012, 35.912603280204287 ], [ -5.360083919577474, 35.913756678192669 ] ] ], [ [ [ -13.489195585852615, 28.997333880872976 ], [ -13.794941563849044, 28.846566490912803 ], [ -13.898515970829145, 28.876137730573049 ], [ -13.786554497466229, 29.056519500013653 ], [ -13.537526770902019, 29.149331687289898 ], [ -13.488416634247187, 29.282176628519977 ], [ -13.443690585490595, 29.247443246122291 ], [ -13.489195585852615, 28.997333880872976 ] ] ], [ [ [ -13.936412858925122, 28.272046791246897 ], [ -14.261222229645515, 28.088797618035514 ], [ -14.397036740026037, 28.096830565885856 ], [ -14.00086755406984, 28.665384625627507 ], [ -13.868705233954383, 28.703172033653722 ], [ -13.834855810532993, 28.544671836494622 ], [ -13.936412858925122, 28.272046791246897 ] ] ], [ [ [ -15.427941859197162, 27.807664051844572 ], [ -15.61922830927095, 27.735293137001378 ], [ -15.793648926436109, 27.838327816975411 ], [ -15.843087026974532, 27.971916453926294 ], [ -15.687068775758267, 28.146934158307531 ], [ -15.547035812993101, 28.15987697617545 ], [ -15.42884803899689, 28.11799419180775 ], [ -15.368185079337675, 27.946024419766211 ], [ -15.427941859197162, 27.807664051844572 ] ] ], [ [ [ -16.448573527596466, 28.13445380966181 ], [ -16.583852605475535, 28.026281689273208 ], [ -16.723704851254944, 28.04824354871684 ], [ -16.918446756586508, 28.347046549828008 ], [ -16.540285551602672, 28.429809409252726 ], [ -16.329277617583646, 28.559644784756454 ], [ -16.188838917863563, 28.540968680699915 ], [ -16.448573527596466, 28.13445380966181 ] ] ], [ [ [ -17.081572539761922, 28.105144263221831 ], [ -17.219820613501909, 28.008154159354763 ], [ -17.379646167246531, 28.095359994749099 ], [ -17.28142724875763, 28.233662618390863 ], [ -17.081572539761922, 28.105144263221831 ] ] ], [ [ [ -17.741857583730717, 28.824585014309633 ], [ -17.808901795463989, 28.502551039231065 ], [ -18.074256274219191, 28.812073074526847 ], [ -17.890584745306871, 28.888718787981944 ], [ -17.741857583730717, 28.824585014309633 ] ] ], [ [ [ -17.896230930861808, 27.808802324760059 ], [ -17.980101899216127, 27.652128562038513 ], [ -18.147576675696101, 27.725968223343521 ], [ -18.12257592770343, 27.762443699762756 ], [ -18.063126249868031, 27.755304817744786 ], [ -17.948840605002939, 27.838010405256831 ], [ -17.896230930861808, 27.808802324760059 ] ] ] ] } },
{ "type": "Feature", "properties": { "id": "FI", "code": "FI", "name": "Suomi/Finland" }, "geometry": { "type": "MultiPolygon", "coordinates": [ [ [ [ 27.888308391177741, 70.078194623114825 ], [ 28.439952866038425, 69.818040565152515 ], [ 29.085443254192882, 69.695818631158218 ], [ 29.23782791425883, 69.56664070433574 ], [ 29.284296074745555, 69.497893588737654 ], [ 29.241064599244819, 69.42471804603953 ], [ 28.852063600899044, 69.205475264397748 ], [ 28.83953792808305, 69.124043898347566 ], [ 28.929561557074823, 69.051911620843768 ], [ 28.622817339511752, 68.927883253606623 ], [ 28.730075311314852, 68.831858683602064 ], [ 28.488947021967906, 68.531140552387626 ], [ 28.596681956490901, 68.298224867468392 ], [ 29.31329782750036, 68.061391787820142 ], [ 29.952183446316596, 67.645448565790886 ], [ 29.855018256061573, 67.484544647322593 ], [ 29.100146281794416, 66.963408746096022 ], [ 29.129164433773006, 66.819666398951881 ], [ 29.322067477841905, 66.662862593876724 ], [ 29.929035112570812, 66.107456859744502 ], [ 30.122757545450174, 65.71714341517027 ], [ 29.753240758797887, 65.637874474862315 ], [ 29.837365133355455, 65.557564363459974 ], [ 29.754731583890571, 65.497369398189448 ], [ 29.726279866030627, 65.34975199098713 ], [ 29.628948070907473, 65.254731969174728 ], [ 29.865226103266082, 65.187021749170754 ], [ 29.830262138759416, 65.10770376752609 ], [ 29.6315973574706, 65.043524378187044 ], [ 29.629446954543148, 64.916500111525693 ], [ 29.727994087838805, 64.806343817446717 ], [ 30.031379493374299, 64.785928705367084 ], [ 30.055582506697544, 64.713523519299812 ], [ 30.106899609289581, 64.648550180515812 ], [ 29.996027961288334, 64.552810236779081 ], [ 30.066803174549609, 64.399334284621389 ], [ 30.431609657825298, 64.265392087821581 ], [ 30.518995516818858, 64.132449316811133 ], [ 30.500824688887469, 64.067703309020573 ], [ 30.246776780512725, 63.834644567008631 ], [ 29.971917177479522, 63.75716542445015 ], [ 30.494024922593095, 63.469882720895654 ], [ 31.202459988520985, 63.229674638408973 ], [ 31.562354919733234, 62.917329669111957 ], [ 31.202165521224508, 62.48747969336339 ], [ 30.456848702984857, 62.045692261981074 ], [ 29.306271683048877, 61.329177535902467 ], [ 28.084695275560787, 60.718335935623969 ], [ 27.679355947555731, 60.471102643139325 ], [ 27.079550194663479, 60.506134760461819 ], [ 27.003709422255742, 60.42519830442496 ], [ 26.724867265233929, 60.41168068290542 ], [ 26.453931863722254, 60.48765254528206 ], [ 26.323904397788304, 60.40755510543584 ], [ 26.104741248078227, 60.395864126224922 ], [ 26.008505656485617, 60.261268391094077 ], [ 25.915002561168599, 60.320693259365271 ], [ 25.884194632283133, 60.223921278596833 ], [ 25.631093998466881, 60.224674430836117 ], [ 25.547632279203793, 60.307774294278445 ], [ 25.441172643749297, 60.222012884448183 ], [ 24.700251688991301, 60.089909341750584 ], [ 24.457006880954921, 59.994419830054916 ], [ 24.238979890148137, 60.019333188328638 ], [ 23.751964332081577, 59.897951597327101 ], [ 23.218514335539538, 59.864008086267596 ], [ 23.135232778439754, 59.959183536777566 ], [ 23.012839955175998, 59.856578105246641 ], [ 22.90171263226863, 59.95455920255749 ], [ 23.028183207179566, 60.101486555292581 ], [ 22.416136063340339, 59.889876239388336 ], [ 22.392856939686499, 60.189778892473029 ], [ 22.244063693399369, 60.177091215311627 ], [ 22.072874580312916, 60.383911253847501 ], [ 22.030126631668942, 60.296926536032124 ], [ 22.067948307405775, 60.169291106055603 ], [ 21.796198858157616, 60.138252004366365 ], [ 21.833195085509381, 60.294191944676619 ], [ 21.746985190647937, 60.471874946653521 ], [ 21.665073856330732, 60.394455470460578 ], [ 21.446348057953244, 60.433539536529111 ], [ 21.373339364325044, 60.334654981262268 ], [ 21.371522951570594, 60.214625953824722 ], [ 21.251974007463751, 60.22156777743762 ], [ 21.192288720085632, 60.364554339581325 ], [ 21.286092826189208, 60.408929909345161 ], [ 21.310484288737396, 60.490885476063497 ], [ 21.204942421629401, 60.85366054222451 ], [ 21.419929581645729, 61.047443031611202 ], [ 21.528644987353459, 61.612511432942298 ], [ 21.338738580948291, 61.955711928614491 ], [ 21.349234589506889, 62.220398975686436 ], [ 21.101302068135407, 62.642925763033361 ], [ 21.156158635837542, 62.825099028720388 ], [ 21.395775239353949, 62.929584880168449 ], [ 21.383971161252916, 63.03183097984293 ], [ 21.585680479124459, 63.276104018142199 ], [ 21.865304058010622, 63.290613119382655 ], [ 22.036629451759975, 63.377165817519597 ], [ 22.305533879809541, 63.342991955032339 ], [ 22.268211849230582, 63.473155952961257 ], [ 22.331633775032724, 63.545914911724097 ], [ 22.495292258345696, 63.588486307072728 ], [ 22.559170802947833, 63.693338014804475 ], [ 22.527700663791673, 63.765591400108967 ], [ 22.639527953697918, 63.735097761839491 ], [ 22.686047163450016, 63.83413306914332 ], [ 22.866945876814032, 63.838186532401181 ], [ 22.901251824009581, 63.887705916810525 ], [ 23.076256317429106, 63.862921498829465 ], [ 23.366415126761396, 63.931488772921213 ], [ 23.434803049806579, 64.066195311998612 ], [ 23.617333112406573, 64.048771875317527 ], [ 23.674134111094912, 64.183609778991695 ], [ 24.310990278381539, 64.529576147552476 ], [ 24.632136035835174, 64.823802258521823 ], [ 24.991993600641528, 64.906807765650001 ], [ 25.331153073373617, 64.871268594351577 ], [ 25.299569946998304, 64.963767868899026 ], [ 25.423871910370913, 64.99055450821615 ], [ 25.265448557421987, 65.155052972597545 ], [ 25.291559116514129, 65.440187530641921 ], [ 25.08460758404167, 65.588949522821196 ], [ 25.002521344158151, 65.62711706581635 ], [ 24.531553220122206, 65.668237653107354 ], [ 24.486397663552019, 65.732131966356434 ], [ 24.19549308232067, 65.755736326374233 ], [ 24.0501583442392, 65.986337483524053 ], [ 23.910885322401676, 66.145490020659352 ], [ 23.736720708435648, 66.20204120768345 ], [ 23.66507874527467, 66.288472045026865 ], [ 23.678511981607564, 66.46018556742267 ], [ 23.84058221864548, 66.559982986290819 ], [ 23.970860287339796, 66.832892979146294 ], [ 23.582337686882052, 67.154583528971173 ], [ 23.560577261153142, 67.238147336138852 ], [ 23.739526410748443, 67.336203049663041 ], [ 23.731659535959814, 67.428912763561257 ], [ 23.423764957343082, 67.487200351023603 ], [ 23.539711789053673, 67.60872410775427 ], [ 23.489258517008334, 67.838511969072442 ], [ 23.617683719689861, 67.96632187497903 ], [ 23.180750202532735, 68.147889339295205 ], [ 23.049907458974477, 68.30041278309308 ], [ 22.053522731217431, 68.483869087472257 ], [ 21.899858158799717, 68.577330776964388 ], [ 21.730148664901137, 68.594176185769513 ], [ 21.627544140019364, 68.65883151227338 ], [ 21.429676698735726, 68.693355459526614 ], [ 21.370750119398384, 68.756772344678524 ], [ 20.904864794877149, 68.902831615162029 ], [ 20.793191413914276, 69.019794583630912 ], [ 20.548636558941542, 69.059968546070451 ], [ 20.730045841461404, 69.11139241940289 ], [ 21.050527426387813, 69.050542546921491 ], [ 21.088598843455063, 69.098982833002907 ], [ 21.018146856282367, 69.206143502083918 ], [ 21.299035811208761, 69.307427484273262 ], [ 21.630272534358184, 69.268890535137203 ], [ 21.98361135086391, 69.072893503670642 ], [ 22.455719401899348, 68.722319227466528 ], [ 23.21703132779097, 68.64394040945237 ], [ 23.618878082043882, 68.706054427084254 ], [ 23.917017810906881, 68.826317045662165 ], [ 24.90242413173041, 68.592364161832336 ], [ 25.082746982755072, 68.647869432161713 ], [ 25.255591238086797, 68.834566780041328 ], [ 25.716623877413845, 68.977706350643061 ], [ 25.731618663221923, 69.270778479977722 ], [ 25.999792228474838, 69.697873605210219 ], [ 26.519853084756217, 69.937246349281921 ], [ 27.067950454389024, 69.921286447965443 ], [ 27.888308391177741, 70.078194623114825 ] ] ], [ [ [ 22.892889331025209, 59.858094261225091 ], [ 22.831649734703582, 59.782278915270368 ], [ 22.740544549574675, 59.783421323764649 ], [ 22.77798038222743, 59.861912485515163 ], [ 22.892889331025209, 59.858094261225091 ] ] ], [ [ [ 24.931212174646195, 64.986461802253231 ], [ 24.765500042841254, 64.931754639625339 ], [ 24.56331323605696, 65.050717409387076 ], [ 24.775050511896019, 65.099147219632528 ], [ 24.931212174646195, 64.986461802253231 ] ] ], [ [ [ 22.083876843762074, 60.010574580250726 ], [ 22.034660848389859, 60.007357704477442 ], [ 21.950739902724212, 60.085136729421194 ], [ 22.074440216217518, 60.106303734152746 ], [ 22.083876843762074, 60.010574580250726 ] ] ], [ [ [ 21.94593426972191, 59.99844862243522 ], [ 21.794149126401624, 59.882408111252488 ], [ 21.702582160583145, 59.932743093463365 ], [ 21.905804488619662, 60.025569872389639 ], [ 21.94593426972191, 59.99844862243522 ] ] ], [ [ [ 21.670357451613931, 60.224245458154513 ], [ 21.649788454545728, 59.938026115513949 ], [ 21.583030444138593, 59.947758939821071 ], [ 21.485106008648359, 60.145278555458304 ], [ 21.670357451613931, 60.224245458154513 ] ] ], [ [ [ 21.782424363746667, 60.322494755212226 ], [ 21.723491498603789, 60.26568484930737 ], [ 21.647342473477373, 60.341866782769287 ], [ 21.728079863223584, 60.384505522136841 ], [ 21.782424363746667, 60.322494755212226 ] ] ], [ [ [ 21.579305536687325, 60.352602317697794 ], [ 21.494893869513405, 60.25932703217125 ], [ 21.424665467161155, 60.301235810527388 ], [ 21.504679681400138, 60.366945128213125 ], [ 21.579305536687325, 60.352602317697794 ] ] ], [ [ [ 21.393425405723704, 59.96823139334127 ], [ 21.310277228050911, 59.918227626557098 ], [ 21.215716182235177, 59.959880434148467 ], [ 21.323372524313623, 60.009662190466472 ], [ 21.393425405723704, 59.96823139334127 ] ] ], [ [ [ 21.031338139968298, 59.920048308592833 ], [ 20.945870304188002, 59.878824128139975 ], [ 20.840655054240443, 59.940487294846861 ], [ 20.934019066367362, 59.979902138416584 ], [ 21.031338139968298, 59.920048308592833 ] ] ], [ [ [ 20.894470981324648, 60.538035100165786 ], [ 20.975578054523691, 60.48791692769673 ], [ 21.085433578457913, 60.526721609853929 ], [ 21.070080102404571, 60.293644101629866 ], [ 20.9511314142602, 60.29276392656233 ], [ 20.952100216331637, 60.38977416084829 ], [ 20.847290670039595, 60.468259366119355 ], [ 20.894470981324648, 60.538035100165786 ] ] ], [ [ [ 20.856281474182506, 60.248804458381002 ], [ 20.800474695593213, 60.183682212685127 ], [ 20.687658510515845, 60.197637601713929 ], [ 20.771778223079142, 60.39900620116871 ], [ 20.856281474182506, 60.248804458381002 ] ] ], [ [ [ 20.77462356756881, 60.087853148110298 ], [ 20.721270693931995, 60.022203959142601 ], [ 20.631779318372381, 60.072729744756238 ], [ 20.7065576945465, 60.133632291588228 ], [ 20.77462356756881, 60.087853148110298 ] ] ], [ [ [ 20.628524370458319, 60.070794041733357 ], [ 20.520821217863631, 59.981521850684317 ], [ 20.314716771949307, 60.027078514718148 ], [ 20.476285065248735, 60.133442903447737 ], [ 20.628524370458319, 60.070794041733357 ] ] ], [ [ [ 21.791795102808909, 63.369652995052789 ], [ 21.73327848002684, 63.332832798065134 ], [ 21.664731469313249, 63.446532581137376 ], [ 21.782741649843437, 63.429923513186871 ], [ 21.791795102808909, 63.369652995052789 ] ] ], [ [ [ 20.393205698781845, 60.359128382366244 ], [ 20.407649771281648, 60.202033210180936 ], [ 20.331183542565572, 60.225055132360588 ], [ 20.299977138869139, 60.363291480598349 ], [ 20.393205698781845, 60.359128382366244 ] ] ], [ [ [ 21.444089967692292, 63.247028131899178 ], [ 21.33664356487915, 63.161356389000943 ], [ 21.105897409285419, 63.242313907119225 ], [ 21.123282982558017, 63.323951940856922 ], [ 21.228767327756877, 63.386503032475908 ], [ 21.399196682385735, 63.363063771087013 ], [ 21.444089967692292, 63.247028131899178 ] ] ], [ [ [ 20.057397135051897, 60.426651455277764 ], [ 20.245223213935731, 60.263978763692144 ], [ 20.105147331475766, 60.132083019492732 ], [ 20.185815345599185, 60.098495380504446 ], [ 20.260507483989592, 60.161051593645929 ], [ 20.283421735107503, 60.084427127165029 ], [ 20.17973455123979, 59.987721613683512 ], [ 19.951409505422088, 60.026515438568282 ], [ 19.562386552330373, 60.166727405793466 ], [ 19.46500647569572, 60.276471080526193 ], [ 19.585154829813419, 60.337534678491146 ], [ 19.678441899255048, 60.328224571291166 ], [ 19.758235755267361, 60.421242726375979 ], [ 20.057397135051897, 60.426651455277764 ] ] ], [ [ [ 21.253134725955967, 62.959071289133888 ], [ 21.167768615515019, 62.922852230432191 ], [ 21.105500269137913, 62.984945548342523 ], [ 21.182448941104855, 63.029599428066632 ], [ 21.253134725955967, 62.959071289133888 ] ] ], [ [ [ 20.915469566853112, 62.950352995263238 ], [ 20.84546120950678, 62.928124991097697 ], [ 20.748911211301557, 62.984862137191001 ], [ 20.849861371803502, 63.024112736732299 ], [ 20.915469566853112, 62.950352995263238 ] ] ], [ [ [ 19.380544622544519, 60.238353216567511 ], [ 19.409127231869785, 60.130225911251927 ], [ 19.332958745975887, 60.153415565090796 ], [ 19.277833645027187, 60.235039324756372 ], [ 19.380544622544519, 60.238353216567511 ] ] ] ] } },
{ "type": "Feature", "properties": { "id": "FR", "code": "FR", "name": "France" }, "geometry": { "type": "MultiPolygon", "coordinates": [ [ [ [ 55.808066311401909, -21.321268895098704 ], [ 55.642568773283273, -21.38954108851739 ], [ 55.407029724895189, -21.322653557860907 ], [ 55.29627343378349, -21.231952171391775 ], [ 55.206261313045736, -21.035542625321071 ], [ 55.292417154382612, -20.932120992258699 ], [ 55.418689835613272, -20.879667913889953 ], [ 55.630076390945156, -20.909048334831809 ], [ 55.825616076605407, -21.167475348881922 ], [ 55.808066311401909, -21.321268895098704 ] ] ], [ [ [ 45.209446203022878, -12.901202128998847 ], [ 45.128703544336936, -12.964074598285341 ], [ 45.045713587281654, -12.725166615339205 ], [ 45.102467418061948, -12.677029560813985 ], [ 45.228006675805595, -12.771224838841881 ], [ 45.209446203022878, -12.901202128998847 ] ] ], [ [ [ 9.480496998337909, 42.859353074364336 ], [ 9.461182951467892, 42.67477810013763 ], [ 9.524132259983759, 42.544183042313023 ], [ 9.555625496293633, 42.17833179550658 ], [ 9.402197620613949, 41.858666109174372 ], [ 9.360953620861116, 41.577985074622731 ], [ 9.207267980089251, 41.387366136487145 ], [ 8.838228156576331, 41.534009322549714 ], [ 8.801393342449281, 41.598987170074921 ], [ 8.859455104521965, 41.678186963227624 ], [ 8.722027072831255, 41.748567874312869 ], [ 8.782812267050247, 41.898656558758091 ], [ 8.631274225759023, 41.920107272892885 ], [ 8.709842522068898, 42.061374221738404 ], [ 8.58491931972646, 42.167203477308036 ], [ 8.66309798441794, 42.268988369149568 ], [ 8.591253980716372, 42.375097833882357 ], [ 8.689057108427505, 42.525023150674414 ], [ 8.827267988325806, 42.60107768818375 ], [ 9.147126004340572, 42.727503582150867 ], [ 9.305284160243334, 42.701402006232115 ], [ 9.347162840131455, 42.972402336677824 ], [ 9.407149369546721, 43.001385923473734 ], [ 9.480496998337909, 42.859353074364336 ] ] ], [ [ [ 2.64798639653573, 50.825013780801065 ], [ 2.864349130717774, 50.707492940221599 ], [ 3.016326594667387, 50.774482871766935 ], [ 3.098480837603599, 50.779019139741735 ], [ 3.176995843331754, 50.75616460786275 ], [ 3.313043488517601, 50.521176149041892 ], [ 3.615081370699013, 50.490398972127224 ], [ 3.655510061736411, 50.461735482091576 ], [ 3.704656679268842, 50.326479724734583 ], [ 4.027774357626013, 50.35833050868569 ], [ 4.193851476243881, 50.250116367027829 ], [ 4.15746947372822, 50.169862420530229 ], [ 4.206494055846622, 50.075926067595027 ], [ 4.140853127347617, 49.978760149708634 ], [ 4.432493778654865, 49.941615969513123 ], [ 4.663390216554257, 49.994970607760536 ], [ 4.796697108254327, 50.148678157734864 ], [ 4.869741604169468, 50.128828800594491 ], [ 4.809950780428569, 49.97485706966615 ], [ 4.871562794475356, 49.810970532116045 ], [ 4.96943102038776, 49.80182612480246 ], [ 5.393511244511907, 49.617110893632656 ], [ 5.470716545629636, 49.49732447852081 ], [ 5.734526862018468, 49.545770759716632 ], [ 5.818116879399927, 49.546310570859227 ], [ 5.893386024111964, 49.496944628654013 ], [ 6.367107613804149, 49.469506980058611 ], [ 6.556985812897825, 49.419208385675837 ], [ 6.779377651399126, 49.161800703467925 ], [ 6.93071150464398, 49.216202407563671 ], [ 7.249932039511546, 49.117937664636806 ], [ 7.368755544731484, 49.161458091057298 ], [ 7.478726107329846, 49.157750118956649 ], [ 7.635650928423454, 49.053950390818443 ], [ 7.910654726008721, 49.045163378502401 ], [ 8.232632878579958, 48.966571391283075 ], [ 7.824622052535952, 48.611434856564649 ], [ 7.68071292674086, 48.257267153658709 ], [ 7.576981681665536, 48.119056386950163 ], [ 7.604545128216876, 47.968912849526376 ], [ 7.54599041370216, 47.743573960857233 ], [ 7.589039168443982, 47.589878019553737 ], [ 7.51090573428759, 47.502582579004489 ], [ 7.380893940646048, 47.43189252137509 ], [ 7.223615156659127, 47.430181608127263 ], [ 7.130353228511457, 47.503040429008792 ], [ 6.939185973117248, 47.43370440354736 ], [ 6.937906823371682, 47.375441397603389 ], [ 7.023687589630391, 47.331801895815282 ], [ 6.858913935720634, 47.16529459384396 ], [ 6.463757194756843, 46.933990451994241 ], [ 6.460010995009191, 46.851551541605929 ], [ 6.417484737137087, 46.758608126550492 ], [ 6.138105761744775, 46.557666996075753 ], [ 6.064002809851224, 46.416229118848761 ], [ 6.14553146990148, 46.367102670900351 ], [ 6.125607767618814, 46.317230017215365 ], [ 5.956066776821599, 46.132095503840482 ], [ 6.215235999264411, 46.193952786851483 ], [ 6.260953864526128, 46.243721363439803 ], [ 6.219546988692885, 46.311877919642335 ], [ 6.504427307173385, 46.449805835708531 ], [ 6.821063854843043, 46.427154371898162 ], [ 6.81807307207967, 46.155506907086846 ], [ 7.044886013638479, 45.922413068294127 ], [ 6.802368307845005, 45.778562004915486 ], [ 6.98078642169975, 45.627455526862263 ], [ 7.01188574774983, 45.51196719669624 ], [ 7.104722952318007, 45.468454370064102 ], [ 7.164300076629697, 45.399440462450094 ], [ 7.094370374830631, 45.231261429219209 ], [ 6.630050928584914, 45.109856575043395 ], [ 6.775591579323692, 44.899675728420917 ], [ 6.988237220465876, 44.835134574191017 ], [ 7.065755124527523, 44.713464399341476 ], [ 6.948443098930043, 44.654741985309045 ], [ 6.887427980240159, 44.361286894180829 ], [ 7.023372451500818, 44.239177020811809 ], [ 7.31113633430721, 44.138303684663612 ], [ 7.661688243453211, 44.161871975145246 ], [ 7.714236356735006, 44.061513613180551 ], [ 7.523637345190542, 43.891002934585792 ], [ 7.529860025573349, 43.78401301406538 ], [ 7.437358159376762, 43.751632332052061 ], [ 7.415697031226476, 43.725910507153856 ], [ 7.187306598602907, 43.658625762494395 ], [ 6.93132528273324, 43.480257926477528 ], [ 6.744774448547834, 43.396241955519777 ], [ 6.641323140813007, 43.181072319139197 ], [ 6.34521265832333, 43.102921759580667 ], [ 5.919649730428096, 43.109539506616244 ], [ 5.832089816219137, 43.062715632106979 ], [ 5.671879307449549, 43.179269108609304 ], [ 5.368265088041205, 43.220541337992309 ], [ 5.312121038872657, 43.344282542485388 ], [ 5.082476070103866, 43.334767372779936 ], [ 4.911138438589898, 43.420636371864717 ], [ 4.845158952463463, 43.35801037706586 ], [ 4.636381341192729, 43.358322469054876 ], [ 4.526618873392633, 43.441881139410235 ], [ 4.230280408507965, 43.460183482936522 ], [ 4.101083698063826, 43.554705414953617 ], [ 3.240516155232901, 43.212867460039945 ], [ 3.084212393440687, 43.043587870155257 ], [ 3.047712097756899, 42.859353074624515 ], [ 3.047537957012142, 42.584706533614948 ], [ 3.174022445931382, 42.435239137506656 ], [ 2.884434609406376, 42.460713541330136 ], [ 2.547207086173554, 42.343257135378259 ], [ 2.240354025879403, 42.432130066927662 ], [ 2.040046136854008, 42.361591638155872 ], [ 1.921569238681487, 42.451684998952565 ], [ 1.731010891408831, 42.492400832113177 ], [ 1.725801229804506, 42.504401992398201 ], [ 1.786098653150582, 42.573658103787693 ], [ 1.538226954953386, 42.641196368169709 ], [ 1.442566157058681, 42.603667848750284 ], [ 1.346086379468384, 42.70922164866581 ], [ 0.858215052673562, 42.825741153698694 ], [ 0.715484319555137, 42.843456297618985 ], [ 0.670759356548681, 42.679686687598746 ], [ 0.477670137657815, 42.700047380608716 ], [ 0.01081640494592, 42.697023550417256 ], [ -0.120433341113095, 42.746639395140178 ], [ -0.313341956515901, 42.84936493228723 ], [ -0.55151808873145, 42.796207564319829 ], [ -0.656193984387015, 42.859353074301914 ], [ -0.754234952462883, 42.960269628532501 ], [ -1.4028965534869, 43.064071330050197 ], [ -1.436838575784401, 43.25126756128406 ], [ -1.728903006250957, 43.296088949382117 ], [ -1.785981393981024, 43.350584323511072 ], [ -1.524757116953306, 43.529595122772562 ], [ -1.440412084407503, 43.656017586427382 ], [ -1.254085936527999, 44.467638531365026 ], [ -1.114076309637422, 44.684692847140845 ], [ -1.230277232428422, 44.79527042193611 ], [ -1.13072053758711, 45.487607709950588 ], [ -1.079183152856306, 45.517600572807353 ], [ -0.793786692048981, 45.328431025993495 ], [ -0.714825320424344, 45.32836998828202 ], [ -0.796602163385587, 45.471370837249196 ], [ -1.200916426475068, 45.695312867848912 ], [ -1.362532242974425, 45.969542164280405 ], [ -1.291298566106059, 45.988841880563143 ], [ -1.184610709375441, 45.837397400423356 ], [ -1.126694573335724, 45.865756345861996 ], [ -1.090252894308313, 46.031978389009062 ], [ -1.186370701467455, 46.175504448435383 ], [ -1.079183153253363, 46.319312514434849 ], [ -1.234191655699278, 46.286630129785898 ], [ -1.761430372579071, 46.475220872239454 ], [ -2.143223637277045, 46.869223648211374 ], [ -1.980464576329756, 47.028722057743714 ], [ -2.168661623444805, 47.140320622014791 ], [ -2.188536371473623, 47.254184452815927 ], [ -2.473674931384082, 47.295728751146754 ], [ -2.513304061568838, 47.368147871524286 ], [ -2.458475858559114, 47.448005033758136 ], [ -2.563469060690208, 47.530649545375603 ], [ -2.719308324586537, 47.512446244334782 ], [ -3.139240859691569, 47.606908210366946 ], [ -3.429273919980749, 47.718251314689574 ], [ -3.525857998704349, 47.811156746535588 ], [ -4.356272871131643, 47.884678318646884 ], [ -4.511780904409725, 48.029086551614384 ], [ -4.431435309125332, 48.15323323964418 ], [ -4.478720053065772, 48.269430602654758 ], [ -4.425187445551249, 48.326827370603631 ], [ -4.613007096370491, 48.357848652081799 ], [ -4.696013872280089, 48.438712103564029 ], [ -4.591670317999681, 48.575722536967291 ], [ -4.246361500031717, 48.669135592351466 ], [ -3.659154031212672, 48.659423919082364 ], [ -3.512505872743211, 48.807857255205271 ], [ -3.139240859028575, 48.849451549502575 ], [ -2.707754751384997, 48.544975572131698 ], [ -2.367149097901984, 48.656237152909256 ], [ -2.123826906227955, 48.604825450356977 ], [ -1.948536339629269, 48.681006924022469 ], [ -1.761000316005021, 48.616808883135846 ], [ -1.512295638393846, 48.61739583862267 ], [ -1.474623578459898, 48.64247370097651 ], [ -1.592533082001549, 48.814775726688701 ], [ -1.562913117095908, 48.981491696171858 ], [ -1.614406544918901, 49.194849457399968 ], [ -1.830896706642238, 49.459395742467144 ], [ -1.925254270344486, 49.709914747502616 ], [ -1.612693154048296, 49.653164615879554 ], [ -1.324800912519879, 49.687417206883069 ], [ -1.247385804121674, 49.633162846865588 ], [ -1.284473020358286, 49.530739237735801 ], [ -1.119587380122807, 49.322266925492094 ], [ -1.018435063050158, 49.392212198286153 ], [ -0.20802191618361, 49.285733154570913 ], [ 0.500980471411772, 49.478106670424417 ], [ 0.583452203826553, 49.43380962548116 ], [ 0.62099589232974, 49.431276013653076 ], [ 0.581312997511764, 49.438105576598616 ], [ 0.506057858227535, 49.485968888846216 ], [ 0.385110237223885, 49.452570347191411 ], [ 0.216368999930184, 49.451092104424127 ], [ 0.122182035983922, 49.471191543511125 ], [ 0.076592943294412, 49.521738956352664 ], [ 0.216369000550784, 49.715744349226412 ], [ 0.586943438416493, 49.849126295663289 ], [ 1.081627265293178, 49.93388733202675 ], [ 1.379640261684281, 50.06512050671364 ], [ 1.599205102744963, 50.213340428802127 ], [ 1.555212474579022, 50.328265865958755 ], [ 1.644737129826385, 50.350412975607171 ], [ 1.566440532678766, 50.431911366888414 ], [ 1.599535226242177, 50.862149119288048 ], [ 2.067728710642824, 51.006630452946105 ], [ 2.546088192167626, 51.089388267936542 ], [ 2.64798639653573, 50.825013780801065 ] ], [ [ -2.006870834744054, 48.56609071127324 ], [ -1.968371203363402, 48.537276616180961 ], [ -1.972236378652047, 48.578127288888581 ], [ -2.006870834744054, 48.56609071127324 ] ] ], [ [ [ -1.220608271890713, 46.175981594422389 ], [ -1.304137269375176, 46.126378916086374 ], [ -1.400348920036054, 46.16643716301121 ], [ -1.291932428882001, 46.216819757152734 ], [ -1.220608271890713, 46.175981594422389 ] ] ], [ [ [ -2.239348133545598, 47.045115867704695 ], [ -2.22903611053198, 46.956457553034269 ], [ -2.31601174446115, 46.970910727618538 ], [ -2.34667927939641, 47.053109396008274 ], [ -2.239348133545598, 47.045115867704695 ] ] ], [ [ [ -3.137022784317019, 47.301853556004325 ], [ -3.216128930550172, 47.29129330136422 ], [ -3.303198762110202, 47.366634121535441 ], [ -3.187475761315582, 47.380023790076649 ], [ -3.137022784317019, 47.301853556004325 ] ] ], [ [ [ -4.754225829675789, 48.019323519272866 ], [ -4.843223797185467, 47.990580410665935 ], [ -4.931747917781148, 48.038762036446059 ], [ -4.835806797448914, 48.080683178106419 ], [ -4.754225829675789, 48.019323519272866 ] ] ], [ [ [ -52.571923074839937, 2.520452072198195 ], [ -52.903545662340093, 2.213664230714962 ], [ -53.158718508623309, 2.210708766721683 ], [ -53.323058308174396, 2.307308055393241 ], [ -53.537317635564698, 2.267020690473454 ], [ -53.782473526004161, 2.341431027331148 ], [ -54.160510028950853, 2.139084726759136 ], [ -54.434720701007365, 2.216515651249733 ], [ -54.600285869026905, 2.337452207033671 ], [ -54.392441870008859, 2.484558052874725 ], [ -54.23934782808616, 2.740029076338271 ], [ -54.176330858727809, 3.173956147411949 ], [ -54.007752417769055, 3.505518783664133 ], [ -54.336655001561944, 4.030603258488462 ], [ -54.441372126982998, 4.414555700623041 ], [ -54.4703088487448, 4.885697723544647 ], [ -54.299212789048447, 5.234903606543519 ], [ -54.054107769913159, 5.493979732611376 ], [ -54.024883424827586, 5.62798733914993 ], [ -53.967745133476711, 5.745115674595046 ], [ -52.92271434616395, 5.428315178645883 ], [ -52.39059081508001, 4.951808444703213 ], [ -51.827425780702846, 4.636077865764706 ], [ -51.624285639040082, 4.200962315746438 ], [ -51.662050052816731, 4.065421501147684 ], [ -52.315893125392513, 3.17693204246897 ], [ -52.571923074839937, 2.520452072198195 ] ] ], [ [ [ -63.01924550376269, 18.055797053053535 ], [ -63.088293005858127, 18.046249031246646 ], [ -63.100296889663149, 18.072163387209311 ], [ -63.052155774035299, 18.09952999633617 ], [ -63.01924550376269, 18.055797053053535 ] ] ], [ [ [ -61.466074653005144, 16.50608602463252 ], [ -61.24917947897687, 16.277251416938366 ], [ -61.565472699308565, 16.215981981615492 ], [ -61.573128874281913, 16.031128007449894 ], [ -61.690511021392894, 15.946400150610767 ], [ -61.77361226017355, 16.047347102962739 ], [ -61.822382674227249, 16.273708393454616 ], [ -61.740901741130983, 16.350301949881363 ], [ -61.545035227176527, 16.313257431735209 ], [ -61.466074653005144, 16.50608602463252 ] ] ], [ [ [ -61.191432235515762, 15.918143246805636 ], [ -61.277914332082744, 15.8686872883014 ], [ -61.357957222991374, 15.934446971222137 ], [ -61.268272619073258, 15.998670358157911 ], [ -61.191432235515762, 15.918143246805636 ] ] ], [ [ [ -60.921996548063227, 14.731966555268974 ], [ -60.805904520984662, 14.472184798209451 ], [ -61.064687709539413, 14.4979080433123 ], [ -61.255277093920697, 14.763146751046108 ], [ -60.921996548063227, 14.731966555268974 ] ] ] ] } },
{ "type": "Feature", "properties": { "id": "HR", "code": "HR", "name": "Hrvatska" }, "geometry": { "type": "MultiPolygon", "coordinates": [ [ [ [ 16.596804964532385, 46.47590243718723 ], [ 16.854754874494606, 46.35044098148223 ], [ 16.876043515010554, 46.32060244865044 ], [ 17.142920907861392, 46.165739235094073 ], [ 17.294325238383156, 45.988544468928048 ], [ 17.560927440510845, 45.927279386098363 ], [ 17.651498945426951, 45.847835499315266 ], [ 17.912089395644763, 45.790780647354524 ], [ 18.440061128804789, 45.754164053214467 ], [ 18.671683112098741, 45.895819368855619 ], [ 18.889734226918243, 45.921180385274695 ], [ 18.872714159595638, 45.820678086362562 ], [ 18.959255696339238, 45.731861338844439 ], [ 18.930541004809093, 45.567537479726852 ], [ 19.062750391729626, 45.527687771428369 ], [ 19.005261752422548, 45.434630634084492 ], [ 19.006952593461367, 45.367975457717769 ], [ 19.396504645333259, 45.226193590672807 ], [ 19.42525675518722, 45.167717515388475 ], [ 19.228016445474442, 45.181959109626341 ], [ 19.102741742356482, 45.114799485687286 ], [ 19.12915645598677, 44.946331283352364 ], [ 19.015174366812811, 44.897311115599763 ], [ 19.022069416566858, 44.855353935858737 ], [ 19.004920775435927, 44.854158609139297 ], [ 18.830257255294644, 44.870932885138231 ], [ 18.785681341582027, 44.966247033912097 ], [ 18.708359754435026, 45.037653859316563 ], [ 18.529553109873913, 45.088251286210699 ], [ 18.48340910560248, 45.061264541416342 ], [ 18.279048116076851, 45.120243838225143 ], [ 18.197291263951779, 45.078847556206384 ], [ 18.02253769487406, 45.14091024039314 ], [ 17.843007373451975, 45.057618005173907 ], [ 17.681943403642446, 45.120155842643925 ], [ 17.141192856802331, 45.163287926572117 ], [ 16.945102994489424, 45.244402348721287 ], [ 16.801571174891301, 45.192849737092182 ], [ 16.539576422383259, 45.224791215306446 ], [ 16.288761195675868, 44.995689667959937 ], [ 16.014531759150913, 45.195079629726486 ], [ 15.840033894901905, 45.22453704346276 ], [ 15.73672187905445, 44.935631047919351 ], [ 15.770413664144106, 44.782888088472696 ], [ 16.01112567798031, 44.65697692311916 ], [ 16.132056068872259, 44.45460778629883 ], [ 16.194874830422254, 44.264738403442344 ], [ 16.172855343560887, 44.210380450187699 ], [ 16.544347754571778, 43.974178334828672 ], [ 17.013913334060661, 43.57620617599575 ], [ 17.2548589852452, 43.465562341589447 ], [ 17.317794157471688, 43.295816985172998 ], [ 17.450725956451741, 43.176943239598806 ], [ 17.679677964212534, 43.022905194234255 ], [ 17.684746246790457, 42.974287821662507 ], [ 17.575776111818097, 42.936872876889311 ], [ 17.515759942722372, 42.862360314200465 ], [ 17.238529420488902, 42.937861312425056 ], [ 17.356053558136644, 43.084161137849421 ], [ 16.815790761842653, 43.405197536697791 ], [ 16.349022243616439, 43.536362453779319 ], [ 16.146578301477309, 43.457505130065208 ], [ 16.016525795516028, 43.501909958352407 ], [ 15.558876826706815, 43.871878659022151 ], [ 15.355896889371392, 43.962624936614645 ], [ 15.138635941581869, 44.327132413443508 ], [ 15.289482110492266, 44.363242547887367 ], [ 14.943564864316105, 44.566150159727606 ], [ 14.88127628373635, 45.031146917321202 ], [ 14.77288406470012, 45.088933481270637 ], [ 14.721993818980025, 44.972361723628268 ], [ 14.549687101348448, 45.025598223938388 ], [ 14.508566651825976, 45.241378004079749 ], [ 14.408459921103656, 45.310873554336688 ], [ 14.31330495832656, 45.294505848071161 ], [ 14.226404025447147, 45.153780500202565 ], [ 13.965623069812652, 44.827057665623919 ], [ 13.894558986470381, 44.816040745243953 ], [ 13.603876420310099, 45.157976419590618 ], [ 13.533980518088526, 45.409862913035823 ], [ 13.585056297972038, 45.478721960342853 ], [ 13.921488758087223, 45.437637960503999 ], [ 14.001949577331645, 45.520062662891277 ], [ 14.118196295984204, 45.481239102693145 ], [ 14.356950188379294, 45.484497934704663 ], [ 14.502525670534096, 45.579686990682426 ], [ 14.569820646375678, 45.672429028495763 ], [ 14.599410695307144, 45.631652716510573 ], [ 14.844816541009743, 45.469216683917679 ], [ 14.96249307419345, 45.511159546946082 ], [ 15.057328790342726, 45.492308922077065 ], [ 15.226437266274834, 45.427088048602336 ], [ 15.357790718329376, 45.48031934048916 ], [ 15.297424709170842, 45.585687329359921 ], [ 15.330212923219612, 45.668654040103938 ], [ 15.259645549481737, 45.726086015696978 ], [ 15.478899825359472, 45.827496029634119 ], [ 15.662412526555379, 45.846447754266592 ], [ 15.719908721354866, 46.054871456506696 ], [ 15.627262053073553, 46.085953418674194 ], [ 15.635970793183498, 46.185789907338041 ], [ 15.674853215916231, 46.227124035153935 ], [ 15.771852860240219, 46.224317066948416 ], [ 15.791475514417872, 46.259327495398814 ], [ 15.97188632488889, 46.307131484023387 ], [ 16.068875268473597, 46.350385229948458 ], [ 16.058116683776692, 46.39356600282953 ], [ 16.30154886347351, 46.378287902876245 ], [ 16.242148436167444, 46.490075568774294 ], [ 16.344073705581319, 46.541102005725669 ], [ 16.596804964532385, 46.47590243718723 ] ] ], [ [ [ 18.438103880178378, 42.555705067591333 ], [ 18.525291915855671, 42.420556032416435 ], [ 17.773899226661332, 42.792058626743696 ], [ 17.605409763602591, 42.837945069618094 ], [ 17.649156620915484, 42.888923406143626 ], [ 17.862581803308089, 42.859353074112718 ], [ 18.236319192467928, 42.620531659556427 ], [ 18.324838319347524, 42.617125877330828 ], [ 18.438103880178378, 42.555705067591333 ] ] ], [ [ [ 16.984260982641313, 42.762507502822764 ], [ 16.894553974481248, 42.709793301269563 ], [ 16.798341285686071, 42.749772244334281 ], [ 16.894204199984927, 42.796577826464684 ], [ 16.984260982641313, 42.762507502822764 ] ] ], [ [ [ 16.957413072472171, 43.128502287418804 ], [ 16.895529843110616, 43.089123646988405 ], [ 16.788514630915394, 43.13640194736108 ], [ 16.895152545358862, 43.184698166835631 ], [ 16.957413072472171, 43.128502287418804 ] ] ], [ [ [ 16.735952964548567, 43.130910729428216 ], [ 16.634254969827257, 43.099060259805398 ], [ 16.507315345282638, 43.171133428624266 ], [ 16.650477947619898, 43.205655176378329 ], [ 16.735952964548567, 43.130910729428216 ] ] ], [ [ [ 16.748079933421412, 43.308321778880099 ], [ 16.585570324239125, 43.238993497187082 ], [ 16.383053941585693, 43.331553652663452 ], [ 16.570984187488946, 43.407375102052832 ], [ 16.748079933421412, 43.308321778880099 ] ] ], [ [ [ 16.337823885451762, 42.362034742648042 ], [ 16.261795266774403, 42.346410141940439 ], [ 16.170400427973831, 42.412157661666782 ], [ 16.270635665629953, 42.440162240045439 ], [ 16.337823885451762, 42.362034742648042 ] ] ], [ [ [ 16.392329538617535, 43.340851678032813 ], [ 16.318551641144733, 43.31354764357858 ], [ 16.257974540244817, 43.374980596263043 ], [ 16.338830764158349, 43.428521426523226 ], [ 16.392329538617535, 43.340851678032813 ] ] ], [ [ [ 16.218142951029815, 43.053935732246117 ], [ 16.13536428886956, 43.003535351943796 ], [ 16.037338863755249, 43.049974841475041 ], [ 16.135331278253805, 43.092799242826956 ], [ 16.218142951029815, 43.053935732246117 ] ] ], [ [ [ 15.368451891924263, 43.778423627831202 ], [ 15.318572858569386, 43.766604790889289 ], [ 15.215577567635041, 43.836366636912636 ], [ 15.250473455441178, 43.881639658946654 ], [ 15.315478997513798, 43.885813442540247 ], [ 15.368555982549102, 43.834172729533122 ], [ 15.368451891924263, 43.778423627831202 ] ] ], [ [ [ 15.212498432094721, 43.901643657443927 ], [ 15.190281265917459, 43.87899101278127 ], [ 15.163348086403998, 43.902522377065566 ], [ 15.189698911053163, 43.924245515180068 ], [ 15.212498432094721, 43.901643657443927 ] ] ], [ [ [ 15.174773170573991, 43.91678929329553 ], [ 15.104562919100109, 43.90807646359773 ], [ 15.054729115466388, 43.972751297539425 ], [ 15.125669869577418, 43.984282096509382 ], [ 15.174773170573991, 43.91678929329553 ] ] ], [ [ [ 14.969217589216424, 44.535451567271288 ], [ 15.021774192099423, 44.451704513685904 ], [ 14.916887123312195, 44.456511091373294 ], [ 14.863365404012038, 44.521158163503308 ], [ 14.969217589216424, 44.535451567271288 ] ] ], [ [ [ 14.961382364528045, 44.196762671292731 ], [ 14.963836920278544, 44.092829577838252 ], [ 14.900417135476316, 44.118063721834289 ], [ 14.849291263977578, 44.209695933619351 ], [ 14.961382364528045, 44.196762671292731 ] ] ], [ [ [ 14.847338330877472, 44.382556660679626 ], [ 14.769340858983448, 44.345729395385469 ], [ 14.715786980145326, 44.44389111075855 ], [ 14.804536422663849, 44.452005054435105 ], [ 14.847338330877472, 44.382556660679626 ] ] ], [ [ [ 14.796774346602563, 44.760333356580681 ], [ 14.763075528439773, 44.746703297308706 ], [ 14.636631420721061, 44.790493061817045 ], [ 14.67461777955606, 44.840907368377103 ], [ 14.710784774735904, 44.84751390054938 ], [ 14.796774346602563, 44.760333356580681 ] ] ], [ [ [ 14.606726435937441, 44.511161781317767 ], [ 14.556200933806723, 44.427179946490817 ], [ 14.468086740491914, 44.476934153049271 ], [ 14.547529786077854, 44.541451792836391 ], [ 14.606726435937441, 44.511161781317767 ] ] ], [ [ [ 14.413841991970004, 44.630797864584515 ], [ 14.46767829753737, 44.520363174358401 ], [ 14.357632706051955, 44.543406406842145 ], [ 14.329918053001764, 44.593310878920931 ], [ 14.413841991970004, 44.630797864584515 ] ] ], [ [ [ 14.473989199575943, 44.963685133654423 ], [ 14.47569737215702, 44.625457688569135 ], [ 14.360932092065449, 44.685122469421685 ], [ 14.309540966648022, 44.919215037851771 ], [ 14.421090500341903, 44.996572189720865 ], [ 14.473989199575943, 44.963685133654423 ] ] ], [ [ [ 14.375707042712575, 45.0707736366763 ], [ 14.315729855297233, 45.058567869042804 ], [ 14.258302113821404, 45.124480791585711 ], [ 14.351083490524035, 45.179863150013546 ], [ 14.375707042712575, 45.0707736366763 ] ] ] ] } },
{ "type": "Feature", "properties": { "id": "HU", "code": "HU", "name": "Magyarország" }, "geometry": { "type": "Polygon", "coordinates": [ [ [ 21.417283972878394, 48.566357001150472 ], [ 21.602601214278195, 48.492776663793109 ], [ 21.765968220504966, 48.347171315199468 ], [ 22.130422882566023, 48.380144093294078 ], [ 22.155305928265857, 48.403396528291104 ], [ 22.207222927289596, 48.415940200776205 ], [ 22.370331628193256, 48.25359093409228 ], [ 22.531912540428163, 48.219747998430549 ], [ 22.626287257712129, 48.105122879835633 ], [ 22.825931915893335, 48.097064594760184 ], [ 22.896270513298973, 47.954120534091558 ], [ 22.693776774486114, 47.802332676646081 ], [ 22.271069142245565, 47.721615402929096 ], [ 22.180837315509567, 47.60009435743855 ], [ 22.128230234699458, 47.59808935441886 ], [ 21.798781904559362, 47.132297528949465 ], [ 21.658955200081223, 47.022131523723623 ], [ 21.441398021259612, 46.651467104929772 ], [ 21.314099507611033, 46.597395896694401 ], [ 21.293305446736365, 46.430624462158541 ], [ 21.155802178113145, 46.308366748693693 ], [ 21.04128001954172, 46.25158220448936 ], [ 20.775600194482472, 46.275909916160835 ], [ 20.705303478874171, 46.160937350966272 ], [ 20.264296224765818, 46.126373643191954 ], [ 19.865389789565892, 46.150334617041786 ], [ 19.698098775235206, 46.187930896303286 ], [ 19.572542475865731, 46.167764917449524 ], [ 19.302709396396335, 45.991550553510166 ], [ 19.11061960656118, 46.017029947409547 ], [ 19.023358659648615, 45.936491362855882 ], [ 18.671683112098741, 45.895819368855619 ], [ 18.440061128804789, 45.754164053214467 ], [ 17.912089395644763, 45.790780647354524 ], [ 17.651498945426951, 45.847835499315266 ], [ 17.560927440510845, 45.927279386098363 ], [ 17.294325238383156, 45.988544468928048 ], [ 17.142920907861392, 46.165739235094073 ], [ 16.876043515010554, 46.32060244865044 ], [ 16.854754874494606, 46.35044098148223 ], [ 16.539576423583966, 46.49876000998222 ], [ 16.501053125766106, 46.565903206294294 ], [ 16.390379310087031, 46.638222252940494 ], [ 16.370793261080035, 46.722243534061995 ], [ 16.31216147079326, 46.778002425408737 ], [ 16.346938412431925, 46.834465624799968 ], [ 16.297566577861904, 46.866372461711386 ], [ 16.134600967539935, 46.856080984821808 ], [ 16.113849224648447, 46.869068117143819 ], [ 16.456144163039866, 47.025006569137382 ], [ 16.433761690702887, 47.352918665367746 ], [ 16.646220083977436, 47.446596932575964 ], [ 16.687789202225311, 47.570231612343711 ], [ 16.539576423400167, 47.636691180811596 ], [ 16.421542384692948, 47.66529808788647 ], [ 16.567155430437559, 47.73015455769378 ], [ 17.030464278363077, 47.713092678995864 ], [ 17.160797384405882, 48.00665656242419 ], [ 17.247427296701833, 48.012008995987046 ], [ 17.705436496202939, 47.758992498011835 ], [ 17.893922756242731, 47.739456968348911 ], [ 18.849373507529343, 47.817225239212675 ], [ 18.78025765188594, 47.874650664989453 ], [ 18.781690558509471, 47.959771993214382 ], [ 18.92839250167021, 48.056743140308285 ], [ 19.014322597321353, 48.077736526989533 ], [ 19.456300225266837, 48.101941562902674 ], [ 19.618975185879155, 48.236084572363161 ], [ 19.907835561683214, 48.14588694642174 ], [ 20.051878785909643, 48.167704144531918 ], [ 20.324878706653351, 48.289022570744471 ], [ 20.463936983430447, 48.463966988069295 ], [ 20.689868851271662, 48.562236010258054 ], [ 21.115185589247343, 48.508192219315596 ], [ 21.417283972878394, 48.566357001150472 ] ] ] } },
{ "type": "Feature", "properties": { "id": "IE", "code": "IE", "name": "Éire/Ireland" }, "geometry": { "type": "MultiPolygon", "coordinates": [ [ [ [ -7.037496799490671, 55.241183658550874 ], [ -7.256068589437315, 55.067034966999827 ], [ -7.381578008966718, 55.004709297482307 ], [ -7.569371129981596, 54.762916288997587 ], [ -7.82091934579245, 54.69825346804442 ], [ -7.703411741741595, 54.60828787419409 ], [ -7.996290759500571, 54.533851330992896 ], [ -8.131701304629352, 54.429608629232455 ], [ -7.835656626254178, 54.223655250767038 ], [ -7.529851643770978, 54.13216099778964 ], [ -7.34325483841132, 54.142120196582376 ], [ -7.180783253549619, 54.223065497072227 ], [ -7.188510303459504, 54.337681028029536 ], [ -7.018495297523678, 54.407485340035969 ], [ -6.864229730664453, 54.330165639712213 ], [ -6.78910778363301, 54.213434764134547 ], [ -6.643909148872876, 54.18001940103909 ], [ -6.595093107251577, 54.044582470472918 ], [ -6.268015422127919, 54.102337006048003 ], [ -6.179660011606451, 54.041458495754462 ], [ -6.133085125390852, 54.030037622289335 ], [ -6.108849551502486, 54.00035990484173 ], [ -6.179660012234653, 53.979318139702187 ], [ -6.325185688772136, 54.00352105166985 ], [ -6.367960083329238, 53.959043574807858 ], [ -6.354377802685178, 53.904172727903216 ], [ -6.248928394819181, 53.848850474677654 ], [ -6.249874920679797, 53.730840432598121 ], [ -6.213106854621444, 53.633641410607353 ], [ -6.092849631981448, 53.537828566016621 ], [ -6.20112502337276, 53.3427166652599 ], [ -6.10321204172752, 53.210621044714109 ], [ -6.017544434533511, 52.943958192449493 ], [ -6.144516329922278, 52.73769640665023 ], [ -6.219952302484348, 52.54446081711751 ], [ -6.427907315877322, 52.331394882553724 ], [ -6.338404174148932, 52.239007921646639 ], [ -6.366477625480706, 52.189045361181378 ], [ -6.960115126599226, 52.216739602694659 ], [ -7.028952147395056, 52.143096554217323 ], [ -7.442806041174263, 52.123078845546175 ], [ -7.573808363571151, 52.074665525670532 ], [ -7.627381276649123, 51.987923925224081 ], [ -7.842156246500953, 51.954218583007034 ], [ -8.63858635781088, 51.619500346008898 ], [ -9.344660543080971, 51.491339001277368 ], [ -9.564756118565978, 51.536183354119821 ], [ -9.704991586569069, 51.649726939010115 ], [ -9.923953410149494, 51.652415367839879 ], [ -10.000024992620668, 51.764995390015251 ], [ -10.29476867170502, 51.867707108216528 ], [ -10.135265851356834, 52.06926274560108 ], [ -10.330535340456304, 52.128651515412464 ], [ -10.33490748417735, 52.194470080378544 ], [ -9.955317202647104, 52.270596639530318 ], [ -9.713909757706723, 52.492955560124287 ], [ -9.365202981713368, 52.572118790795962 ], [ -9.664812817565963, 52.652030970662878 ], [ -9.491207474386606, 52.800957285809922 ], [ -9.293382190248359, 53.09459495241888 ], [ -9.00930869330549, 53.140817575809407 ], [ -9.121368964304569, 53.246996958257562 ], [ -9.752346130257814, 53.258225240290393 ], [ -10.102438760057616, 53.476481060301637 ], [ -9.769763496719504, 53.809488903679572 ], [ -9.890026121259718, 53.984184619342727 ], [ -9.985894054175768, 53.997817823999199 ], [ -9.960793357580386, 54.112482416789327 ], [ -10.047047657488834, 54.201900048391529 ], [ -10.018858806566021, 54.255339124502449 ], [ -9.745573835219318, 54.327156176758663 ], [ -9.411249492566789, 54.313508179371986 ], [ -9.128069069203276, 54.16825809872887 ], [ -9.002099111082497, 54.2712868286063 ], [ -8.673771298326423, 54.28700087363319 ], [ -8.246654856619564, 54.549191627954869 ], [ -8.256581604334894, 54.604257799984964 ], [ -8.476455927645819, 54.605169639206025 ], [ -8.673234730626934, 54.692609722163944 ], [ -8.470272605826983, 54.845351503121279 ], [ -8.420471325501564, 55.00742629316025 ], [ -8.327489748621421, 55.094077807114566 ], [ -7.71218650442529, 55.234462783344796 ], [ -7.539589622043225, 55.114995761682344 ], [ -7.488445226700736, 55.252140469773266 ], [ -7.325121657810944, 55.334385402969176 ], [ -7.037496799490671, 55.241183658550874 ] ] ], [ [ [ -8.464967923494392, 54.993632458763457 ], [ -8.503503326270497, 54.94955292941254 ], [ -8.619693273463449, 54.960251452070047 ], [ -8.538108377791792, 55.046397147929383 ], [ -8.464967923494392, 54.993632458763457 ] ] ], [ [ [ -9.665457503298873, 51.494514994239452 ], [ -9.729969380437158, 51.44503346629709 ], [ -9.83909371250712, 51.496659925625032 ], [ -9.740424555420999, 51.538112165158779 ], [ -9.665457503298873, 51.494514994239452 ] ] ] ] } },
{ "type": "Feature", "properties": { "id": "IS", "code": "IS", "name": "Ísland" }, "geometry": { "type": "MultiPolygon", "coordinates": [ [ [ [ -15.823795228316145, 66.400726418556516 ], [ -15.526093474838053, 66.228655437151616 ], [ -15.057706691739568, 66.250973117897331 ], [ -14.964303660680324, 66.103004425650667 ], [ -14.73073041288654, 65.965416962539422 ], [ -14.634108059893537, 65.788058386862943 ], [ -13.79647567852339, 65.520039341295742 ], [ -13.650096650527786, 65.27735895651297 ], [ -13.633952605942847, 65.093721127978725 ], [ -13.8149704652542, 64.993506854588347 ], [ -13.912107555208086, 64.814128206351043 ], [ -14.192333280981495, 64.694942965557104 ], [ -14.392817034093614, 64.70299563662283 ], [ -14.601409370805273, 64.41133493953653 ], [ -14.96360585793302, 64.264344342557109 ], [ -15.367676409806247, 64.275434111482241 ], [ -15.971133882873445, 64.122849934503165 ], [ -16.667687501164238, 63.807619184011806 ], [ -17.573036974886772, 63.731997599939611 ], [ -18.090590483011493, 63.489604258853511 ], [ -18.683049013543112, 63.403512176702328 ], [ -19.125791188147904, 63.406720179763447 ], [ -20.203162122457144, 63.548769554530658 ], [ -21.206471666603971, 63.868071753355132 ], [ -22.695191158370164, 63.819959594437989 ], [ -22.733434295949202, 63.984300770014954 ], [ -22.668859684716619, 64.066315325660526 ], [ -22.468304124069629, 63.973352852285984 ], [ -22.12550702405078, 64.040599067378338 ], [ -21.835712942447014, 64.185676109494239 ], [ -21.840677363744518, 64.261504679355127 ], [ -21.740292964769878, 64.330309642206089 ], [ -21.370047817256623, 64.38032600900533 ], [ -21.899931810259115, 64.359969437570115 ], [ -22.481709948228076, 64.730953074587887 ], [ -23.221367806845407, 64.820743294461224 ], [ -23.865266411581121, 64.7286521541361 ], [ -24.012792994601011, 64.897593884810007 ], [ -23.639991910264758, 64.890395704882579 ], [ -22.647307882429256, 65.053964032055063 ], [ -22.223879056731338, 65.362148763561137 ], [ -22.255284205114982, 65.474465011587398 ], [ -22.519568690195495, 65.537310961962049 ], [ -23.797217922579041, 65.447884271627942 ], [ -24.169124723848739, 65.572230052345759 ], [ -23.956622504411616, 65.720421570267959 ], [ -23.646860649672579, 65.721772997934735 ], [ -23.679053332844315, 65.972381615695937 ], [ -23.493887556159976, 66.12124502382882 ], [ -22.550217070112826, 65.997212668876259 ], [ -22.567672857590797, 66.083179633326949 ], [ -22.829316286592185, 66.350147745668636 ], [ -22.716580185512544, 66.411894927304175 ], [ -22.303563311061762, 66.360744095909737 ], [ -21.517663398395943, 66.008212437057907 ], [ -21.400231731746775, 65.850284207684865 ], [ -21.384488134827667, 65.611328846725399 ], [ -21.095302064553845, 65.383424295304593 ], [ -20.794081281756927, 65.586594396281427 ], [ -20.411048774446268, 65.706313479425546 ], [ -20.335719386960076, 65.970285923883523 ], [ -20.241128346976819, 66.048769391894993 ], [ -20.091079081881116, 66.037203450016193 ], [ -19.732094684303146, 65.847570329385633 ], [ -19.535255530598505, 65.808567065965761 ], [ -19.265622171543676, 66.049136337033843 ], [ -18.798053316667982, 66.134462526189495 ], [ -18.200995169349635, 65.850134858059008 ], [ -18.213241315434924, 66.034169013833477 ], [ -18.167589325774571, 66.100374656447485 ], [ -17.46027406411045, 66.033987889933698 ], [ -17.124988559060583, 66.157187361476389 ], [ -16.626947066041218, 66.211465434139541 ], [ -16.412499599812676, 66.451106820889351 ], [ -16.108803696323122, 66.486465290573548 ], [ -15.823795228316145, 66.400726418556516 ] ] ], [ [ [ -20.223875558114315, 63.393787926526173 ], [ -20.306913093067486, 63.390563492214106 ], [ -20.372890110858794, 63.460293717674887 ], [ -20.249243898508787, 63.473133089912785 ], [ -20.223875558114315, 63.393787926526173 ] ] ] ] } },
{ "type": "Feature", "properties": { "id": "IT", "code": "IT", "name": "Italia" }, "geometry": { "type": "MultiPolygon", "coordinates": [ [ [ [ 12.142597183940266, 46.997157717979235 ], [ 12.164068756483024, 46.914875288388437 ], [ 12.477924086306549, 46.67983561070659 ], [ 12.69063519592004, 46.656972038128821 ], [ 12.731393018169976, 46.634288097736928 ], [ 13.504249359530172, 46.56630384612243 ], [ 13.714185081104839, 46.522703436818034 ], [ 13.684031873864656, 46.437472358623261 ], [ 13.402879967444214, 46.300137003372249 ], [ 13.459856148679817, 46.224708681805673 ], [ 13.633614378458894, 46.191790826778465 ], [ 13.664051766610068, 46.170440605462993 ], [ 13.496939052950424, 46.051335023391523 ], [ 13.518262723293041, 45.978419272764235 ], [ 13.620869161530226, 45.984596023041995 ], [ 13.63717239080904, 45.938025609790756 ], [ 13.611410262465792, 45.90376807084612 ], [ 13.596242760471197, 45.807937324772205 ], [ 13.708288688774543, 45.775019414055116 ], [ 13.89868555510818, 45.643424790155116 ], [ 13.829461544330744, 45.585080101504971 ], [ 13.723158648707658, 45.594806766403458 ], [ 13.759658375515642, 45.63165271633784 ], [ 13.579783202424668, 45.786951550228409 ], [ 13.406680156795606, 45.725244065471578 ], [ 13.142316752821429, 45.759475225019244 ], [ 13.098785272810265, 45.644532896820024 ], [ 12.519308372393995, 45.488092508285796 ], [ 12.411840606610527, 45.534421542254087 ], [ 12.365453616895048, 45.427231236085532 ], [ 12.132562140600335, 45.300370485249168 ], [ 12.330572226332455, 45.160550601170762 ], [ 12.464826223922788, 44.934565295584292 ], [ 12.399056638112196, 44.792615335567625 ], [ 12.283192945470596, 44.802762527987937 ], [ 12.269902172495692, 44.62999512359098 ], [ 12.360421737773212, 44.264738402827525 ], [ 12.38428203347744, 44.224726441602506 ], [ 12.450348990426967, 44.16218966910133 ], [ 12.75067143415462, 43.970633259685272 ], [ 13.172615030168952, 43.750345820179696 ], [ 13.551597739719901, 43.597751069615839 ], [ 13.642096372369432, 43.474142486295698 ], [ 13.742970319930063, 43.294147088329154 ], [ 13.927528000762996, 42.859353074274445 ], [ 14.146269234094394, 42.530505897425833 ], [ 14.779562767586054, 42.070059353905478 ], [ 15.13817867906134, 41.927007598310325 ], [ 16.132081432787253, 41.911974775426373 ], [ 16.169092427122372, 41.770675320265582 ], [ 15.906752730037308, 41.592403084068671 ], [ 16.02473859247625, 41.42559043951006 ], [ 16.542302545978902, 41.229440853795211 ], [ 17.099636711984704, 41.059236547043469 ], [ 17.38898115477755, 40.891863500230571 ], [ 17.981523046649734, 40.654808635906519 ], [ 18.097446023965603, 40.51530452798967 ], [ 18.43131602749326, 40.271491121042793 ], [ 18.503379563178964, 40.115554055838146 ], [ 18.434829422266734, 40.019683419172203 ], [ 18.331469678297172, 39.802572350339481 ], [ 18.074047158421539, 39.915877846827073 ], [ 17.894468370645999, 40.244669175609324 ], [ 17.763496420634834, 40.295497393370354 ], [ 17.478694355498778, 40.309121080043447 ], [ 17.109757447515857, 40.510011271500794 ], [ 16.86726385482358, 40.397845333376551 ], [ 16.644044043046698, 40.119134956509569 ], [ 16.503113907036575, 39.797698903500013 ], [ 16.534075884810434, 39.679882049943593 ], [ 17.02506450352254, 39.483578641974759 ], [ 17.139026867151909, 39.387797527807557 ], [ 17.126740941581978, 39.102963400602633 ], [ 17.174810364123232, 38.991164474317763 ], [ 17.09374059716674, 38.908409274949555 ], [ 16.890732053895853, 38.927128675706406 ], [ 16.609175588591082, 38.804030184016987 ], [ 16.548608605894302, 38.707491873503834 ], [ 16.582084461684566, 38.469790347178623 ], [ 16.544919987632529, 38.403732233740811 ], [ 16.217215498256497, 38.184522836003779 ], [ 16.057452035336656, 37.935726761175921 ], [ 15.74225525448329, 37.928622342417491 ], [ 15.648994753717526, 38.007327452090934 ], [ 15.649220368377737, 38.210197002969053 ], [ 15.812763569421818, 38.310170396987239 ], [ 15.91895642663045, 38.506761543165581 ], [ 15.862150269757031, 38.655624596459901 ], [ 16.135692364239411, 38.730059502104119 ], [ 16.213753436711045, 38.810439753807565 ], [ 16.20676791083962, 38.909048081333594 ], [ 16.093152917906771, 39.048742892012861 ], [ 16.018688944050023, 39.37440796049686 ], [ 15.847835997255709, 39.611561713544937 ], [ 15.755955854470685, 39.923418013478525 ], [ 15.676447685034484, 40.019683419442792 ], [ 15.644965154332134, 40.0428371949058 ], [ 15.550738111624437, 40.065847786432599 ], [ 15.333558278984102, 40.015367122740081 ], [ 15.153750016771751, 40.15118200753524 ], [ 14.953698202602828, 40.224456075140054 ], [ 14.979871075092468, 40.411918419195928 ], [ 14.790256598360223, 40.65533046944504 ], [ 14.468572555160254, 40.620196331803804 ], [ 14.393248765228414, 40.767198606807661 ], [ 14.101462281397088, 40.832705845700232 ], [ 13.762086965694055, 41.222503118344932 ], [ 13.291974430408183, 41.290709171962469 ], [ 13.06558981231727, 41.240413028883601 ], [ 12.773321527393735, 41.416263892721709 ], [ 12.606079855327307, 41.471522310613594 ], [ 12.242175541383912, 41.745547361844721 ], [ 12.11935093488772, 41.924501200653324 ], [ 11.834514909770631, 42.045686848440326 ], [ 11.641997986478614, 42.28243450723803 ], [ 11.449938679583298, 42.377670452046843 ], [ 11.154129399493501, 42.396813198563727 ], [ 11.128589080465064, 42.561361564196424 ], [ 10.793907867647267, 42.790801969606498 ], [ 10.705672412696112, 42.941864592675778 ], [ 10.514174486106732, 42.95095572978903 ], [ 10.512680883440096, 43.249290893628277 ], [ 10.29976682353858, 43.581966612387752 ], [ 10.258118041717562, 43.81514718882228 ], [ 10.143475973019028, 43.975420548865287 ], [ 10.018769669458909, 44.044535918363209 ], [ 9.793183438332644, 44.072307807200886 ], [ 9.511343798878041, 44.216675562910417 ], [ 9.081010971338092, 44.369987226418374 ], [ 8.774266924322776, 44.419022276086224 ], [ 8.633010367519732, 44.37980353079648 ], [ 8.274538421328554, 44.128229692422849 ], [ 8.135350904125294, 43.938940421504455 ], [ 7.954569605984419, 43.851436949774026 ], [ 7.529860025573349, 43.78401301406538 ], [ 7.523637345190542, 43.891002934585792 ], [ 7.714236356735006, 44.061513613180551 ], [ 7.661688243453211, 44.161871975145246 ], [ 7.31113633430721, 44.138303684663612 ], [ 7.023372451500818, 44.239177020811809 ], [ 6.887427980240159, 44.361286894180829 ], [ 6.948443098930043, 44.654741985309045 ], [ 7.065755124527523, 44.713464399341476 ], [ 6.988237220465876, 44.835134574191017 ], [ 6.775591579323692, 44.899675728420917 ], [ 6.630050928584914, 45.109856575043395 ], [ 7.094370374830631, 45.231261429219209 ], [ 7.164300076629697, 45.399440462450094 ], [ 7.104722952318007, 45.468454370064102 ], [ 7.01188574774983, 45.51196719669624 ], [ 6.98078642169975, 45.627455526862263 ], [ 6.802368307845005, 45.778562004915486 ], [ 7.044886013638479, 45.922413068294127 ], [ 7.164979385485601, 45.862696361692336 ], [ 7.589798320623923, 45.979787148596117 ], [ 7.864076428328577, 45.916750421437115 ], [ 8.135858342074844, 46.148363014637553 ], [ 8.130197564243266, 46.274942133773557 ], [ 8.384716933731539, 46.452158565743893 ], [ 8.457142173561715, 46.420734265068404 ], [ 8.463298231116246, 46.251014087663357 ], [ 8.713935970650262, 46.097271949835765 ], [ 8.825443814276392, 46.069474889741848 ], [ 8.809260427737895, 45.995512180480333 ], [ 8.912914089369746, 45.918621614903884 ], [ 8.912146832221961, 45.830445076440007 ], [ 9.057613339545997, 45.860551795523214 ], [ 9.011459098694418, 46.013928673444561 ], [ 9.159377254691004, 46.169600827015152 ], [ 9.248531338543906, 46.233767857136208 ], [ 9.263576577435824, 46.453248845497349 ], [ 9.317495114370795, 46.496360461186526 ], [ 9.438267698325829, 46.479373974040477 ], [ 9.546284511438991, 46.31600666592648 ], [ 9.696925689639629, 46.299869962782573 ], [ 9.91501254590505, 46.369679225172241 ], [ 10.097203280476789, 46.237583510920025 ], [ 10.153615759724159, 46.270524804614851 ], [ 10.131632638924437, 46.397432672754739 ], [ 10.048212119570106, 46.473138170691513 ], [ 10.084912314637617, 46.570596296297509 ], [ 10.208885221218065, 46.621747470086795 ], [ 10.4528011864139, 46.53068305387368 ], [ 10.472954115181354, 46.603405977727697 ], [ 10.398166799595137, 46.680282722609803 ], [ 10.469651302255382, 46.854908998200997 ], [ 10.667848043969448, 46.863804404357815 ], [ 10.810076885607122, 46.779098301346743 ], [ 11.030746848193086, 46.781873828795014 ], [ 11.16428131536764, 46.965722619327387 ], [ 11.627199511745951, 47.013298837370506 ], [ 11.750250198913958, 46.983625312032984 ], [ 12.136013771373326, 47.080667456045099 ], [ 12.240745396712335, 47.069168359391313 ], [ 12.142597183940266, 46.997157717979235 ] ], [ [ 12.396161372826473, 41.908299723129545 ], [ 12.50498626148466, 41.862835626309852 ], [ 12.570295246145605, 41.912359425473582 ], [ 12.495925170409162, 41.955308281762818 ], [ 12.396161372826473, 41.908299723129545 ] ], [ [ 12.414551431480396, 43.909895911682909 ], [ 12.487415448872794, 43.896451067759195 ], [ 12.513168314417907, 43.946445074559819 ], [ 12.503887654236161, 43.985423842991345 ], [ 12.412154642735699, 43.950248238022979 ], [ 12.414551431480396, 43.909895911682909 ] ] ], [ [ [ 15.541098871759877, 38.146420250170884 ], [ 15.258139133817116, 37.807298540366197 ], [ 15.095543005508723, 37.474094986889469 ], [ 15.091498994129191, 37.357708633397529 ], [ 15.244775112738733, 37.250554568091111 ], [ 15.202071683072582, 37.191419093102191 ], [ 15.293808716170272, 37.031055378230533 ], [ 15.119931307626707, 36.849625726247162 ], [ 15.112599355479654, 36.676428032519695 ], [ 14.517629147333233, 36.787590295988174 ], [ 14.337611975545165, 37.001971265383105 ], [ 14.036207324626767, 37.106028414103179 ], [ 13.887340218399615, 37.110016434411406 ], [ 12.896495987613854, 37.577118366394522 ], [ 12.692723987654043, 37.571079675761816 ], [ 12.529055328438131, 37.666735306210569 ], [ 12.447078552294712, 37.775758593830609 ], [ 12.445201685940072, 37.889001578008219 ], [ 12.532716519497134, 38.036624811330981 ], [ 12.759389736227215, 38.154171239279485 ], [ 12.866164829390492, 38.050587791159415 ], [ 12.977262495385441, 38.040205857757634 ], [ 13.10071199840915, 38.17446591983925 ], [ 13.298594430665565, 38.20641118212589 ], [ 13.732867802847977, 37.980773191760804 ], [ 14.510527057852675, 38.042348407637824 ], [ 14.886114609878964, 38.178654066605546 ], [ 15.10611119652939, 38.131466988647404 ], [ 15.565162780377911, 38.277591839193981 ], [ 15.541098871759877, 38.146420250170884 ] ] ], [ [ [ 14.983257693994064, 38.472885777389735 ], [ 14.888181281005977, 38.465178166190718 ], [ 14.767079716138673, 38.579107051717237 ], [ 14.876153491890168, 38.599225363815599 ], [ 14.983257693994064, 38.472885777389735 ] ] ], [ [ [ 13.985561348309728, 40.723803488404407 ], [ 13.94118624280458, 40.685944672840144 ], [ 13.818092060489244, 40.701902874086841 ], [ 13.861543684605547, 40.771901843096067 ], [ 13.985561348309728, 40.723803488404407 ] ] ], [ [ [ 12.099065869505855, 36.760675352589516 ], [ 12.023123705165784, 36.722625708750009 ], [ 11.926032105489746, 36.772500287235538 ], [ 12.036545174837507, 36.814981666224078 ], [ 12.099065869505855, 36.760675352589516 ] ] ], [ [ [ 10.958256044089817, 42.352137916436554 ], [ 10.901311906305889, 42.310372038558931 ], [ 10.811346074366723, 42.364507004189448 ], [ 10.886725442544709, 42.421459312918984 ], [ 10.958256044089817, 42.352137916436554 ] ] ], [ [ [ 10.426908342756905, 42.857138763687168 ], [ 10.403087726228501, 42.731609064344731 ], [ 10.21437659465116, 42.746201254119775 ], [ 10.172962039890267, 42.76819775802997 ], [ 10.219186947513702, 42.798024757342496 ], [ 10.426908342756905, 42.857138763687168 ] ] ], [ [ [ 9.877627135386932, 43.068161739900013 ], [ 9.840952289392556, 42.986667896963873 ], [ 9.7569290676342, 43.01221894521904 ], [ 9.811755838036426, 43.106852722010196 ], [ 9.877627135386932, 43.068161739900013 ] ] ], [ [ [ 9.719257098886342, 40.879545761193192 ], [ 9.691857935069656, 40.7870700349063 ], [ 9.807587220535744, 40.486110644815177 ], [ 9.640163392000265, 40.24454477127211 ], [ 9.723964080420595, 40.057788577789118 ], [ 9.651118649709234, 39.549323989896102 ], [ 9.568101406875241, 39.176706809125811 ], [ 9.442284696404238, 39.126983400985523 ], [ 9.266783130058856, 39.215717138224122 ], [ 9.089416015511578, 39.196480101957981 ], [ 9.018533373418357, 39.004588935337736 ], [ 8.91069446052895, 38.915529496443952 ], [ 8.630662087334153, 38.909865331511597 ], [ 8.52087106927527, 39.04698816278492 ], [ 8.425043203921703, 38.977909001997347 ], [ 8.388092972192029, 39.007539714687127 ], [ 8.398462392103202, 39.469803230932342 ], [ 8.50225472443717, 39.713007208043663 ], [ 8.538588973431388, 39.865974073806932 ], [ 8.408736122307589, 39.936846558247908 ], [ 8.462233801109456, 40.057788578442207 ], [ 8.472132466461948, 40.261241373367497 ], [ 8.399809168067803, 40.407568301094649 ], [ 8.309258729056554, 40.567942320800832 ], [ 8.161052708456484, 40.595904378324342 ], [ 8.21297330961894, 40.859178808549238 ], [ 8.562153548353825, 40.839641037688025 ], [ 8.799526590488872, 40.937640735251705 ], [ 9.211518225949941, 41.243869328430705 ], [ 9.455579577836732, 41.234254467611912 ], [ 9.447438292245559, 41.153648194965712 ], [ 9.545707256526571, 41.12145213452385 ], [ 9.604453993070884, 40.905008027721912 ], [ 9.719257098886342, 40.879545761193192 ] ] ], [ [ [ 8.374981218420066, 41.069644765452637 ], [ 8.308367977428656, 41.031962988350735 ], [ 8.22808344664594, 41.110810174869869 ], [ 8.33042840775674, 41.135649247772228 ], [ 8.374981218420066, 41.069644765452637 ] ] ], [ [ [ 8.320540187129369, 39.103798571781113 ], [ 8.25617594286658, 39.093184699068686 ], [ 8.191609515457362, 39.148707652966465 ], [ 8.314401456843219, 39.198082569119606 ], [ 8.320540187129369, 39.103798571781113 ] ] ], [ [ [ 8.265966578083265, 40.953495041815025 ], [ 8.224489244561147, 40.882408723501797 ], [ 8.125994900957979, 40.930460001733124 ], [ 8.21087680178454, 40.995473338496282 ], [ 8.265966578083265, 40.953495041815025 ] ] ] ] } },
{ "type": "Feature", "properties": { "id": "LI", "code": "LI", "name": "Liechtenstein" }, "geometry": { "type": "Polygon", "coordinates": [ [ [ 9.620580375481051, 47.151645494005862 ], [ 9.607078007215934, 47.060774530370892 ], [ 9.476047355473506, 47.051797490728305 ], [ 9.512246786361596, 47.085359648964882 ], [ 9.515219953935688, 47.121946060678262 ], [ 9.487607900294439, 47.190294411659458 ], [ 9.530749051451899, 47.270581012081259 ], [ 9.555658633438627, 47.252738838888945 ], [ 9.579292647499809, 47.195100132999002 ], [ 9.557721321570764, 47.1875580800168 ], [ 9.564655050768721, 47.170305616801585 ], [ 9.620580375481051, 47.151645494005862 ] ] ] } },
{ "type": "Feature", "properties": { "id": "LT", "code": "LT", "name": "Lietuva" }, "geometry": { "type": "MultiPolygon", "coordinates": [ [ [ [ 24.882028232121076, 56.428979238346017 ], [ 25.171266373735612, 56.17424691837104 ], [ 25.643577901491767, 56.125077553723244 ], [ 26.046154367528185, 55.944105950114768 ], [ 26.368328658623067, 55.716428025094032 ], [ 26.630367927387123, 55.680575783564485 ], [ 26.632426319666219, 55.608186989959094 ], [ 26.545939879067802, 55.493084400184628 ], [ 26.533179837610447, 55.360564408533925 ], [ 26.728920076680744, 55.307588849287917 ], [ 26.743374977778288, 55.254084120986342 ], [ 26.650860140494171, 55.158844539342638 ], [ 26.274548471585085, 55.122411973196073 ], [ 26.208658245541152, 54.997426447790502 ], [ 25.889589753408803, 54.93215972126243 ], [ 25.751852898088185, 54.822770382203096 ], [ 25.745966419281988, 54.587259041212903 ], [ 25.638004190885464, 54.476861691394774 ], [ 25.577344527879216, 54.34509146186236 ], [ 25.741904297055321, 54.265371696956912 ], [ 25.757732166248328, 54.170461106170954 ], [ 25.565126952820822, 54.152990568892001 ], [ 25.564098803527791, 54.246890124164814 ], [ 25.48938293351473, 54.295146574721834 ], [ 25.236589313470564, 54.251362913346227 ], [ 25.075028597612874, 54.147989474116685 ], [ 24.835949670841213, 54.149027403380202 ], [ 24.759031809131084, 53.983090005834256 ], [ 24.624873923734381, 53.998955470709866 ], [ 24.390473768537735, 53.902966600118496 ], [ 24.201624574037464, 53.969946403293882 ], [ 23.514649981027137, 53.956560135641361 ], [ 23.493204308974946, 54.129743320491876 ], [ 23.321498450982055, 54.253325926027742 ], [ 23.002049964526037, 54.38368048293141 ], [ 22.792011657932466, 54.363377298835339 ], [ 22.693782181207922, 54.561637022538257 ], [ 22.761062339010461, 54.724371620738445 ], [ 22.849610905474393, 54.771609596813178 ], [ 22.838302562230442, 54.86071913772502 ], [ 22.588967914679177, 55.070251634234829 ], [ 22.430308629290174, 55.052693809510444 ], [ 22.2773316723938, 55.064251059744457 ], [ 22.075801897458437, 55.042300988478559 ], [ 21.379495628774372, 55.27883726528929 ], [ 21.272059243898074, 55.245401727269474 ], [ 21.250866969412765, 55.466274917673275 ], [ 21.075321471053623, 55.774151087160902 ], [ 21.058289069677116, 55.855177091778714 ], [ 21.064573398427473, 56.069163504886248 ], [ 21.122618285470683, 56.077172007051701 ], [ 21.226957849821822, 56.146124612432267 ], [ 21.540732001798652, 56.304287571092289 ], [ 21.978208905674155, 56.385142956747565 ], [ 22.087350188675153, 56.427737915507322 ], [ 22.430308628178729, 56.407766268955697 ], [ 22.635563693656504, 56.368167980985532 ], [ 22.920516840036306, 56.399142863012329 ], [ 23.093298698564467, 56.304705949068342 ], [ 23.341109877074402, 56.37438377770269 ], [ 23.961720438812751, 56.330435621173137 ], [ 24.151799912999245, 56.253348453940198 ], [ 24.503869340943265, 56.2761585768258 ], [ 24.667940038599301, 56.387353694733491 ], [ 24.882028232121076, 56.428979238346017 ] ] ], [ [ [ 21.065982308520077, 55.323031267900056 ], [ 21.014651332375688, 55.309212586694365 ], [ 20.948407343286298, 55.32707037264646 ], [ 21.038127532113567, 55.4131349426819 ], [ 21.07887037555739, 55.418693660976196 ], [ 21.065982308520077, 55.323031267900056 ] ] ] ] } },
{ "type": "Feature", "properties": { "id": "LU", "code": "LU", "name": "Luxembourg" }, "geometry": { "type": "Polygon", "coordinates": [ [ [ 6.024899633938699, 50.182779390294222 ], [ 6.137662259454002, 50.129951505348018 ], [ 6.136217786125566, 50.015151307214389 ], [ 6.29827906260718, 49.858824382047452 ], [ 6.474962737645637, 49.821275076008227 ], [ 6.499791042415906, 49.728207424492318 ], [ 6.380052606148396, 49.551105031055627 ], [ 6.367107613804149, 49.469506980058611 ], [ 5.893386024111964, 49.496944628654013 ], [ 5.818116879399927, 49.546310570859227 ], [ 5.893725008703598, 49.664883791961238 ], [ 5.746363995092075, 49.853614451826076 ], [ 5.899197083132014, 50.102807946319921 ], [ 6.024899633938699, 50.182779390294222 ] ] ] } },
{ "type": "Feature", "properties": { "id": "LV", "code": "LV", "name": "Latvija" }, "geometry": { "type": "Polygon", "coordinates": [ [ [ 26.285555370450048, 57.606356089293307 ], [ 26.550303546968937, 57.529700552138053 ], [ 26.926515405366594, 57.623565331003995 ], [ 27.351577279489639, 57.518273513010165 ], [ 27.527486192882908, 57.524820634442555 ], [ 27.547367847151278, 57.427884247620604 ], [ 27.69077720281814, 57.370560912411584 ], [ 27.853503320699762, 57.266325368446012 ], [ 27.676497071963713, 56.853677755748613 ], [ 27.865960477462963, 56.85649154550142 ], [ 28.116536139384635, 56.561214497894412 ], [ 28.222693908782865, 56.28260717703607 ], [ 28.154555436086515, 56.169843616264679 ], [ 27.677470864244807, 55.932332078173964 ], [ 27.586096327569173, 55.793986882967893 ], [ 27.097997701166726, 55.841819479872392 ], [ 26.815600395876636, 55.693415107942911 ], [ 26.630367927387123, 55.680575783564485 ], [ 26.368328658623067, 55.716428025094032 ], [ 26.046154367528185, 55.944105950114768 ], [ 25.643577901491767, 56.125077553723244 ], [ 25.171266373735612, 56.17424691837104 ], [ 24.882028232121076, 56.428979238346017 ], [ 24.667940038599301, 56.387353694733491 ], [ 24.503869340943265, 56.2761585768258 ], [ 24.151799912999245, 56.253348453940198 ], [ 23.961720438812751, 56.330435621173137 ], [ 23.341109877074402, 56.37438377770269 ], [ 23.093298698564467, 56.304705949068342 ], [ 22.920516840036306, 56.399142863012329 ], [ 22.635563693656504, 56.368167980985532 ], [ 22.430308628178729, 56.407766268955697 ], [ 22.087350188675153, 56.427737915507322 ], [ 21.978208905674155, 56.385142956747565 ], [ 21.540732001798652, 56.304287571092289 ], [ 21.226957849821822, 56.146124612432267 ], [ 21.122618285470683, 56.077172007051701 ], [ 21.064573398427473, 56.069163504886248 ], [ 20.984876441546877, 56.240944852325995 ], [ 20.993566228574355, 56.491587374693005 ], [ 21.076440509707158, 56.829140063075087 ], [ 21.372774945556536, 57.010410583552208 ], [ 21.427720462342744, 57.277535468202082 ], [ 21.704825409982568, 57.550906134050244 ], [ 22.430308629383205, 57.722475313023629 ], [ 22.582352550409905, 57.744445728973822 ], [ 22.681753782108625, 57.564979363940068 ], [ 23.124069822329254, 57.348787779601373 ], [ 23.270893591571163, 57.095205454118997 ], [ 23.552945562451882, 56.979896873825012 ], [ 23.90687578218343, 57.002124858949664 ], [ 24.339403918488742, 57.195788862162523 ], [ 24.402482055313637, 57.29940702062396 ], [ 24.353252565829873, 57.876085498557728 ], [ 25.046306919071025, 58.040145986491552 ], [ 25.331553846629767, 58.048036593982779 ], [ 26.016346924322484, 57.847152793703259 ], [ 26.285555370450048, 57.606356089293307 ] ] ] } },
{ "type": "Feature", "properties": { "id": "ME", "code": "ME", "name": "Crna Gora" }, "geometry": { "type": "Polygon", "coordinates": [ [ [ 18.525291915855671, 42.420556032416435 ], [ 18.438103880178378, 42.555705067591333 ], [ 18.564870347498605, 42.658893346113537 ], [ 18.478501774620277, 42.859353074328567 ], [ 18.516181909018584, 43.000087196823621 ], [ 18.647721216377857, 43.057435079873834 ], [ 18.716687046575124, 43.263804508571162 ], [ 18.885431115043446, 43.343193134719527 ], [ 19.006318824494183, 43.271194075451817 ], [ 19.054778496683006, 43.296706470843176 ], [ 18.978342838412814, 43.52712834287577 ], [ 19.224123169478361, 43.527485998026748 ], [ 19.573099914347157, 43.244879261391048 ], [ 20.063936273520447, 43.006824145680859 ], [ 20.352928393310513, 42.833381369122392 ], [ 20.207414273471421, 42.756800302419144 ], [ 20.046894817433436, 42.75690432223454 ], [ 20.087790039943236, 42.578398392157069 ], [ 20.076299916480593, 42.555823530729434 ], [ 19.830933205619505, 42.466384167651441 ], [ 19.704852446617867, 42.639058624018745 ], [ 19.302652747730132, 42.187870304175398 ], [ 19.384526453024719, 42.078986476490158 ], [ 19.372528224583132, 41.844148059695875 ], [ 19.181630193098439, 41.939529959430509 ], [ 18.880334315903024, 42.259340549844353 ], [ 18.736442230438421, 42.304054126583814 ], [ 18.667184977521302, 42.42734707702698 ], [ 18.626351626638996, 42.381253409100736 ], [ 18.525291915855671, 42.420556032416435 ] ] ] } },
{ "type": "Feature", "properties": { "id": "MK", "code": "MK", "name": "Severna Makedonija " }, "geometry": { "type": "Polygon", "coordinates": [ [ [ 22.360206291819384, 42.311157164360239 ], [ 22.510411952468537, 42.155158453196933 ], [ 22.66119596628241, 42.073034126665199 ], [ 22.867214076469004, 42.02219965774492 ], [ 22.901933665951198, 41.877642067681997 ], [ 23.013414726986888, 41.691821891569596 ], [ 22.927591411164041, 41.338539330316252 ], [ 22.799353129911378, 41.34089947340096 ], [ 22.779613253161155, 41.327059134035537 ], [ 22.757236831193975, 41.302991106564541 ], [ 22.748710886523931, 41.173064974658281 ], [ 22.666470054781563, 41.186339606386923 ], [ 22.605696166522574, 41.126569031569353 ], [ 22.332051845521679, 41.120272519843418 ], [ 22.216216165370927, 41.170457396084025 ], [ 21.929438063566312, 41.100350402714973 ], [ 21.7873777739993, 40.931125359895717 ], [ 21.502939050508914, 40.910607339940121 ], [ 21.119612153603477, 40.854682876503446 ], [ 20.980204391010304, 40.855665050155736 ], [ 20.97766373757997, 40.889660836816972 ], [ 20.837822960861462, 40.927682925489805 ], [ 20.732362154110742, 40.911645677600248 ], [ 20.632866160866278, 41.086512899393824 ], [ 20.597745022582746, 41.092033495586875 ], [ 20.51651156211091, 41.237873666783265 ], [ 20.501660206407621, 41.317153905766396 ], [ 20.560362917349984, 41.408458344608668 ], [ 20.459509571917998, 41.529465230692665 ], [ 20.557773818133761, 41.58187049560982 ], [ 20.526693225022747, 41.717829608624605 ], [ 20.573575608608255, 41.798247811763851 ], [ 20.562872105583946, 41.846136605954882 ], [ 20.594285897901997, 41.877327465695835 ], [ 20.727972573104399, 41.864277175923384 ], [ 20.772944172012391, 41.926757894658294 ], [ 20.787478364505823, 42.070297047159038 ], [ 21.139280458001828, 42.193091948156074 ], [ 21.212697331110597, 42.110700990520591 ], [ 21.248181562503024, 42.092498553535172 ], [ 21.321326160224825, 42.108013520910546 ], [ 21.377179691386949, 42.238032065094252 ], [ 21.444318747690836, 42.23493032693267 ], [ 21.465231851976167, 42.272592816188897 ], [ 21.675934671101064, 42.240684998158741 ], [ 21.951333552220763, 42.330061764895191 ], [ 22.065600963443334, 42.298496897187484 ], [ 22.1326913734713, 42.307227009753447 ], [ 22.275177589384462, 42.35837034096523 ], [ 22.360206291819384, 42.311157164360239 ] ] ] } },
{ "type": "Feature", "properties": { "id": "MT", "code": "MT", "name": "Malta" }, "geometry": { "type": "MultiPolygon", "coordinates": [ [ [ [ 14.489682626827042, 35.930393460509734 ], [ 14.511305469780593, 35.908659332509529 ], [ 14.490977172767899, 35.895069499078382 ], [ 14.519726416425698, 35.902657303266018 ], [ 14.503605377886146, 35.879200106225213 ], [ 14.545329099199028, 35.890686386814792 ], [ 14.564253390498665, 35.877483507932915 ], [ 14.567220565238449, 35.845497021129873 ], [ 14.500316562121649, 35.8117177036561 ], [ 14.389447802871066, 35.846084954336128 ], [ 14.360122795581963, 35.863460885440453 ], [ 14.34089722751238, 35.90610879730513 ], [ 14.355388176361163, 35.961594687739833 ], [ 14.489682626827042, 35.930393460509734 ] ] ], [ [ [ 14.350444418786132, 36.009373274786022 ], [ 14.32973879239943, 36.004135444284074 ], [ 14.314273505361779, 36.016030354551141 ], [ 14.337811357611903, 36.018977457901471 ], [ 14.350444418786132, 36.009373274786022 ] ] ], [ [ [ 14.304443452597367, 36.029476397494008 ], [ 14.193470123644996, 36.033250540623399 ], [ 14.191377417735271, 36.062036244559991 ], [ 14.229456128707135, 36.080297178594734 ], [ 14.309160067357212, 36.045803713283419 ], [ 14.304443452597367, 36.029476397494008 ] ] ] ] } },
{ "type": "Feature", "properties": { "id": "NL", "code": "NL", "name": "Nederland" }, "geometry": { "type": "MultiPolygon", "coordinates": [ [ [ [ 7.194149484366672, 52.974282432134451 ], [ 7.092691935780805, 52.838200854747605 ], [ 7.006229335508773, 52.63876304270515 ], [ 6.709741816491521, 52.627784127185762 ], [ 6.697774679340382, 52.486301260641653 ], [ 6.997369487592286, 52.444526701772276 ], [ 7.065685203546269, 52.241373034658061 ], [ 6.760464770400778, 52.118569367606121 ], [ 6.7775683928871, 51.936839425282443 ], [ 6.407779531583725, 51.828092120121056 ], [ 6.167766021143598, 51.900804652321867 ], [ 5.990897524879339, 51.824310183885089 ], [ 5.953191999735481, 51.747846099075595 ], [ 6.192230454914018, 51.522391427839416 ], [ 6.224405043705392, 51.364979023243514 ], [ 6.072657111116431, 51.242587578273977 ], [ 6.174812124024052, 51.184513429325193 ], [ 5.877055681567017, 51.032059737084921 ], [ 6.086947595856187, 50.913134963047959 ], [ 6.020999005664916, 50.754295369911581 ], [ 5.766542833456962, 50.775222369976177 ], [ 5.682000428534085, 50.757446428273049 ], [ 5.687622128701352, 50.811923975910311 ], [ 5.669242424886265, 50.873206832862024 ], [ 5.798274119211292, 51.059853379794006 ], [ 5.788313608187572, 51.159533988217582 ], [ 5.566283615270706, 51.220836498525848 ], [ 5.490810036753169, 51.28654573105085 ], [ 5.237716347787162, 51.26160036189377 ], [ 5.103999107934353, 51.356516469084035 ], [ 5.102137093267302, 51.428956039428726 ], [ 5.039062133454919, 51.467538093337765 ], [ 4.879770692652888, 51.427750652832756 ], [ 4.759925819036284, 51.502464611228369 ], [ 4.669544110541935, 51.426384044795562 ], [ 4.488827106188758, 51.470491610699824 ], [ 4.413481483588787, 51.444566327150568 ], [ 4.398315850405061, 51.369239465573301 ], [ 4.243657894604261, 51.374737012055704 ], [ 3.619512217608162, 51.479223153137937 ], [ 3.691542468423349, 51.578622346664751 ], [ 3.847490095552702, 51.593673776413063 ], [ 3.839082827788579, 51.758296982606282 ], [ 4.04563657035676, 51.85473684097385 ], [ 3.998241589338483, 51.972588615315999 ], [ 4.127788387683693, 52.000542566559545 ], [ 4.374232694627095, 52.18709003405025 ], [ 4.493847517890746, 52.328259992554095 ], [ 4.560596904849609, 52.43742590965077 ], [ 4.609676911792859, 52.573400998821946 ], [ 4.729130244711049, 53.056720162258991 ], [ 4.831104374219741, 53.161677086757557 ], [ 4.895218973628658, 53.112865291861439 ], [ 4.790471922499005, 52.996019936341497 ], [ 4.833507946511085, 52.910832877912881 ], [ 5.164383533497771, 53.000910386471901 ], [ 5.411228595649431, 53.151724574401534 ], [ 5.617008388257469, 53.307900580725757 ], [ 6.191301644504989, 53.410938117924459 ], [ 6.751100056148219, 53.45988809428934 ], [ 6.874905014244085, 53.408013093336358 ], [ 6.92092052580634, 53.338301441316851 ], [ 7.074771969792253, 53.298616823669086 ], [ 7.092712413140665, 53.25701758145518 ], [ 7.208935201710104, 53.243064467250107 ], [ 7.194149484366672, 52.974282432134451 ] ] ], [ [ [ 5.757353409478156, 53.45888729104761 ], [ 5.68362205460783, 53.403592075242571 ], [ 5.58128930868361, 53.451647373491888 ], [ 5.67933100561701, 53.495083413989143 ], [ 5.757353409478156, 53.45888729104761 ] ] ], [ [ [ 5.43305164424368, 53.397142521409101 ], [ 5.360120736361611, 53.35606666153226 ], [ 5.25096051761582, 53.407469140301608 ], [ 5.350260312984493, 53.445259540720272 ], [ 5.43305164424368, 53.397142521409101 ] ] ], [ [ [ 4.234817405508229, 51.348254203026968 ], [ 3.977666514133952, 51.225132112569455 ], [ 3.856339488390994, 51.211056093592049 ], [ 3.618926123363827, 51.295494578961133 ], [ 3.380737262359116, 51.274259199512933 ], [ 3.365787354721749, 51.369835450945686 ], [ 4.234817405508229, 51.348254203026968 ] ] ] ] } },
{ "type": "Feature", "properties": { "id": "NO", "code": "NO", "name": "Norge" }, "geometry": { "type": "MultiPolygon", "coordinates": [ [ [ [ 25.728687553333007, 70.873681056923871 ], [ 25.330469280588527, 70.568918259481507 ], [ 25.136035865928363, 70.326806940406627 ], [ 25.104074921319803, 70.228726124241234 ], [ 25.176113423719986, 70.206525935436403 ], [ 26.441218102448953, 70.826313214613208 ], [ 26.606569704245988, 70.77024388943012 ], [ 26.666065839840495, 70.53288110391739 ], [ 26.821031037937743, 70.51070749576769 ], [ 27.191557096256712, 70.743430116183262 ], [ 27.389149136625964, 70.961378899682117 ], [ 27.962164277240234, 71.066853241395208 ], [ 28.261746659739881, 70.960353870366802 ], [ 28.126196687001059, 70.653262775706878 ], [ 28.212432287121963, 70.528602597923779 ], [ 28.374392494447534, 70.541527804961902 ], [ 28.680122806810349, 70.724871119118433 ], [ 29.087241096176474, 70.814984257929936 ], [ 30.080469887863831, 70.658586445413533 ], [ 30.774918618075233, 70.434195285289732 ], [ 30.863621157788067, 70.343325400146128 ], [ 30.780694255640423, 70.269315492023964 ], [ 29.748677862561141, 69.996989521187245 ], [ 30.062223488663989, 69.834715200903929 ], [ 30.837990055851382, 69.777664203520416 ], [ 30.935640208208518, 69.656006046052454 ], [ 30.89025065743828, 69.550526986780227 ], [ 30.547796008208493, 69.541434175354468 ], [ 30.169397823541736, 69.653948654956281 ], [ 30.165594434996834, 69.545967522188619 ], [ 30.07916685687556, 69.457259989044942 ], [ 29.336653556540796, 69.305497709897068 ], [ 29.204072479535782, 69.094936132898539 ], [ 29.05543363466489, 69.026615125643545 ], [ 28.929561557074823, 69.051911620843768 ], [ 28.83953792808305, 69.124043898347566 ], [ 28.852063600899044, 69.205475264397748 ], [ 29.241064599244819, 69.42471804603953 ], [ 29.284296074745555, 69.497893588737654 ], [ 29.23782791425883, 69.56664070433574 ], [ 29.085443254192882, 69.695818631158218 ], [ 28.439952866038425, 69.818040565152515 ], [ 27.888308391177741, 70.078194623114825 ], [ 27.067950454389024, 69.921286447965443 ], [ 26.519853084756217, 69.937246349281921 ], [ 25.999792228474838, 69.697873605210219 ], [ 25.731618663221923, 69.270778479977722 ], [ 25.716623877413845, 68.977706350643061 ], [ 25.255591238086797, 68.834566780041328 ], [ 25.082746982755072, 68.647869432161713 ], [ 24.90242413173041, 68.592364161832336 ], [ 23.917017810906881, 68.826317045662165 ], [ 23.618878082043882, 68.706054427084254 ], [ 23.21703132779097, 68.64394040945237 ], [ 22.455719401899348, 68.722319227466528 ], [ 21.98361135086391, 69.072893503670642 ], [ 21.630272534358184, 69.268890535137203 ], [ 21.299035811208761, 69.307427484273262 ], [ 21.018146856282367, 69.206143502083918 ], [ 21.088598843455063, 69.098982833002907 ], [ 21.050527426387813, 69.050542546921491 ], [ 20.730045841461404, 69.11139241940289 ], [ 20.548636558941542, 69.059968546070451 ], [ 20.195390051244804, 69.02233196040082 ], [ 20.296467910994771, 68.823220716027294 ], [ 20.218125576741205, 68.69263259660201 ], [ 20.041310264518028, 68.565476043793097 ], [ 20.114517103603159, 68.460508197606373 ], [ 19.943272758059827, 68.378695749091847 ], [ 18.410969091789998, 68.573390534162314 ], [ 18.125925245692624, 68.536515955763804 ], [ 18.124546980296778, 68.205327410004671 ], [ 17.926126715352293, 68.008619636156581 ], [ 17.238873373034707, 68.090961690066663 ], [ 16.779921144679438, 67.919265801904601 ], [ 16.510299233864451, 67.622942142975262 ], [ 16.149895481966368, 67.493278034869448 ], [ 16.128493286011082, 67.419871380284278 ], [ 16.383272413703882, 67.196432409287098 ], [ 16.373855485179252, 67.065738365581439 ], [ 15.455369092224924, 66.521939220615209 ], [ 15.453994737947466, 66.345233502675413 ], [ 15.413124449124082, 66.262332777159159 ], [ 15.033002803955942, 66.156855201714365 ], [ 14.558430991422183, 66.131414162047889 ], [ 14.538795822966136, 66.064439179793581 ], [ 14.609683066247026, 65.806526106539039 ], [ 14.516209666601283, 65.593844307868665 ], [ 14.496796069072559, 65.32595480595343 ], [ 14.325984923806821, 65.118915970255543 ], [ 13.796693177963201, 64.7135235201401 ], [ 13.686254923726164, 64.576504317197745 ], [ 14.11682811998441, 64.420718950803618 ], [ 14.143977138921672, 64.20160941752701 ], [ 13.986239349537984, 64.032707733068349 ], [ 13.221591932174146, 64.092155698968 ], [ 12.925361091403346, 64.054539081911841 ], [ 12.667978560495451, 63.960408002495846 ], [ 12.174658920574968, 63.598279895452542 ], [ 12.188845282718159, 63.466316254509913 ], [ 11.996040025440662, 63.2652462326989 ], [ 12.192861209717631, 63.017643760263425 ], [ 12.091942253134162, 62.898342358299232 ], [ 12.124060264208129, 62.748747202937601 ], [ 12.07317222686371, 62.613401585825322 ], [ 12.299370194289882, 62.267493986114701 ], [ 12.231717721333466, 62.039733365802029 ], [ 12.162955260132588, 61.718815764913543 ], [ 12.405438822097548, 61.576307553751114 ], [ 12.588154145503893, 61.551014300198105 ], [ 12.850415584064788, 61.35826162651059 ], [ 12.670176624040115, 61.05597642255367 ], [ 12.247105362826012, 61.001935518796685 ], [ 12.600887725757561, 60.492545263532762 ], [ 12.466694414315253, 60.071112027323721 ], [ 12.208750908485026, 59.907280870601717 ], [ 11.839814230042647, 59.840672274460687 ], [ 11.919410902132496, 59.778298333548229 ], [ 11.921263389505329, 59.697427316302566 ], [ 11.707313955808907, 59.583643914064673 ], [ 11.816781937461815, 59.337854839088493 ], [ 11.826196491599896, 59.237850055398525 ], [ 11.635764079495662, 58.909924699100671 ], [ 11.483599847809957, 58.891789817750315 ], [ 11.469437141453357, 58.989809912008752 ], [ 11.425922681778518, 59.059075836759064 ], [ 11.366993033028203, 59.113639741100471 ], [ 11.222586101136041, 59.090994114059242 ], [ 11.204825053850657, 59.101937346997957 ], [ 11.224515576458632, 59.134845948001825 ], [ 11.167315038182139, 59.158897006021462 ], [ 11.12951048931532, 59.144526736097838 ], [ 11.129594162395485, 59.102978932405335 ], [ 11.077416914578599, 59.078484985220982 ], [ 11.083290378520907, 59.053099916329472 ], [ 11.051995534120971, 59.024791740215335 ], [ 11.053233423143313, 58.990204689082248 ], [ 11.006046004461966, 59.002355221152193 ], [ 10.955471569568948, 59.090076965322403 ], [ 10.888665028071454, 59.042532642832533 ], [ 10.866953125589443, 59.047156329151306 ], [ 10.836842233604642, 59.101138350475175 ], [ 10.890932695573516, 59.128311330075384 ], [ 10.884494068642502, 59.173629243600814 ], [ 10.868312867433504, 59.180683558167829 ], [ 10.814754963986942, 59.159003945608127 ], [ 10.764721297327831, 59.193254076619652 ], [ 10.728152434345239, 59.30679871780157 ], [ 10.66240076057572, 59.337854839778622 ], [ 10.636337557198157, 59.611672188543693 ], [ 10.547928969361246, 59.524771517715571 ], [ 10.38433092279174, 59.534213615430694 ], [ 10.48888846489481, 59.368858549412636 ], [ 10.45887071054428, 59.151702298607546 ], [ 9.958627493598437, 58.979518422991198 ], [ 9.720123957248409, 58.992538140603692 ], [ 9.457165192677747, 58.897525245133032 ], [ 9.366022232663628, 58.771403556927716 ], [ 9.173924620706636, 58.71764508156572 ], [ 8.87460269642497, 58.459798856506858 ], [ 8.292947565390824, 58.151474775062724 ], [ 7.591966281644647, 57.975647912146933 ], [ 7.161018162495854, 58.053919587929578 ], [ 7.04791415617137, 58.017751736177807 ], [ 6.844143744121933, 58.096704841108583 ], [ 6.660759650649081, 58.080619880024052 ], [ 6.610498120358179, 58.122216888290026 ], [ 6.653236454355211, 58.220547489504312 ], [ 5.71112723046152, 58.541665529020719 ], [ 5.528011174255832, 58.718940089937377 ], [ 5.597267646682083, 58.999917868807174 ], [ 6.022802231065731, 58.981282119333635 ], [ 5.934416682685517, 59.11626741313205 ], [ 6.098631206155228, 59.209631427654863 ], [ 6.09851652739655, 59.315606594842812 ], [ 5.868520452588301, 59.481448251547818 ], [ 5.818463870198316, 59.347644003996372 ], [ 5.620635258174366, 59.327986597421337 ], [ 5.45139363826887, 59.196433735845346 ], [ 5.236223943497639, 59.169327023584557 ], [ 5.193705776449693, 59.309399060297316 ], [ 5.302746536158233, 59.481120681743782 ], [ 5.273159736332037, 59.553390454464626 ], [ 5.436654433529324, 59.681709410703554 ], [ 5.520033634496893, 59.723701710771522 ], [ 5.536170084259564, 59.686721910528966 ], [ 5.519854447628511, 59.570768081837677 ], [ 5.457213302593311, 59.49808635070692 ], [ 5.610089423371595, 59.666079320881536 ], [ 5.821129143000974, 59.645227480163847 ], [ 5.894323540335956, 60.024318976445294 ], [ 5.608717306161924, 59.909825551240374 ], [ 5.505279524833448, 59.967574277490961 ], [ 5.440635518532554, 59.820648448374229 ], [ 5.184259225500543, 59.734988074060794 ], [ 5.152349998797527, 59.851276631705204 ], [ 5.207050237386441, 59.987311957711995 ], [ 5.547017396965981, 60.076416247565334 ], [ 5.613445992781039, 60.158365618419303 ], [ 5.514472457527242, 60.219287670638252 ], [ 5.039313972787954, 60.281856399817102 ], [ 4.861393175951817, 60.822427791134018 ], [ 4.956621805936636, 60.983954116227245 ], [ 5.275279619399059, 61.11259937102912 ], [ 5.029828576096047, 61.316913240608613 ], [ 5.092807249763251, 61.55451755906784 ], [ 4.928531290380261, 61.853160382521018 ], [ 5.211095716118822, 62.095160695179892 ], [ 5.492609931438365, 62.017126543687297 ], [ 5.468304062130164, 62.140186111054142 ], [ 5.560418356746974, 62.397528983709897 ], [ 5.792320480344711, 62.300187081224927 ], [ 5.924365060099268, 62.40211031355512 ], [ 6.120873414198455, 62.333297417557887 ], [ 6.364327275782927, 62.335770819319087 ], [ 6.382470028661078, 62.496692966857545 ], [ 6.276818516010321, 62.574860656426111 ], [ 6.551805375885356, 62.664676078755548 ], [ 6.678116493107561, 62.609497328897298 ], [ 7.039004985135555, 62.955056263624215 ], [ 7.791346503264797, 63.084570846944807 ], [ 7.834662762274322, 63.06564730112008 ], [ 7.804688741199707, 62.975588619556532 ], [ 7.947250714710616, 62.959629827585673 ], [ 8.047662082322134, 63.079295142471288 ], [ 8.3401018251423, 62.905046163421616 ], [ 8.466532553893721, 62.900548138618966 ], [ 8.449898684435416, 62.986415439594929 ], [ 8.257522518031527, 63.020417076010681 ], [ 8.20073325885372, 63.111162778385236 ], [ 8.832085698993838, 63.201962209492805 ], [ 8.553218725075038, 63.262405315465834 ], [ 8.755213217489228, 63.424254832054643 ], [ 8.499031532181514, 63.452439298567775 ], [ 8.41794262647961, 63.516132960884477 ], [ 8.715539949562986, 63.782940015669446 ], [ 9.043041395019602, 63.607158083508338 ], [ 9.298628503396742, 63.54738061680343 ], [ 9.70262186482463, 63.568217336367425 ], [ 10.053969069864719, 63.398743654468376 ], [ 10.699921603776136, 63.479238954041278 ], [ 10.749498040919228, 63.662046098865211 ], [ 10.076254654317488, 63.551830633985375 ], [ 9.740798872414247, 63.78181005646848 ], [ 10.04848759485229, 63.963306839951045 ], [ 10.200764554638011, 64.187241444505744 ], [ 10.451091912416564, 64.370373642179075 ], [ 10.767181308442364, 64.423844523419817 ], [ 10.863708358857661, 64.536703963565472 ], [ 11.106657220918818, 64.559172204927251 ], [ 11.381492199906061, 64.717294801888968 ], [ 11.22990045262981, 64.830124033726605 ], [ 10.901660571489346, 64.866580121605296 ], [ 10.887247730392833, 64.919492593179044 ], [ 11.3910980313767, 64.974748924770694 ], [ 11.938758840707255, 65.148924027380289 ], [ 12.013411331665038, 65.145101551473417 ], [ 11.981971911585546, 65.070815572805571 ], [ 12.050577406106717, 65.063124795987491 ], [ 12.127184812252176, 65.194883307774546 ], [ 12.117876838238645, 65.295410676022911 ], [ 12.141450938308687, 65.464868119195785 ], [ 12.581139179989114, 65.83896470264088 ], [ 12.454481277074132, 65.966624554064907 ], [ 12.225380232949767, 65.996927186293576 ], [ 12.29628830306291, 66.160641226992411 ], [ 12.632765094328217, 66.09199578673838 ], [ 12.827827808436636, 66.262413423822537 ], [ 12.95999527399983, 66.183980857197952 ], [ 13.372316072014454, 66.826056650753372 ], [ 13.588637798682242, 66.845889469199975 ], [ 14.136659439615228, 67.128494769929432 ], [ 14.581644872556426, 67.203783079524328 ], [ 14.627228091349945, 67.258426800934217 ], [ 14.595034400402119, 67.383946066123997 ], [ 14.852326310705356, 67.523539624947645 ], [ 15.185282195917656, 67.535930664297751 ], [ 15.299671274906224, 67.732076248313078 ], [ 14.914895648315353, 67.695173391734116 ], [ 14.857879183486698, 67.83247730255637 ], [ 14.919531265431884, 67.919897911213496 ], [ 15.182219029234023, 67.991258799411895 ], [ 15.462007124519959, 67.96576237274779 ], [ 15.405579997995455, 68.051889263577664 ], [ 15.44250186669092, 68.10017438800287 ], [ 15.946358024565589, 68.187777111516809 ], [ 16.203090545860142, 68.018324680865661 ], [ 16.411174118007978, 67.997294011716335 ], [ 16.436074047117568, 68.030124559639631 ], [ 16.30564920272807, 68.231920645003569 ], [ 16.333552314118105, 68.336881571381639 ], [ 16.719173027525439, 68.40456436783613 ], [ 17.171433580963857, 68.385024614563605 ], [ 17.23252596891248, 68.437581703344122 ], [ 16.991850928216088, 68.49381372299213 ], [ 16.136054327412289, 68.405055902815235 ], [ 16.114290730013963, 68.538914960836038 ], [ 15.621297973717398, 68.355963736335539 ], [ 13.747531547158736, 68.105717543383392 ], [ 13.510421702727509, 68.132892675659321 ], [ 13.777326100507024, 68.281277300906964 ], [ 15.169283734784621, 68.516219507938587 ], [ 15.424418278531745, 68.709869261108835 ], [ 15.613878960345398, 69.024634573290513 ], [ 15.897763830535041, 69.169605160006128 ], [ 15.963062366236032, 69.129017132387915 ], [ 15.938809831582631, 68.93520866587393 ], [ 16.005573070070074, 68.755538554630917 ], [ 16.058621991754293, 68.722278017523038 ], [ 16.327836307542764, 68.882962416981499 ], [ 16.324239512051264, 68.962503588226298 ], [ 16.506188288021352, 69.066805605887069 ], [ 16.546086349100435, 68.785777189368645 ], [ 16.663846673725683, 68.669102909658221 ], [ 16.836143400458145, 68.692654026045801 ], [ 17.026676375240132, 68.818873332266577 ], [ 17.124292608697971, 68.727702063863163 ], [ 17.2034684021448, 68.739370896273002 ], [ 17.227596079172056, 68.895463713950463 ], [ 17.521171934766564, 68.860274723983409 ], [ 17.485759908313948, 69.02770736046071 ], [ 17.606868248005608, 69.074414187157558 ], [ 17.618794375851007, 69.132351323227809 ], [ 17.387649631987802, 69.134452860844789 ], [ 17.108956699708923, 69.032572016123737 ], [ 16.931401582146307, 69.065667430138333 ], [ 16.997937765713957, 69.372240366765027 ], [ 17.692928607144005, 69.564477332262669 ], [ 17.822747897893894, 69.538526731171117 ], [ 17.79845163866057, 69.458791347433859 ], [ 17.838352891434607, 69.438757782352923 ], [ 17.992781960976338, 69.513559677894392 ], [ 17.992781962323743, 69.646941250818685 ], [ 18.552304348686061, 69.773352529028401 ], [ 18.821908579213968, 70.068027130305595 ], [ 19.092327358448021, 70.150334971362241 ], [ 19.572633103687508, 69.980284163120118 ], [ 19.738709183440861, 69.746057912421122 ], [ 20.243549380457125, 69.821861118237692 ], [ 20.401617808350426, 69.586834698282914 ], [ 20.510491760299264, 69.665863018155804 ], [ 20.626964184178988, 69.873160279638853 ], [ 20.601657953066876, 70.134935896262945 ], [ 20.802620931890875, 70.100090983967078 ], [ 21.043333777970023, 69.914522726378294 ], [ 21.780228373361389, 69.930946628252741 ], [ 21.721404783506753, 70.03125377885813 ], [ 21.492220859068318, 70.17110816690996 ], [ 21.775615078925576, 70.286614289161847 ], [ 22.432561917269645, 70.282994009015383 ], [ 23.281178985140009, 70.536864793140722 ], [ 23.636760638527115, 70.544346085824969 ], [ 23.835540053527392, 70.645014960755603 ], [ 24.210791882587042, 70.608289939923381 ], [ 24.629585370749798, 70.894327598833698 ], [ 25.12916040403142, 70.907199871879229 ], [ 25.466781291885006, 71.077895451666038 ], [ 25.780100999232939, 71.066100820742207 ], [ 25.801452266057268, 70.993215796235361 ], [ 25.728687553333007, 70.873681056923871 ] ] ], [ [ [ 26.237322186247066, 71.050111044364854 ], [ 26.160328014421996, 70.985071740501013 ], [ 26.066422126326461, 71.031814372244042 ], [ 26.156355132704729, 71.079084090836417 ], [ 26.237322186247066, 71.050111044364854 ] ] ], [ [ [ 25.918208729101401, 70.695818996217241 ], [ 25.811116773069802, 70.641660380980412 ], [ 25.740078506758074, 70.683157287240235 ], [ 25.866921084139769, 70.736231558814964 ], [ 25.918208729101401, 70.695818996217241 ] ] ], [ [ [ 24.848665092472668, 71.07249930468322 ], [ 24.783814349340737, 71.021317337804803 ], [ 24.676500097379723, 71.068561572569365 ], [ 24.774871943754118, 71.114856644642259 ], [ 24.848665092472668, 71.07249930468322 ] ] ], [ [ [ 24.154728824682003, 70.96119662636211 ], [ 24.033243205392715, 70.915782849377337 ], [ 23.892183412148654, 70.989044219799567 ], [ 24.046102897734766, 71.030818326706083 ], [ 24.154728824682003, 70.96119662636211 ] ] ], [ [ [ 22.75273867711023, 70.488806726517979 ], [ 22.163878792512964, 70.4735078387193 ], [ 21.94237683978799, 70.568862682589241 ], [ 22.35366992093314, 70.710713668436085 ], [ 23.092928764193076, 70.683485191378779 ], [ 22.75273867711023, 70.488806726517979 ] ] ], [ [ [ 33.139588248651542, 80.126204551784795 ], [ 32.035839516842564, 80.043277958047085 ], [ 31.571948081934295, 80.128668025691042 ], [ 31.74565164604893, 80.215528061699985 ], [ 32.514109989054575, 80.311992309406151 ], [ 33.066848136397667, 80.312739034461302 ], [ 33.301710010234757, 80.205609531831342 ], [ 33.139588248651542, 80.126204551784795 ] ] ], [ [ [ 30.231214223497812, 78.989063975454272 ], [ 30.164164982328195, 78.945296326459612 ], [ 30.066743876253867, 78.996144020514862 ], [ 30.162845606427076, 79.043482708794045 ], [ 30.231214223497812, 78.989063975454272 ] ] ], [ [ [ 21.486077801143885, 70.35841768497896 ], [ 21.441945232086059, 70.29858489470945 ], [ 21.34938256745049, 70.344323046900243 ], [ 21.422993167913646, 70.414699292449967 ], [ 21.486077801143885, 70.35841768497896 ] ] ], [ [ [ 29.325989854636823, 78.881995662092777 ], [ 29.259233854627499, 78.838605358560869 ], [ 29.117657371532811, 78.860377176831946 ], [ 29.070920441309401, 78.888212842091946 ], [ 29.110992986123879, 78.906713788159365 ], [ 29.277482422844798, 78.90355341874141 ], [ 29.325989854636823, 78.881995662092777 ] ] ], [ [ [ 28.496776442059407, 78.984767976260088 ], [ 28.165619106151293, 78.792618555434558 ], [ 27.968112294441351, 78.802974466489843 ], [ 28.38744610433578, 79.002871103392451 ], [ 28.496776442059407, 78.984767976260088 ] ] ], [ [ [ 20.280469313281557, 70.233019693466247 ], [ 20.196213790027649, 70.205331357401022 ], [ 20.159639426152456, 70.304217939171323 ], [ 20.251958107627491, 70.30605568621958 ], [ 20.280469313281557, 70.233019693466247 ] ] ], [ [ [ 19.921928209536741, 70.074030540154141 ], [ 19.721153743109021, 70.057501137048845 ], [ 19.493159376269364, 70.237406592636276 ], [ 19.734433135028556, 70.273753525791335 ], [ 19.921928209536741, 70.074030540154141 ] ] ], [ [ [ 26.842254904161226, 78.656225794342078 ], [ 26.684797842671895, 78.636914291563698 ], [ 26.392639650740122, 78.803247802264551 ], [ 26.629550480484202, 78.855586346779219 ], [ 26.842254904161226, 78.656225794342078 ] ] ], [ [ [ 19.521919861948327, 70.103886802059293 ], [ 19.454279588709138, 70.081564433950007 ], [ 19.344204255005245, 70.134263200386201 ], [ 19.430855156873534, 70.17638422633263 ], [ 19.521919861948327, 70.103886802059293 ] ] ], [ [ [ 28.181135998982896, 80.075962261629883 ], [ 28.062771546673243, 80.032364690987251 ], [ 27.912731524954207, 80.10952735517985 ], [ 28.069638880036749, 80.147158800900911 ], [ 28.181135998982896, 80.075962261629883 ] ] ], [ [ [ 24.100323408420429, 77.754169756611418 ], [ 23.781835536435459, 77.533567823733051 ], [ 22.897448652030405, 77.300360230509142 ], [ 22.788241287649058, 77.327340899634493 ], [ 22.723634655109425, 77.479393417891444 ], [ 22.599377363923733, 77.539487309435629 ], [ 21.082831074488048, 77.522081675179223 ], [ 21.020386245978461, 77.602886801768065 ], [ 21.228525591352344, 77.870141723814882 ], [ 21.20542998219182, 78.086611231537191 ], [ 21.252343383287052, 78.187305944040375 ], [ 20.889672869908718, 78.257382399485252 ], [ 20.552715370324538, 78.446039249180089 ], [ 21.29929906256195, 78.624015762030268 ], [ 21.790398971634477, 78.583310458479502 ], [ 22.064830586981309, 78.419632035182815 ], [ 22.097367523135034, 78.241672495252061 ], [ 22.934985780284368, 78.215150315461415 ], [ 24.100323408420429, 77.754169756611418 ] ] ], [ [ [ 21.591663746011946, 80.229245565894914 ], [ 22.159860673750767, 80.084190471637939 ], [ 22.361020649351339, 80.146887174626784 ], [ 22.566376492420702, 80.35693038971776 ], [ 22.91598084255261, 80.429846369605997 ], [ 23.107506262758974, 80.375900869968959 ], [ 23.199741218391519, 80.232193492602477 ], [ 23.314232634328825, 80.180463020281422 ], [ 24.49479300437919, 80.347160465616568 ], [ 25.254900943239914, 80.236863305920892 ], [ 26.848209618525537, 80.130854903718344 ], [ 27.10559057913683, 79.999432421521774 ], [ 25.520829878574446, 79.408354013569209 ], [ 23.694966127977626, 79.210602309718865 ], [ 23.035717887374766, 79.247147498613259 ], [ 22.457922559633122, 79.355168654403386 ], [ 21.005068148016569, 79.358845329046915 ], [ 20.443757620055464, 79.414466839507867 ], [ 20.298866890387234, 79.525555182646542 ], [ 20.685215547139393, 79.612422368655828 ], [ 20.837282270361982, 79.709891389806771 ], [ 18.720419549905678, 79.752833260134167 ], [ 18.319514237999851, 79.870342655049541 ], [ 18.164898324762099, 80.083432809299154 ], [ 18.62534436250186, 80.168033030703455 ], [ 19.091582434374388, 80.169371889247884 ], [ 19.528108700974069, 80.300188195824333 ], [ 19.718246834134682, 80.439310457953738 ], [ 19.879185419270367, 80.47708123686624 ], [ 20.740570675851675, 80.266594427010972 ], [ 21.591663746011946, 80.229245565894914 ] ] ], [ [ [ 19.279983707041271, 74.441653425553682 ], [ 19.061532509112883, 74.329905027596766 ], [ 18.822249798702771, 74.453377457084571 ], [ 19.085154040612384, 74.536531470551154 ], [ 19.279983707041271, 74.441653425553682 ] ] ], [ [ [ 16.762228438916846, 68.965109739657251 ], [ 16.705479937193086, 68.899780700914448 ], [ 16.616431057197424, 68.952298847452525 ], [ 16.688209902084747, 69.008960730269919 ], [ 16.762228438916846, 68.965109739657251 ] ] ], [ [ [ 16.22452237626916, 68.331102058367165 ], [ 16.152071774619483, 68.288997988113465 ], [ 16.052369688088042, 68.332615058305436 ], [ 16.158740299671269, 68.382689917304162 ], [ 16.22452237626916, 68.331102058367165 ] ] ], [ [ [ 17.870214260660209, 79.733523757691771 ], [ 17.957116693498872, 79.5425148641649 ], [ 18.578606722514518, 79.544560206337366 ], [ 19.106451448895172, 79.182425273117758 ], [ 20.04444660414152, 79.056719092602222 ], [ 20.557259090915185, 79.05518694847396 ], [ 21.015300675897667, 78.768160430065535 ], [ 19.19861218161871, 78.491231085135169 ], [ 18.987380022938869, 78.181888308240815 ], [ 18.544373815193371, 77.949567621095383 ], [ 18.265868265407466, 77.610014461959778 ], [ 17.647241520189702, 77.402108583228838 ], [ 16.969915271989571, 76.666501581661791 ], [ 16.518365696585654, 76.573062548066886 ], [ 16.065782476397317, 76.779785511591683 ], [ 16.036389787353635, 76.970869637438682 ], [ 15.266016978567253, 77.021547408448171 ], [ 14.609012799504885, 77.15732609496925 ], [ 14.174699024255444, 77.439724014248327 ], [ 14.368298190278468, 77.522121288546444 ], [ 15.12215151511251, 77.537525871016925 ], [ 15.38812032229638, 77.638552249988336 ], [ 16.290485274330511, 77.75591658264905 ], [ 16.331871921522591, 77.815852617402584 ], [ 15.3460888031364, 77.839794787805317 ], [ 14.067159778044632, 77.750506139022534 ], [ 13.825363168197029, 77.811809099661374 ], [ 13.739874426073145, 77.906268701597796 ], [ 13.92169130315704, 78.041634618587693 ], [ 14.805603695882922, 78.105128633123243 ], [ 15.767523585457681, 78.30582945771188 ], [ 16.45850783452315, 78.37331489107217 ], [ 16.559663312982959, 78.454436504633662 ], [ 16.515874267775004, 78.579249520590835 ], [ 15.581581817570457, 78.505947749299537 ], [ 15.450828111571855, 78.554083045210405 ], [ 15.325788351193953, 78.70558892219718 ], [ 15.202276292370218, 78.732165258613804 ], [ 14.624578377768078, 78.635616806733822 ], [ 14.366575480894543, 78.427475073529436 ], [ 14.066523564496284, 78.310819101556035 ], [ 12.991299225373048, 78.263828225981484 ], [ 11.787956782872472, 78.728165190124002 ], [ 11.718350065460248, 78.872218242716571 ], [ 11.861466543590582, 79.028110860435874 ], [ 11.765173107786019, 79.208471569400317 ], [ 11.61177625491967, 79.260400616085036 ], [ 11.344228136559465, 79.208027134666835 ], [ 11.061367796427607, 79.23741675646356 ], [ 10.828415469769617, 79.420529849122289 ], [ 10.656134331286639, 79.712600264175009 ], [ 11.464112536846024, 79.818077869535472 ], [ 12.022223764386958, 79.75295946672793 ], [ 12.422673391176984, 79.821434380343931 ], [ 13.523957830293639, 79.853236522877921 ], [ 13.596567052860653, 79.789744438528885 ], [ 13.151531410630124, 79.699721893208803 ], [ 13.073183326155865, 79.639706032539152 ], [ 13.807852078956238, 79.407152618130326 ], [ 14.137008234653251, 79.663685418177309 ], [ 14.373345164945031, 79.747796775119383 ], [ 14.64711442422327, 79.764263877956125 ], [ 15.210727497130376, 79.567326289782443 ], [ 15.770185069051927, 79.157395779041892 ], [ 16.234540008324753, 79.021401729891664 ], [ 16.252218074301364, 79.097671743771457 ], [ 15.947459809065945, 79.414901226038921 ], [ 15.800771387956642, 79.745104790080944 ], [ 16.059683727248952, 79.97405455876833 ], [ 16.459641101779901, 80.027487843171713 ], [ 17.714683126246918, 79.837086467211904 ], [ 17.870214260660209, 79.733523757691771 ] ] ], [ [ [ 15.397374925039696, 68.761687549821502 ], [ 14.813790752556072, 68.495603523188564 ], [ 14.708699165856919, 68.527736817132038 ], [ 14.683553821358171, 68.644397667740449 ], [ 14.411902877204751, 68.645378637430554 ], [ 14.515971298378386, 68.779613763850307 ], [ 14.855774083568548, 68.833851723172174 ], [ 15.123684358932424, 69.000996432194526 ], [ 15.324089487169246, 68.895611681918936 ], [ 15.397374925039696, 68.761687549821502 ] ] ], [ [ [ 20.111275153850364, 79.277404162610907 ], [ 20.069029960121533, 79.210289888095659 ], [ 19.963322580907573, 79.250680212755782 ], [ 20.040235954987537, 79.314173969410973 ], [ 20.111275153850364, 79.277404162610907 ] ] ], [ [ [ 21.22336463402052, 80.674129875825187 ], [ 21.137155830621957, 80.627327421944827 ], [ 21.050649523252506, 80.672884127530708 ], [ 21.158359042380244, 80.720925606196076 ], [ 21.22336463402052, 80.674129875825187 ] ] ], [ [ [ 19.812144006623729, 79.360307823780616 ], [ 19.724424595035423, 79.321215610152663 ], [ 19.620365619167529, 79.369163319854025 ], [ 19.726238856765921, 79.415661789678779 ], [ 19.812144006623729, 79.360307823780616 ] ] ], [ [ [ 20.873341230221467, 80.706726947116252 ], [ 20.779982779481589, 80.6112492621142 ], [ 20.641091771956042, 80.646546181866668 ], [ 20.770192919785181, 80.722171096731074 ], [ 20.873341230221467, 80.706726947116252 ] ] ], [ [ [ 14.468958256646463, 67.417998030786066 ], [ 14.397087249358808, 67.373865135582392 ], [ 14.290607372529577, 67.420738683927922 ], [ 14.387143393017427, 67.464510381661981 ], [ 14.468958256646463, 67.417998030786066 ] ] ], [ [ [ 13.99626681303989, 67.407214640183085 ], [ 13.940244233489199, 67.370974063819048 ], [ 13.823046892750128, 67.405491675647951 ], [ 13.896408638233199, 67.463710972037148 ], [ 13.99626681303989, 67.407214640183085 ] ] ], [ [ [ 13.803754281655202, 67.151581417745803 ], [ 13.704777497978782, 67.130660293897506 ], [ 13.671298919945292, 67.145972882569978 ], [ 13.658764609053415, 67.187869248042844 ], [ 13.77191123908465, 67.201609550299608 ], [ 13.824450057251761, 67.188333269802328 ], [ 13.803754281655202, 67.151581417745803 ] ] ], [ [ [ 18.520354586349459, 80.259458594235369 ], [ 18.36805118786425, 80.216071713163188 ], [ 18.157792336720206, 80.324082122850996 ], [ 18.367045985632817, 80.38055551278805 ], [ 18.520354586349459, 80.259458594235369 ] ] ], [ [ [ 13.190022288767134, 66.76484126096706 ], [ 13.094778115176403, 66.729050587063895 ], [ 13.020398244717999, 66.791991903068663 ], [ 13.108705916073491, 66.821969360535732 ], [ 13.190022288767134, 66.76484126096706 ] ] ], [ [ [ 13.068149672598789, 66.595664239029233 ], [ 12.986995636413321, 66.5929339367528 ], [ 12.93857172674187, 66.698203059091441 ], [ 13.043519020987285, 66.672758986620352 ], [ 13.068149672598789, 66.595664239029233 ] ] ], [ [ [ 12.937860066887025, 66.395772908141367 ], [ 12.813730014026969, 66.377692612785566 ], [ 12.788715751751635, 66.40555568793495 ], [ 12.815140808194291, 66.440887401574599 ], [ 12.938584607664025, 66.439969078244033 ], [ 12.937860066887025, 66.395772908141367 ] ] ], [ [ [ 12.901807169033923, 66.60229112777634 ], [ 12.841390052072295, 66.53975992580915 ], [ 12.747038032557365, 66.578902379465831 ], [ 12.823194795036629, 66.641290782124258 ], [ 12.901807169033923, 66.60229112777634 ] ] ], [ [ [ 12.721668201856358, 66.565528993750902 ], [ 12.652637646202104, 66.523795828625367 ], [ 12.555310598692177, 66.571784654203782 ], [ 12.657979929029441, 66.620611287759374 ], [ 12.721668201856358, 66.565528993750902 ] ] ], [ [ [ 12.684532647353526, 66.301270118184263 ], [ 12.608307111710241, 66.264052758712353 ], [ 12.511214466294597, 66.314322704781418 ], [ 12.6226250059833, 66.356094583277923 ], [ 12.684532647353526, 66.301270118184263 ] ] ], [ [ [ 12.303826903410453, 65.808452968130609 ], [ 12.246496316231587, 65.767584954226677 ], [ 12.109086518544649, 65.845660150675144 ], [ 12.179816319814824, 65.902647374594764 ], [ 12.303826903410453, 65.808452968130609 ] ] ], [ [ [ 12.286924573083258, 66.246799866491628 ], [ 12.224490218918991, 66.181275742806548 ], [ 12.119560320937111, 66.216385956722675 ], [ 12.209500593076736, 66.274984605149342 ], [ 12.286924573083258, 66.246799866491628 ] ] ], [ [ [ 12.175308574275196, 66.543693914795668 ], [ 12.113741273984278, 66.463925080152848 ], [ 12.070929415677799, 66.583158389895729 ], [ 12.142588739524685, 66.607641095510516 ], [ 12.175308574275196, 66.543693914795668 ] ] ], [ [ [ 12.002438338948412, 65.629527903667281 ], [ 11.867460400328874, 65.621505934913259 ], [ 11.824348868583616, 65.641986604286288 ], [ 12.109132458810976, 65.840907845049088 ], [ 12.102015206708558, 65.725774888576993 ], [ 12.002438338948412, 65.629527903667281 ] ] ], [ [ [ 12.047940354791926, 65.21845126746922 ], [ 11.972270830954361, 65.201586690486891 ], [ 11.923410900918531, 65.224386158980195 ], [ 11.996024767566562, 65.283400615199881 ], [ 12.047940354791926, 65.21845126746922 ] ] ], [ [ [ 12.132514136575173, 67.494953196185605 ], [ 12.078158669710279, 67.451210362596072 ], [ 11.988255972206085, 67.512748700068471 ], [ 12.077243791041417, 67.56320185988028 ], [ 12.132514136575173, 67.494953196185605 ] ] ], [ [ [ 11.033170591683032, 65.110732876054016 ], [ 10.960881217476874, 65.065784379053625 ], [ 10.860014367063449, 65.111249188891449 ], [ 10.955845573949739, 65.159006595201049 ], [ 11.033170591683032, 65.110732876054016 ] ] ], [ [ [ 12.025646955632375, 78.251709998857336 ], [ 11.907507059461157, 78.228485034116531 ], [ 11.52381589300176, 78.386071103832023 ], [ 11.066726641469641, 78.465304669267795 ], [ 10.546875928647708, 78.76337370865302 ], [ 10.465751205204265, 78.892843007872443 ], [ 10.898849182536257, 78.847911741440853 ], [ 11.145015025496896, 78.634201734829333 ], [ 11.812838784124025, 78.435744243729275 ], [ 12.025646955632375, 78.251709998857336 ] ] ], [ [ [ 9.42732650233271, 63.758604317430688 ], [ 9.357736420952808, 63.731744830079045 ], [ 9.31409517204313, 63.785966368560821 ], [ 9.401918471421414, 63.863603171362584 ], [ 9.42732650233271, 63.758604317430688 ] ] ], [ [ [ 9.200381220605516, 63.995414587686227 ], [ 9.068718256156064, 63.960755633999312 ], [ 9.091505238700849, 64.030733354879985 ], [ 9.165744163097648, 64.052991278139913 ], [ 9.223127774639638, 64.034697776701876 ], [ 9.200381220605516, 63.995414587686227 ] ] ], [ [ [ 8.16832885291711, 63.39496903949842 ], [ 7.847543490321245, 63.269767627088328 ], [ 7.678322264645567, 63.38186505359073 ], [ 8.012397049146061, 63.492290160085034 ], [ 8.16832885291711, 63.39496903949842 ] ] ], [ [ [ 6.270676495246468, 62.401667053965056 ], [ 6.10862785793256, 62.401667053384273 ], [ 6.133027167117546, 62.439231666993848 ], [ 6.305677769752142, 62.465142140586686 ], [ 6.270676495246468, 62.401667053965056 ] ] ], [ [ [ 6.082068264783685, 59.277022906406287 ], [ 6.00980676045711, 59.218875807591203 ], [ 5.906172600800222, 59.25897977118376 ], [ 6.00296863317979, 59.309929933835278 ], [ 6.082068264783685, 59.277022906406287 ] ] ], [ [ [ 5.834087009479584, 59.252712855729868 ], [ 5.863799940842694, 59.135428966326984 ], [ 5.808325301418952, 59.136599854254555 ], [ 5.751167831168217, 59.254262508383356 ], [ 5.834087009479584, 59.252712855729868 ] ] ], [ [ [ 5.820408695858397, 59.08745808908423 ], [ 5.744712162364329, 59.052036071936797 ], [ 5.64222005866196, 59.106237877506963 ], [ 5.754371352530192, 59.141592901176885 ], [ 5.820408695858397, 59.08745808908423 ] ] ], [ [ [ 5.051311313385653, 61.131761297980688 ], [ 4.929100998292705, 61.058352578481937 ], [ 4.750824399370893, 61.107378678346763 ], [ 4.912098990210304, 61.192233671999361 ], [ 5.051311313385653, 61.131761297980688 ] ] ], [ [ [ 4.879169358144756, 61.573205321771212 ], [ 4.806136870797236, 61.558905123277853 ], [ 4.758903394977319, 61.652284809028288 ], [ 4.87783341594514, 61.695680870504567 ], [ 4.879169358144756, 61.573205321771212 ] ] ], [ [ [ 4.919444989124137, 61.291897973495374 ], [ 4.849692777909142, 61.219848775023223 ], [ 4.757368940809694, 61.266502855968362 ], [ 4.843993626141223, 61.318535016501265 ], [ 4.919444989124137, 61.291897973495374 ] ] ], [ [ [ 4.88899265812789, 60.519865227302475 ], [ 4.824455298421308, 60.518159413633505 ], [ 4.714037987223111, 60.619890394357363 ], [ 4.817007313171567, 60.660601788161983 ], [ 4.88899265812789, 60.519865227302475 ] ] ], [ [ [ 4.736681203928302, 61.316765107329239 ], [ 4.652958704799942, 61.248360091815464 ], [ 4.562374836507084, 61.294019638707944 ], [ 4.653245032613235, 61.340989636779746 ], [ 4.736681203928302, 61.316765107329239 ] ] ], [ [ [ 4.745889360807959, 60.98848512177743 ], [ 4.686092705277227, 60.97392096662437 ], [ 4.610496704595687, 61.054536027199156 ], [ 4.695763480153053, 61.088407557385267 ], [ 4.745889360807959, 60.98848512177743 ] ] ], [ [ [ 4.922123287863406, 59.282605592385586 ], [ 4.843618086478257, 59.229352711379398 ], [ 4.766387624121379, 59.294143613294203 ], [ 4.864435127522955, 59.331443774434881 ], [ 4.922123287863406, 59.282605592385586 ] ] ], [ [ [ -7.937722419722739, 71.033810665564246 ], [ -8.08553206037346, 70.962307193398672 ], [ -8.212313429204317, 70.992986243757386 ], [ -8.848497899670351, 70.844763235563462 ], [ -8.99573248894249, 70.88477507621721 ], [ -8.849912176906834, 70.955351888056484 ], [ -8.379914899701255, 71.033543103154599 ], [ -8.50327559591131, 71.063394406213462 ], [ -8.258904164200084, 71.172978859000594 ], [ -7.937722419722739, 71.033810665564246 ] ] ] ] } },
{ "type": "Feature", "properties": { "id": "PL", "code": "PL", "name": "Polska" }, "geometry": { "type": "Polygon", "coordinates": [ [ [ 19.256953176573528, 54.278460452863854 ], [ 19.413555261669366, 54.277472024800076 ], [ 19.803880327582956, 54.44226411789478 ], [ 21.559321860377061, 54.322504110546511 ], [ 22.430308629481601, 54.347502436761062 ], [ 23.002049964526037, 54.38368048293141 ], [ 23.321498450982055, 54.253325926027742 ], [ 23.493204308974946, 54.129743320491876 ], [ 23.514649981027137, 53.956560135641361 ], [ 23.588701990368111, 53.695928564992293 ], [ 23.891249629538979, 53.160234698495842 ], [ 23.939041356362356, 52.778003145351327 ], [ 23.801443066369202, 52.639015398582437 ], [ 23.420033277590839, 52.514439557764014 ], [ 23.178411193654583, 52.283179675027988 ], [ 23.481877374941408, 52.174854176574939 ], [ 23.661723386417744, 52.043065983526695 ], [ 23.619250818657886, 51.798097751171106 ], [ 23.544584879397259, 51.715616176961639 ], [ 23.709220921396845, 51.277648603845684 ], [ 24.092431849665186, 50.873112459037564 ], [ 23.981246194974261, 50.797912103982846 ], [ 24.098188497684099, 50.637390112151955 ], [ 23.999605786505811, 50.430503024354962 ], [ 23.7265414213566, 50.379673857048054 ], [ 23.245784671491293, 50.059794658298408 ], [ 22.686149499637288, 49.573165595725804 ], [ 22.742585260465756, 49.22197775385839 ], [ 22.867805413998749, 49.002845563488648 ], [ 22.092102644528733, 49.215049803466265 ], [ 21.871380868168711, 49.370304813534396 ], [ 21.397712480363833, 49.433794034909702 ], [ 21.094217461123321, 49.424682864656056 ], [ 20.940032065433329, 49.312750014059034 ], [ 20.614939251411741, 49.417833082530024 ], [ 20.192865924299294, 49.335768143559278 ], [ 20.078023858805182, 49.198234842450908 ], [ 19.78359159343908, 49.221402874330593 ], [ 19.78062612418185, 49.389212075775752 ], [ 19.655565067833148, 49.41322037345865 ], [ 19.4673863400889, 49.613766865889431 ], [ 19.140212898333012, 49.410555867055102 ], [ 19.016913692500939, 49.408947035937395 ], [ 18.952289051348004, 49.497038293956223 ], [ 18.851551020597427, 49.51718893547573 ], [ 18.798398669007383, 49.661298009950023 ], [ 18.612683533496526, 49.754738505044351 ], [ 18.575724146611829, 49.910422957243448 ], [ 18.326967652326157, 49.928493486701655 ], [ 18.03506107939371, 50.065772019856844 ], [ 17.843510831389281, 49.989814735148698 ], [ 17.654579408604707, 50.13423108931616 ], [ 17.736279737137142, 50.214247274652458 ], [ 17.728317119825761, 50.286230407267134 ], [ 17.429605127301027, 50.254512985168382 ], [ 16.907924285709935, 50.449454076315305 ], [ 16.885837294231926, 50.406872596175866 ], [ 16.995412202570485, 50.269822887256041 ], [ 16.714047805327933, 50.116210218928387 ], [ 16.580289973043303, 50.142788096592604 ], [ 16.50747719978958, 50.259613182103543 ], [ 16.246438114972303, 50.431303299705839 ], [ 16.412450131782364, 50.602671954994982 ], [ 16.107318043110627, 50.662073016856034 ], [ 16.029246709912908, 50.634632132401549 ], [ 15.80730848927638, 50.739624854814068 ], [ 15.376984481263436, 50.801499199158016 ], [ 15.242099654022422, 50.983897191955919 ], [ 15.072179248470244, 51.009693120981773 ], [ 14.975495677098825, 50.878695204442188 ], [ 14.823362000421843, 50.870550369710386 ], [ 14.997301495001389, 51.1375806774927 ], [ 15.022566269135904, 51.275857176333162 ], [ 14.931646348380989, 51.46649525601805 ], [ 14.729861788905849, 51.581777111834718 ], [ 14.737448991542264, 51.664883157027553 ], [ 14.611507325153317, 51.830392654412698 ], [ 14.755105497678588, 52.070084554396161 ], [ 14.695539768322707, 52.228865593551433 ], [ 14.600891329490961, 52.272052004073402 ], [ 14.5343618896098, 52.395008036768587 ], [ 14.630564102543461, 52.521818184750508 ], [ 14.565062982428881, 52.624496888479115 ], [ 14.164825372571222, 52.830544184625964 ], [ 14.143657760567709, 52.961368386374154 ], [ 14.349160455272711, 53.072938719465398 ], [ 14.412156848565401, 53.329636080550713 ], [ 14.268869316645684, 53.697923228028905 ], [ 14.492944928762682, 53.676243341006753 ], [ 14.596818395612273, 53.79120528685818 ], [ 14.545116645280713, 53.847520644881328 ], [ 14.213077566133476, 53.866479428798783 ], [ 14.226302139564433, 53.928652851752311 ], [ 16.140996565479259, 54.292739494547696 ], [ 16.653517380633627, 54.565227987268635 ], [ 17.245291514406858, 54.727675591685177 ], [ 17.666607013256041, 54.783231550864038 ], [ 18.332246569360805, 54.826013847355185 ], [ 18.541726747519117, 54.584479945115035 ], [ 18.608426490560433, 54.435138778666357 ], [ 18.950029652203053, 54.35831041146659 ], [ 19.184331799533037, 54.34691652815966 ], [ 19.256953176573528, 54.278460452863854 ] ] ] } },
{ "type": "Feature", "properties": { "id": "PT", "code": "PT", "name": "Portugal" }, "geometry": { "type": "MultiPolygon", "coordinates": [ [ [ [ -8.199102370838824, 41.921580072715997 ], [ -8.165075345114177, 41.818302138718735 ], [ -8.0518627247626, 41.820613920919243 ], [ -7.734402095573435, 41.902139739780026 ], [ -7.416413121340458, 41.827564133089844 ], [ -7.200464406593146, 41.879749416123516 ], [ -7.159142738516231, 41.973218458517344 ], [ -6.577088063113657, 41.935157455169552 ], [ -6.516592708080802, 41.682937809810227 ], [ -6.220442953834654, 41.59860633574057 ], [ -6.330944256272895, 41.395494831649685 ], [ -6.479713167971152, 41.294379828543576 ], [ -6.689786233769235, 41.205241370033022 ], [ -6.808730904469676, 41.055148108304117 ], [ -6.929864671971187, 41.029336226676442 ], [ -6.81851744296867, 40.862823984667884 ], [ -6.800541786856703, 40.361405435418249 ], [ -6.865144205992289, 40.270694538718956 ], [ -6.951298651414942, 40.25744601884152 ], [ -7.00652533722979, 40.159882534163451 ], [ -6.878365539490578, 39.975900763004319 ], [ -7.023810304523053, 39.687250149096627 ], [ -7.542845392253438, 39.662786088274117 ], [ -7.314967526576992, 39.455921231913607 ], [ -7.231467160491739, 39.278431032474202 ], [ -7.218372051735422, 39.208815638502323 ], [ -6.971092578303845, 39.02166330050494 ], [ -7.203134912971411, 38.751017484245104 ], [ -7.309237155380519, 38.458347325379449 ], [ -7.107952585830986, 38.188121610477872 ], [ -6.931738573305778, 38.208378039563719 ], [ -7.013750955423252, 38.040794515364546 ], [ -7.23674190689607, 37.963751622513854 ], [ -7.512691485940048, 37.52625635650903 ], [ -7.401590666096807, 37.174407959952077 ], [ -7.867919186424779, 36.990201915357552 ], [ -8.172903797399011, 37.081713313952868 ], [ -8.578383848636539, 37.113357731450229 ], [ -8.957320209023832, 37.018768746359811 ], [ -8.796265456326473, 37.442878622890703 ], [ -8.798414806184379, 37.860002973319034 ], [ -8.864480837152721, 37.979156281727789 ], [ -8.735019810091874, 38.515696454118157 ], [ -9.193087864446632, 38.447086682084901 ], [ -9.232766525578098, 38.660847425403055 ], [ -9.064202528931101, 38.65708272268639 ], [ -8.924880814020192, 38.758673868927985 ], [ -8.968465853926055, 38.827764841044058 ], [ -9.038893992257137, 38.858820742177215 ], [ -9.157960613081466, 38.709183476468588 ], [ -9.454868177883352, 38.706886753246678 ], [ -9.490672838470326, 38.774822014572244 ], [ -9.342949514946135, 39.349761946289718 ], [ -9.093898286342394, 39.577808780594978 ], [ -9.040260312990194, 39.741423027344233 ], [ -8.894932677084142, 40.045503150714076 ], [ -8.784029168841608, 40.520365045753636 ], [ -8.691377910524317, 40.687394785628392 ], [ -8.653128772097496, 40.964761514461827 ], [ -8.871530104464851, 41.863901135906957 ], [ -8.602654374634024, 42.053905473165607 ], [ -8.199000323681684, 42.154419059346353 ], [ -8.100540088964232, 42.037390006279097 ], [ -8.199102370838824, 41.921580072715997 ] ] ], [ [ [ -16.225756981823562, 33.096981653916451 ], [ -16.286605128412951, 33.041988321719721 ], [ -16.399079998451839, 33.085326476491694 ], [ -16.303550910220256, 33.13396630180852 ], [ -16.225756981823562, 33.096981653916451 ] ] ], [ [ [ -15.811574997686092, 30.101874056216499 ], [ -15.885986771098834, 30.100626031318583 ], [ -15.932931590584236, 30.142355033908487 ], [ -15.896945246360865, 30.190510780785779 ], [ -15.83838054757021, 30.196179346288041 ], [ -15.811574997686092, 30.101874056216499 ] ] ], [ [ [ -16.831051357406338, 32.64595044108929 ], [ -16.94926500976057, 32.635849033858086 ], [ -17.193675837090513, 32.728390286639623 ], [ -17.276538269394482, 32.816851282381108 ], [ -17.189344218638436, 32.86109008187907 ], [ -16.907555761936319, 32.82857356730122 ], [ -16.762157287839244, 32.731623082358297 ], [ -16.831051357406338, 32.64595044108929 ] ] ], [ [ [ -25.812283699544885, 37.902133993308084 ], [ -25.604016413285041, 37.824537366072029 ], [ -25.198617740442767, 37.862412572124093 ], [ -25.114128590535383, 37.796246079038632 ], [ -25.482585655533565, 37.702733240899931 ], [ -25.743653061009127, 37.750159791910932 ], [ -25.887692937745769, 37.865979956365223 ], [ -25.812283699544885, 37.902133993308084 ] ] ], [ [ [ -24.997742921985182, 36.944441150411301 ], [ -25.129405972074412, 36.934105336708292 ], [ -25.19128172663493, 36.974315162812978 ], [ -25.066938456123644, 37.017862316975815 ], [ -24.997742921985182, 36.944441150411301 ] ] ], [ [ [ -27.024054325371193, 38.686773851171232 ], [ -27.266587407073583, 38.638858611799449 ], [ -27.413868812647383, 38.751462419260868 ], [ -27.319141260210817, 38.808939883672579 ], [ -27.146670627008891, 38.804717007905353 ], [ -27.024054325371193, 38.686773851171232 ] ] ], [ [ [ -27.920924409670604, 39.042313311834469 ], [ -27.996349084732469, 39.000469106814641 ], [ -28.094616554619915, 39.042440168743497 ], [ -27.984957584290804, 39.093380400637663 ], [ -27.920924409670604, 39.042313311834469 ] ] ], [ [ [ -27.931680601500251, 38.600706230684771 ], [ -28.039603559637801, 38.580405806306608 ], [ -28.155575687949149, 38.653448467288925 ], [ -28.024618532478829, 38.688789935685122 ], [ -27.931680601500251, 38.600706230684771 ] ] ], [ [ [ -28.323564736006855, 38.402551318925724 ], [ -28.459278997052799, 38.386119541048082 ], [ -28.865070454825638, 38.617812938897735 ], [ -28.629409939073042, 38.649595867882191 ], [ -28.323564736006855, 38.402551318925724 ] ] ], [ [ [ -31.052706325681402, 39.70390782068948 ], [ -31.106103239084238, 39.631599562337627 ], [ -31.17688433330116, 39.707567234727918 ], [ -31.110935174786473, 39.761711885962669 ], [ -31.052706325681402, 39.70390782068948 ] ] ], [ [ [ -31.119804405145029, 39.445611837531125 ], [ -31.213963230305321, 39.355602389363675 ], [ -31.29250328465357, 39.455194925042335 ], [ -31.217363430604394, 39.526687552649229 ], [ -31.119804405145029, 39.445611837531125 ] ] ] ] } },
{ "type": "Feature", "properties": { "id": "RO", "code": "RO", "name": "România" }, "geometry": { "type": "Polygon", "coordinates": [ [ [ 27.174519283944306, 47.943391391267426 ], [ 27.391166482437068, 47.589397348325967 ], [ 27.583645267977719, 47.375934380571017 ], [ 27.747395087508391, 47.264778238210489 ], [ 27.831098042179036, 47.119856147458812 ], [ 28.036803403226529, 47.028969892846746 ], [ 28.110349477549128, 46.9231929220323 ], [ 28.113805604905085, 46.838411042999326 ], [ 28.244513117663686, 46.63660599321102 ], [ 28.23499278741194, 46.390073366827501 ], [ 28.125923097410535, 46.247021871676054 ], [ 28.113114528973671, 46.113287587169388 ], [ 28.155940325584471, 45.716898560557475 ], [ 28.114926976996681, 45.604196786707206 ], [ 28.211359774254689, 45.467279942410912 ], [ 28.376424345525656, 45.314916851568363 ], [ 28.697815405418215, 45.230048975274741 ], [ 29.226747471263781, 45.425265358172332 ], [ 29.439652548866938, 45.435812478556834 ], [ 29.630580831042035, 45.348834555543995 ], [ 29.679639740192773, 45.211837821780009 ], [ 29.575284696169124, 44.827708409080451 ], [ 29.172699328939107, 44.777871470903605 ], [ 28.994085056625188, 44.679625378204477 ], [ 28.638972677321178, 44.305145747638463 ], [ 28.655239221552097, 43.984493315921299 ], [ 28.57886540207587, 43.738696446706165 ], [ 28.113114529359663, 43.798596731839396 ], [ 27.999943682209139, 43.854747741148834 ], [ 27.924004622493396, 43.98787781863313 ], [ 27.695410010063529, 43.987342921266574 ], [ 27.394614923157803, 44.02155446797736 ], [ 27.271340275074547, 44.126335360923363 ], [ 26.949016691319912, 44.138401688120219 ], [ 26.699290346170187, 44.080499636655105 ], [ 26.358182171159669, 44.037160479522399 ], [ 26.118712478901209, 43.966670973526668 ], [ 25.672200966511038, 43.688148660396756 ], [ 25.54453953915834, 43.642845489064364 ], [ 25.296372664845077, 43.655419159732091 ], [ 24.491961181303459, 43.75295609799101 ], [ 24.323522460244565, 43.697685880485892 ], [ 24.112043469078795, 43.69994591813375 ], [ 23.63039276549237, 43.791049821134834 ], [ 23.40964276548462, 43.849912641252708 ], [ 22.997170932086586, 43.807867625668692 ], [ 22.859041655684848, 43.898197567856805 ], [ 22.892518655659924, 43.975891153072645 ], [ 23.01855179545786, 44.034917948581352 ], [ 22.966368951627395, 44.098288519061633 ], [ 22.675161314798697, 44.215662905919601 ], [ 22.498303775858499, 44.44001848818386 ], [ 22.678622671282419, 44.548333084488036 ], [ 22.653216734592107, 44.602822745813086 ], [ 22.429139485221345, 44.69341731447458 ], [ 22.159088759548712, 44.503865715546787 ], [ 22.012350642172681, 44.602318527698813 ], [ 21.664827398480874, 44.663303985953512 ], [ 21.573019354862716, 44.751598795339902 ], [ 21.358469960517478, 44.821612129442833 ], [ 21.539709138832819, 44.900320022980658 ], [ 21.405640680171718, 45.002657767073558 ], [ 21.503999815847106, 45.131135623796006 ], [ 21.479178678685173, 45.193027653081352 ], [ 21.016575129315974, 45.324627569155417 ], [ 20.819630130248587, 45.491157041760751 ], [ 20.783088081496931, 45.631652716863449 ], [ 20.806875709552099, 45.756307245839544 ], [ 20.662833076636527, 45.794116085739503 ], [ 20.264296224765818, 46.126373643191954 ], [ 20.705303478874171, 46.160937350966272 ], [ 20.775600194482472, 46.275909916160835 ], [ 21.04128001954172, 46.25158220448936 ], [ 21.155802178113145, 46.308366748693693 ], [ 21.293305446736365, 46.430624462158541 ], [ 21.314099507611033, 46.597395896694401 ], [ 21.441398021259612, 46.651467104929772 ], [ 21.658955200081223, 47.022131523723623 ], [ 21.798781904559362, 47.132297528949465 ], [ 22.128230234699458, 47.59808935441886 ], [ 22.180837315509567, 47.60009435743855 ], [ 22.271069142245565, 47.721615402929096 ], [ 22.693776774486114, 47.802332676646081 ], [ 22.896270513298973, 47.954120534091558 ], [ 23.210174042696906, 48.094941290055409 ], [ 23.493605066501228, 47.967811649463144 ], [ 23.564264746758511, 48.007020216542941 ], [ 24.22150158572919, 47.90187170293126 ], [ 24.562784813098144, 47.968482115712909 ], [ 24.921658615479124, 47.726723058151833 ], [ 25.0922289223065, 47.750349864021779 ], [ 25.303419555669585, 47.910244649415127 ], [ 26.098827336191899, 47.978795830716606 ], [ 26.213572018062358, 48.024222685773033 ], [ 26.351127204229719, 48.182030900577317 ], [ 26.630559912278823, 48.259750026229938 ], [ 26.807912517757956, 48.245481052171236 ], [ 27.028315637378103, 48.137354152407163 ], [ 27.174519283944306, 47.943391391267426 ] ] ] } },
{ "type": "Feature", "properties": { "id": "RS", "code": "RS", "name": "Serbia" }, "geometry": { "type": "Polygon", "coordinates": [ [ [ 20.264296224765818, 46.126373643191954 ], [ 20.662833076636527, 45.794116085739503 ], [ 20.806875709552099, 45.756307245839544 ], [ 20.783088081496931, 45.631652716863449 ], [ 20.819630130248587, 45.491157041760751 ], [ 21.016575129315974, 45.324627569155417 ], [ 21.479178678685173, 45.193027653081352 ], [ 21.503999815847106, 45.131135623796006 ], [ 21.405640680171718, 45.002657767073558 ], [ 21.539709138832819, 44.900320022980658 ], [ 21.358469960517478, 44.821612129442833 ], [ 21.573019354862716, 44.751598795339902 ], [ 21.664827398480874, 44.663303985953512 ], [ 22.012350642172681, 44.602318527698813 ], [ 22.159088759548712, 44.503865715546787 ], [ 22.429139485221345, 44.69341731447458 ], [ 22.653216734592107, 44.602822745813086 ], [ 22.678622671282419, 44.548333084488036 ], [ 22.498303775858499, 44.44001848818386 ], [ 22.675161314798697, 44.215662905919601 ], [ 22.536145114450662, 44.045511571783145 ], [ 22.430308629328749, 44.008408679794336 ], [ 22.367156685608844, 43.817735036725573 ], [ 22.536577007525587, 43.482445141484064 ], [ 22.666975488733261, 43.402747534159275 ], [ 22.7474537952559, 43.386613169232881 ], [ 23.006209801678111, 43.192878429046175 ], [ 22.748399735061533, 42.889787668292826 ], [ 22.515510739200675, 42.868538577692362 ], [ 22.442821703155978, 42.825456536578827 ], [ 22.461471801884823, 42.648490434563215 ], [ 22.538409793015134, 42.446431742702913 ], [ 22.360206291819384, 42.311157164360239 ], [ 22.275177589384462, 42.35837034096523 ], [ 22.1326913734713, 42.307227009753447 ], [ 22.065600963443334, 42.298496897187484 ], [ 21.951333552220763, 42.330061764895191 ], [ 21.675934671101064, 42.240684998158741 ], [ 21.586946401889598, 42.26281763852085 ], [ 21.543733416715241, 42.349603528459724 ], [ 21.729237325285524, 42.553690718288131 ], [ 21.753408842863891, 42.700946489855966 ], [ 21.500397355843404, 42.734388808520173 ], [ 21.437570629464904, 42.782911778302335 ], [ 21.435115561823661, 42.872275448722391 ], [ 21.289193645780358, 42.904485094736984 ], [ 21.120312252581392, 43.103564884841838 ], [ 20.967010106428965, 43.124408934326745 ], [ 20.923563868599874, 43.146082526931892 ], [ 20.819748716494423, 43.272466521427454 ], [ 20.62055254262636, 43.199489634579102 ], [ 20.674599052185961, 43.076401949130023 ], [ 20.513752172819625, 42.948238941851393 ], [ 20.538279665549773, 42.883174371622765 ], [ 20.442032664469348, 42.837075755841518 ], [ 20.352928393310513, 42.833381369122392 ], [ 20.063936273520447, 43.006824145680859 ], [ 19.573099914347157, 43.244879261391048 ], [ 19.224123169478361, 43.527485998026748 ], [ 19.493891239027583, 43.634288771351386 ], [ 19.482911888480189, 43.728235847726758 ], [ 19.289543329386845, 43.959937252244714 ], [ 19.538675090546469, 44.009454883343338 ], [ 19.497113024463275, 44.099052842694618 ], [ 19.130508669089693, 44.346600154689895 ], [ 19.143430868183987, 44.506073995548348 ], [ 19.300648401070937, 44.699012547632456 ], [ 19.351161595427993, 44.889059352169198 ], [ 19.175003794064395, 44.912396325417433 ], [ 19.022069416566858, 44.855353935858737 ], [ 19.015174366812811, 44.897311115599763 ], [ 19.12915645598677, 44.946331283352364 ], [ 19.102741742356482, 45.114799485687286 ], [ 19.228016445474442, 45.181959109626341 ], [ 19.42525675518722, 45.167717515388475 ], [ 19.396504645333259, 45.226193590672807 ], [ 19.006952593461367, 45.367975457717769 ], [ 19.005261752422548, 45.434630634084492 ], [ 19.062750391729626, 45.527687771428369 ], [ 18.930541004809093, 45.567537479726852 ], [ 18.959255696339238, 45.731861338844439 ], [ 18.872714159595638, 45.820678086362562 ], [ 18.889734226918243, 45.921180385274695 ], [ 19.023358659648615, 45.936491362855882 ], [ 19.11061960656118, 46.017029947409547 ], [ 19.302709396396335, 45.991550553510166 ], [ 19.572542475865731, 46.167764917449524 ], [ 19.698098775235206, 46.187930896303286 ], [ 19.865389789565892, 46.150334617041786 ], [ 20.264296224765818, 46.126373643191954 ] ], [ [ 19.347189316383293, 43.562466938166153 ], [ 19.454088854909052, 43.512720536601741 ], [ 19.518315675055348, 43.563644411974586 ], [ 19.444387749578528, 43.606966591728849 ], [ 19.347189316383293, 43.562466938166153 ] ] ] } },
{ "type": "Feature", "properties": { "id": "SE", "code": "SE", "name": "Sverige" }, "geometry": { "type": "MultiPolygon", "coordinates": [ [ [ [ 24.144676147564731, 65.732706036908951 ], [ 24.098021482625882, 65.627225881789286 ], [ 24.008687176526141, 65.654354966304112 ], [ 24.078939268562781, 65.734913256123107 ], [ 24.144676147564731, 65.732706036908951 ] ] ], [ [ [ 22.053522731217431, 68.483869087472257 ], [ 23.049907458974477, 68.30041278309308 ], [ 23.180750202532735, 68.147889339295205 ], [ 23.617683719689861, 67.96632187497903 ], [ 23.489258517008334, 67.838511969072442 ], [ 23.539711789053673, 67.60872410775427 ], [ 23.423764957343082, 67.487200351023603 ], [ 23.731659535959814, 67.428912763561257 ], [ 23.739526410748443, 67.336203049663041 ], [ 23.560577261153142, 67.238147336138852 ], [ 23.582337686882052, 67.154583528971173 ], [ 23.970860287339796, 66.832892979146294 ], [ 23.84058221864548, 66.559982986290819 ], [ 23.678511981607564, 66.46018556742267 ], [ 23.66507874527467, 66.288472045026865 ], [ 23.736720708435648, 66.20204120768345 ], [ 23.910885322401676, 66.145490020659352 ], [ 24.0501583442392, 65.986337483524053 ], [ 24.155129181097941, 65.816027029809277 ], [ 23.750675221308143, 65.720524799518813 ], [ 23.635587999118091, 65.802396791866599 ], [ 23.387217413822366, 65.784740346581884 ], [ 22.935744605111452, 65.679949116962277 ], [ 22.852083121047066, 65.773145009694204 ], [ 22.407875185624373, 65.816068442690536 ], [ 22.346592606229482, 65.743939402159057 ], [ 22.32884822157208, 65.561515179248403 ], [ 22.194062827231662, 65.440569660664679 ], [ 21.972304580178783, 65.499458210016172 ], [ 21.888143347066933, 65.34092315381281 ], [ 21.778466714166925, 65.395798165873359 ], [ 21.634396061867687, 65.380928946189442 ], [ 21.5167088180024, 65.073636008114377 ], [ 21.111003306888019, 64.79795134954152 ], [ 21.241459835155915, 64.713523519462896 ], [ 21.261513854410516, 64.619888499864572 ], [ 21.395620127604243, 64.579207856051056 ], [ 21.542890225633901, 64.424695240951777 ], [ 20.990127016078066, 64.134620991457055 ], [ 20.734508085982913, 63.867701672896992 ], [ 20.389109654324287, 63.677936520644352 ], [ 20.02313120478572, 63.645671422660456 ], [ 19.689202078744742, 63.465528666680505 ], [ 19.484862150098426, 63.551002978734395 ], [ 19.483696171880617, 63.443539653388314 ], [ 19.286483882044791, 63.469737507105656 ], [ 19.229333797968341, 63.355127930926557 ], [ 19.03882661926572, 63.213510453804005 ], [ 18.623064573921763, 63.146779468428193 ], [ 18.666730200374825, 63.021664053785912 ], [ 18.542049234819224, 63.002035423796485 ], [ 18.388269266137158, 62.859647394448089 ], [ 18.234135062636017, 62.857127798991982 ], [ 18.012139433116268, 62.589240053377438 ], [ 17.647491312454829, 62.439609524994331 ], [ 17.510257687428947, 62.459830341321847 ], [ 17.461580729819893, 62.311696442808724 ], [ 17.489299915586155, 62.13695038653097 ], [ 17.363513000240705, 61.905565429324142 ], [ 17.407750611275926, 61.692076848517253 ], [ 17.243661751834864, 61.68820362565733 ], [ 17.143047022922158, 61.616472640801987 ], [ 17.185218532145878, 60.969191103666105 ], [ 17.279723549071992, 60.828402600660304 ], [ 17.253521909097007, 60.705692160499112 ], [ 17.370110049420123, 60.654441775837164 ], [ 17.684492048576782, 60.565086518127913 ], [ 17.953139244051808, 60.606159665604373 ], [ 18.281601514890585, 60.370100880108012 ], [ 18.452227401282595, 60.435219614208854 ], [ 18.568376201390343, 60.353646217160197 ], [ 18.513265769258705, 60.148089051373873 ], [ 18.76532946088502, 60.167408105375237 ], [ 19.101137235032418, 59.771351239131491 ], [ 18.895232595312411, 59.660753374297386 ], [ 18.748112185200167, 59.264792373621447 ], [ 18.590183177714049, 59.219610747454652 ], [ 18.547851572103866, 59.066757529414573 ], [ 18.427028641711431, 59.034096356207471 ], [ 18.33764188658558, 59.093449405760168 ], [ 18.200936743785782, 59.078055333340004 ], [ 17.865671883125685, 58.85762139374927 ], [ 17.57239609753551, 58.950852406549394 ], [ 17.606039242833607, 58.860934728448463 ], [ 17.381112495804775, 58.746353874775117 ], [ 17.087550360325757, 58.733826338275414 ], [ 16.952879912731422, 58.617599228440405 ], [ 16.749447249686931, 58.626945073985745 ], [ 16.907817977886133, 58.403394899073845 ], [ 16.861587044568921, 58.270421019208072 ], [ 16.931706771353582, 58.169496681320673 ], [ 16.666730797749331, 57.996029701561042 ], [ 16.75318386337473, 57.951555900510741 ], [ 16.748574642155191, 57.856139790549364 ], [ 16.582589312157573, 57.59947793818867 ], [ 16.712498481411643, 57.52365379916683 ], [ 16.519287866756983, 57.245776580197685 ], [ 16.464481649339778, 56.832399172366323 ], [ 16.049756803438029, 56.321848407440655 ], [ 15.805754015546425, 56.059657066167965 ], [ 15.75799069195773, 56.136533626107777 ], [ 15.589828977720495, 56.189370332026527 ], [ 15.352012441480904, 56.139613361645146 ], [ 14.74536845930818, 56.157927124130673 ], [ 14.756464464884132, 56.032102574756941 ], [ 14.705743288474713, 56.001871693477732 ], [ 14.546399421657609, 56.061317655991928 ], [ 14.237883727524169, 55.823444710990202 ], [ 14.228731753655472, 55.712451548995645 ], [ 14.326877292650913, 55.539093698865791 ], [ 14.202139324515148, 55.412876573256426 ], [ 13.731662265633762, 55.421120051683005 ], [ 13.356705369527223, 55.349244434745309 ], [ 13.028060926165892, 55.407396047868914 ], [ 12.929445623355669, 55.539403875237291 ], [ 13.007144127661558, 55.710107119452651 ], [ 12.562766499293252, 56.219902784825798 ], [ 12.774793733458923, 56.24428578496326 ], [ 12.696554480725075, 56.411723276003556 ], [ 12.899312826293668, 56.449004502844211 ], [ 12.93343647049522, 56.491587374835916 ], [ 12.895980167537083, 56.624128514065475 ], [ 12.724950722199726, 56.656040501822091 ], [ 12.573299404335552, 56.838130463879686 ], [ 12.374622699525872, 56.928350086210443 ], [ 12.188303273150623, 57.206330247296997 ], [ 12.113960206282762, 57.226930740239055 ], [ 12.094957691178863, 57.39435178646648 ], [ 11.943736146584246, 57.36482623287705 ], [ 11.922900753585283, 57.562223015194483 ], [ 11.758311085721628, 57.591315031827811 ], [ 11.747249725255353, 57.699903016002345 ], [ 11.624324816557333, 57.776153683205408 ], [ 11.632436877487198, 58.085304307729373 ], [ 11.470945993604733, 58.093028673434858 ], [ 11.478818437689894, 58.249565674601143 ], [ 11.240313898770683, 58.449417579426544 ], [ 11.134720047672431, 58.876436433138778 ], [ 11.244846109501708, 59.091874774589712 ], [ 11.327082917523542, 59.111570131096258 ], [ 11.460796336170777, 58.988637874484631 ], [ 11.483599847809957, 58.891789817750315 ], [ 11.635764079495662, 58.909924699100671 ], [ 11.826196491599896, 59.237850055398525 ], [ 11.816781937461815, 59.337854839088493 ], [ 11.707313955808907, 59.583643914064673 ], [ 11.921263389505329, 59.697427316302566 ], [ 11.919410902132496, 59.778298333548229 ], [ 11.839814230042647, 59.840672274460687 ], [ 12.208750908485026, 59.907280870601717 ], [ 12.466694414315253, 60.071112027323721 ], [ 12.600887725757561, 60.492545263532762 ], [ 12.247105362826012, 61.001935518796685 ], [ 12.670176624040115, 61.05597642255367 ], [ 12.850415584064788, 61.35826162651059 ], [ 12.588154145503893, 61.551014300198105 ], [ 12.405438822097548, 61.576307553751114 ], [ 12.162955260132588, 61.718815764913543 ], [ 12.231717721333466, 62.039733365802029 ], [ 12.299370194289882, 62.267493986114701 ], [ 12.07317222686371, 62.613401585825322 ], [ 12.124060264208129, 62.748747202937601 ], [ 12.091942253134162, 62.898342358299232 ], [ 12.192861209717631, 63.017643760263425 ], [ 11.996040025440662, 63.2652462326989 ], [ 12.188845282718159, 63.466316254509913 ], [ 12.174658920574968, 63.598279895452542 ], [ 12.667978560495451, 63.960408002495846 ], [ 12.925361091403346, 64.054539081911841 ], [ 13.221591932174146, 64.092155698968 ], [ 13.986239349537984, 64.032707733068349 ], [ 14.143977138921672, 64.20160941752701 ], [ 14.11682811998441, 64.420718950803618 ], [ 13.686254923726164, 64.576504317197745 ], [ 13.796693177963201, 64.7135235201401 ], [ 14.325984923806821, 65.118915970255543 ], [ 14.496796069072559, 65.32595480595343 ], [ 14.516209666601283, 65.593844307868665 ], [ 14.609683066247026, 65.806526106539039 ], [ 14.538795822966136, 66.064439179793581 ], [ 14.558430991422183, 66.131414162047889 ], [ 15.033002803955942, 66.156855201714365 ], [ 15.413124449124082, 66.262332777159159 ], [ 15.453994737947466, 66.345233502675413 ], [ 15.455369092224924, 66.521939220615209 ], [ 16.373855485179252, 67.065738365581439 ], [ 16.383272413703882, 67.196432409287098 ], [ 16.128493286011082, 67.419871380284278 ], [ 16.149895481966368, 67.493278034869448 ], [ 16.510299233864451, 67.622942142975262 ], [ 16.779921144679438, 67.919265801904601 ], [ 17.238873373034707, 68.090961690066663 ], [ 17.926126715352293, 68.008619636156581 ], [ 18.124546980296778, 68.205327410004671 ], [ 18.125925245692624, 68.536515955763804 ], [ 18.410969091789998, 68.573390534162314 ], [ 19.943272758059827, 68.378695749091847 ], [ 20.114517103603159, 68.460508197606373 ], [ 20.041310264518028, 68.565476043793097 ], [ 20.218125576741205, 68.69263259660201 ], [ 20.296467910994771, 68.823220716027294 ], [ 20.195390051244804, 69.02233196040082 ], [ 20.548636558941542, 69.059968546070451 ], [ 20.793191413914276, 69.019794583630912 ], [ 20.904864794877149, 68.902831615162029 ], [ 21.370750119398384, 68.756772344678524 ], [ 21.429676698735726, 68.693355459526614 ], [ 21.627544140019364, 68.65883151227338 ], [ 21.730148664901137, 68.594176185769513 ], [ 21.899858158799717, 68.577330776964388 ], [ 22.053522731217431, 68.483869087472257 ] ] ], [ [ [ 22.723070358583058, 65.516232726943926 ], [ 22.510035767937815, 65.485652210094102 ], [ 22.578321001808416, 65.609295713460824 ], [ 22.666967652461018, 65.584565396608824 ], [ 22.723070358583058, 65.516232726943926 ] ] ], [ [ [ 22.463220646793843, 65.330099559345598 ], [ 22.390202271653191, 65.260813264927336 ], [ 22.291911396255561, 65.299219082236561 ], [ 22.379881250903566, 65.35316489797232 ], [ 22.463220646793843, 65.330099559345598 ] ] ], [ [ [ 19.362261044764367, 57.967878624516864 ], [ 19.304068025421088, 57.903387055254434 ], [ 19.226606371719861, 57.959721166225052 ], [ 19.303890131106645, 58.022350561933017 ], [ 19.362261044764367, 57.967878624516864 ] ] ], [ [ [ 19.338457581188017, 58.356768297239213 ], [ 19.252911843500737, 58.315819163040644 ], [ 19.157968111445712, 58.363625549355092 ], [ 19.257310099497886, 58.405072275776661 ], [ 19.338457581188017, 58.356768297239213 ] ] ], [ [ [ 19.577796916212748, 59.450587159621186 ], [ 19.528466778576792, 59.394167060757852 ], [ 19.42535076415373, 59.437628418318155 ], [ 19.50214152211576, 59.497798831252403 ], [ 19.577796916212748, 59.450587159621186 ] ] ], [ [ [ 20.930418477887002, 63.715292522944551 ], [ 20.870939511328967, 63.685889993458439 ], [ 20.814154396768142, 63.782995084072532 ], [ 20.913655788423004, 63.80704922508626 ], [ 20.930418477887002, 63.715292522944551 ] ] ], [ [ [ 18.404724998337603, 57.025129009591517 ], [ 18.21715535777474, 56.990242331238541 ], [ 18.069837917718974, 57.236316361454833 ], [ 18.164652334625057, 57.538061509456277 ], [ 18.421764990320494, 57.759940043944248 ], [ 18.974966185252395, 57.869941203420439 ], [ 18.796563046407396, 57.353409764231607 ], [ 18.404724998337603, 57.025129009591517 ] ] ], [ [ [ 18.964819433104726, 59.356234888746926 ], [ 18.883243571669485, 59.338229292983343 ], [ 18.844402698522586, 59.434231876812611 ], [ 18.950778309011529, 59.432928762582833 ], [ 18.964819433104726, 59.356234888746926 ] ] ], [ [ [ 18.361583232744529, 58.946562677313935 ], [ 18.298620242528745, 58.887000629267433 ], [ 18.222635555828308, 58.947097730306616 ], [ 18.308758213604047, 59.00311615440247 ], [ 18.361583232744529, 58.946562677313935 ] ] ], [ [ [ 17.016173851672537, 57.122809216179164 ], [ 16.434692801287778, 56.239631802194296 ], [ 16.346636048303772, 56.464270153027542 ], [ 16.956504346630489, 57.264950668553368 ], [ 17.067857470680337, 57.313212736990906 ], [ 17.016173851672537, 57.122809216179164 ] ] ], [ [ [ 17.243744457393497, 58.669987238479059 ], [ 17.198465418720211, 58.618076731293847 ], [ 17.079692843918153, 58.621405090725794 ], [ 17.144746497789242, 58.70054849773134 ], [ 17.243744457393497, 58.669987238479059 ] ] ], [ [ [ 17.763711609365551, 62.199116310763564 ], [ 17.687720504242886, 62.157720429398395 ], [ 17.65455213559089, 62.169882086234374 ], [ 17.643970050442828, 62.209536679767069 ], [ 17.689784881820277, 62.253655472061546 ], [ 17.785330118686282, 62.229752675607173 ], [ 17.763711609365551, 62.199116310763564 ] ] ], [ [ [ 17.652712896409078, 62.220272175480162 ], [ 17.581448487509661, 62.162917625805783 ], [ 17.519471686175443, 62.244301361472338 ], [ 17.592261525148974, 62.282096808477903 ], [ 17.652712896409078, 62.220272175480162 ] ] ], [ [ [ 12.909736628888609, 55.417322140217131 ], [ 12.85942820747842, 55.349083993829943 ], [ 12.790875600993111, 55.400927553720862 ], [ 12.861722596453484, 55.485184302299892 ], [ 12.909736628888609, 55.417322140217131 ] ] ] ] } }
]
}
